title:NAUALLI PURSUITS

// Mint Retrograde - GOD PVE (god-pve)
//notes: MW=BLAST>VELOCITY>RELOAD>HANDLING>STABILITY tags:god-pve
dimwishlist:item=42435996&perks=1478423395,1087426260,3418782618,3081867624
dimwishlist:item=42435996&perks=1478423395,1087426260,3418782618,2963273944
dimwishlist:item=42435996&perks=1478423395,1087426260,3418782618,2396489472
dimwishlist:item=42435996&perks=1478423395,1087426260,3418782618,598607952
dimwishlist:item=42435996&perks=1478423395,1087426260,3418782618,1089671869
dimwishlist:item=42435996&perks=1478423395,1087426260,3418782618,496047945
dimwishlist:item=42435996&perks=1478423395,1087426260,1563455254,3081867624
dimwishlist:item=42435996&perks=1478423395,1087426260,1563455254,2963273944
dimwishlist:item=42435996&perks=1478423395,1087426260,1563455254,2396489472
dimwishlist:item=42435996&perks=1478423395,1087426260,1563455254,598607952
dimwishlist:item=42435996&perks=1478423395,1087426260,1563455254,1089671869
dimwishlist:item=42435996&perks=1478423395,1087426260,1563455254,496047945
dimwishlist:item=42435996&perks=1478423395,1065371964,3418782618,3081867624
dimwishlist:item=42435996&perks=1478423395,1065371964,3418782618,2963273944
dimwishlist:item=42435996&perks=1478423395,1065371964,3418782618,2396489472
dimwishlist:item=42435996&perks=1478423395,1065371964,3418782618,598607952
dimwishlist:item=42435996&perks=1478423395,1065371964,3418782618,1089671869
dimwishlist:item=42435996&perks=1478423395,1065371964,3418782618,496047945
dimwishlist:item=42435996&perks=1478423395,1065371964,1563455254,3081867624
dimwishlist:item=42435996&perks=1478423395,1065371964,1563455254,2963273944
dimwishlist:item=42435996&perks=1478423395,1065371964,1563455254,2396489472
dimwishlist:item=42435996&perks=1478423395,1065371964,1563455254,598607952
dimwishlist:item=42435996&perks=1478423395,1065371964,1563455254,1089671869
dimwishlist:item=42435996&perks=1478423395,1065371964,1563455254,496047945
dimwishlist:item=42435996&perks=1478423395,106909392,3418782618,3081867624
dimwishlist:item=42435996&perks=1478423395,106909392,3418782618,2963273944
dimwishlist:item=42435996&perks=1478423395,106909392,3418782618,2396489472
dimwishlist:item=42435996&perks=1478423395,106909392,3418782618,598607952
dimwishlist:item=42435996&perks=1478423395,106909392,3418782618,1089671869
dimwishlist:item=42435996&perks=1478423395,106909392,3418782618,496047945
dimwishlist:item=42435996&perks=1478423395,106909392,1563455254,3081867624
dimwishlist:item=42435996&perks=1478423395,106909392,1563455254,2963273944
dimwishlist:item=42435996&perks=1478423395,106909392,1563455254,2396489472
dimwishlist:item=42435996&perks=1478423395,106909392,1563455254,598607952
dimwishlist:item=42435996&perks=1478423395,106909392,1563455254,1089671869
dimwishlist:item=42435996&perks=1478423395,106909392,1563455254,496047945
dimwishlist:item=42435996&perks=1478423395,1783397184,3418782618,3081867624
dimwishlist:item=42435996&perks=1478423395,1783397184,3418782618,2963273944
dimwishlist:item=42435996&perks=1478423395,1783397184,3418782618,2396489472
dimwishlist:item=42435996&perks=1478423395,1783397184,3418782618,598607952
dimwishlist:item=42435996&perks=1478423395,1783397184,3418782618,1089671869
dimwishlist:item=42435996&perks=1478423395,1783397184,3418782618,496047945
dimwishlist:item=42435996&perks=1478423395,1783397184,1563455254,3081867624
dimwishlist:item=42435996&perks=1478423395,1783397184,1563455254,2963273944
dimwishlist:item=42435996&perks=1478423395,1783397184,1563455254,2396489472
dimwishlist:item=42435996&perks=1478423395,1783397184,1563455254,598607952
dimwishlist:item=42435996&perks=1478423395,1783397184,1563455254,1089671869
dimwishlist:item=42435996&perks=1478423395,1783397184,1563455254,496047945
dimwishlist:item=42435996&perks=1478423395,2822142346,3418782618,3081867624
dimwishlist:item=42435996&perks=1478423395,2822142346,3418782618,2963273944
dimwishlist:item=42435996&perks=1478423395,2822142346,3418782618,2396489472
dimwishlist:item=42435996&perks=1478423395,2822142346,3418782618,598607952
dimwishlist:item=42435996&perks=1478423395,2822142346,3418782618,1089671869
dimwishlist:item=42435996&perks=1478423395,2822142346,3418782618,496047945
dimwishlist:item=42435996&perks=1478423395,2822142346,1563455254,3081867624
dimwishlist:item=42435996&perks=1478423395,2822142346,1563455254,2963273944
dimwishlist:item=42435996&perks=1478423395,2822142346,1563455254,2396489472
dimwishlist:item=42435996&perks=1478423395,2822142346,1563455254,598607952
dimwishlist:item=42435996&perks=1478423395,2822142346,1563455254,1089671869
dimwishlist:item=42435996&perks=1478423395,2822142346,1563455254,496047945
dimwishlist:item=42435996&perks=1478423395,2108812838,3418782618,3081867624
dimwishlist:item=42435996&perks=1478423395,2108812838,3418782618,2963273944
dimwishlist:item=42435996&perks=1478423395,2108812838,3418782618,2396489472
dimwishlist:item=42435996&perks=1478423395,2108812838,3418782618,598607952
dimwishlist:item=42435996&perks=1478423395,2108812838,3418782618,1089671869
dimwishlist:item=42435996&perks=1478423395,2108812838,3418782618,496047945
dimwishlist:item=42435996&perks=1478423395,2108812838,1563455254,3081867624
dimwishlist:item=42435996&perks=1478423395,2108812838,1563455254,2963273944
dimwishlist:item=42435996&perks=1478423395,2108812838,1563455254,2396489472
dimwishlist:item=42435996&perks=1478423395,2108812838,1563455254,598607952
dimwishlist:item=42435996&perks=1478423395,2108812838,1563455254,1089671869
dimwishlist:item=42435996&perks=1478423395,2108812838,1563455254,496047945
dimwishlist:item=42435996&perks=1478423395,3230963543,3418782618,3081867624
dimwishlist:item=42435996&perks=1478423395,3230963543,3418782618,2963273944
dimwishlist:item=42435996&perks=1478423395,3230963543,3418782618,2396489472
dimwishlist:item=42435996&perks=1478423395,3230963543,3418782618,598607952
dimwishlist:item=42435996&perks=1478423395,3230963543,3418782618,1089671869
dimwishlist:item=42435996&perks=1478423395,3230963543,3418782618,496047945
dimwishlist:item=42435996&perks=1478423395,3230963543,1563455254,3081867624
dimwishlist:item=42435996&perks=1478423395,3230963543,1563455254,2963273944
dimwishlist:item=42435996&perks=1478423395,3230963543,1563455254,2396489472
dimwishlist:item=42435996&perks=1478423395,3230963543,1563455254,598607952
dimwishlist:item=42435996&perks=1478423395,3230963543,1563455254,1089671869
dimwishlist:item=42435996&perks=1478423395,3230963543,1563455254,496047945
dimwishlist:item=42435996&perks=1478423395,1709045111,3418782618,3081867624
dimwishlist:item=42435996&perks=1478423395,1709045111,3418782618,2963273944
dimwishlist:item=42435996&perks=1478423395,1709045111,3418782618,2396489472
dimwishlist:item=42435996&perks=1478423395,1709045111,3418782618,598607952
dimwishlist:item=42435996&perks=1478423395,1709045111,3418782618,1089671869
dimwishlist:item=42435996&perks=1478423395,1709045111,3418782618,496047945
dimwishlist:item=42435996&perks=1478423395,1709045111,1563455254,3081867624
dimwishlist:item=42435996&perks=1478423395,1709045111,1563455254,2963273944
dimwishlist:item=42435996&perks=1478423395,1709045111,1563455254,2396489472
dimwishlist:item=42435996&perks=1478423395,1709045111,1563455254,598607952
dimwishlist:item=42435996&perks=1478423395,1709045111,1563455254,1089671869
dimwishlist:item=42435996&perks=1478423395,1709045111,1563455254,496047945
dimwishlist:item=42435996&perks=1478423395,1380253176,3418782618,3081867624
dimwishlist:item=42435996&perks=1478423395,1380253176,3418782618,2963273944
dimwishlist:item=42435996&perks=1478423395,1380253176,3418782618,2396489472
dimwishlist:item=42435996&perks=1478423395,1380253176,3418782618,598607952
dimwishlist:item=42435996&perks=1478423395,1380253176,3418782618,1089671869
dimwishlist:item=42435996&perks=1478423395,1380253176,3418782618,496047945
dimwishlist:item=42435996&perks=1478423395,1380253176,1563455254,3081867624
dimwishlist:item=42435996&perks=1478423395,1380253176,1563455254,2963273944
dimwishlist:item=42435996&perks=1478423395,1380253176,1563455254,2396489472
dimwishlist:item=42435996&perks=1478423395,1380253176,1563455254,598607952
dimwishlist:item=42435996&perks=1478423395,1380253176,1563455254,1089671869
dimwishlist:item=42435996&perks=1478423395,1380253176,1563455254,496047945
dimwishlist:item=42435996&perks=1478423395,3781548872,3418782618,3081867624
dimwishlist:item=42435996&perks=1478423395,3781548872,3418782618,2963273944
dimwishlist:item=42435996&perks=1478423395,3781548872,3418782618,2396489472
dimwishlist:item=42435996&perks=1478423395,3781548872,3418782618,598607952
dimwishlist:item=42435996&perks=1478423395,3781548872,3418782618,1089671869
dimwishlist:item=42435996&perks=1478423395,3781548872,3418782618,496047945
dimwishlist:item=42435996&perks=1478423395,3781548872,1563455254,3081867624
dimwishlist:item=42435996&perks=1478423395,3781548872,1563455254,2963273944
dimwishlist:item=42435996&perks=1478423395,3781548872,1563455254,2396489472
dimwishlist:item=42435996&perks=1478423395,3781548872,1563455254,598607952
dimwishlist:item=42435996&perks=1478423395,3781548872,1563455254,1089671869
dimwishlist:item=42435996&perks=1478423395,3781548872,1563455254,496047945
dimwishlist:item=42435996&perks=373417387,1087426260,3418782618,3081867624
dimwishlist:item=42435996&perks=373417387,1087426260,3418782618,2963273944
dimwishlist:item=42435996&perks=373417387,1087426260,3418782618,2396489472
dimwishlist:item=42435996&perks=373417387,1087426260,3418782618,598607952
dimwishlist:item=42435996&perks=373417387,1087426260,3418782618,1089671869
dimwishlist:item=42435996&perks=373417387,1087426260,3418782618,496047945
dimwishlist:item=42435996&perks=373417387,1087426260,1563455254,3081867624
dimwishlist:item=42435996&perks=373417387,1087426260,1563455254,2963273944
dimwishlist:item=42435996&perks=373417387,1087426260,1563455254,2396489472
dimwishlist:item=42435996&perks=373417387,1087426260,1563455254,598607952
dimwishlist:item=42435996&perks=373417387,1087426260,1563455254,1089671869
dimwishlist:item=42435996&perks=373417387,1087426260,1563455254,496047945
dimwishlist:item=42435996&perks=373417387,1065371964,3418782618,3081867624
dimwishlist:item=42435996&perks=373417387,1065371964,3418782618,2963273944
dimwishlist:item=42435996&perks=373417387,1065371964,3418782618,2396489472
dimwishlist:item=42435996&perks=373417387,1065371964,3418782618,598607952
dimwishlist:item=42435996&perks=373417387,1065371964,3418782618,1089671869
dimwishlist:item=42435996&perks=373417387,1065371964,3418782618,496047945
dimwishlist:item=42435996&perks=373417387,1065371964,1563455254,3081867624
dimwishlist:item=42435996&perks=373417387,1065371964,1563455254,2963273944
dimwishlist:item=42435996&perks=373417387,1065371964,1563455254,2396489472
dimwishlist:item=42435996&perks=373417387,1065371964,1563455254,598607952
dimwishlist:item=42435996&perks=373417387,1065371964,1563455254,1089671869
dimwishlist:item=42435996&perks=373417387,1065371964,1563455254,496047945
dimwishlist:item=42435996&perks=373417387,106909392,3418782618,3081867624
dimwishlist:item=42435996&perks=373417387,106909392,3418782618,2963273944
dimwishlist:item=42435996&perks=373417387,106909392,3418782618,2396489472
dimwishlist:item=42435996&perks=373417387,106909392,3418782618,598607952
dimwishlist:item=42435996&perks=373417387,106909392,3418782618,1089671869
dimwishlist:item=42435996&perks=373417387,106909392,3418782618,496047945
dimwishlist:item=42435996&perks=373417387,106909392,1563455254,3081867624
dimwishlist:item=42435996&perks=373417387,106909392,1563455254,2963273944
dimwishlist:item=42435996&perks=373417387,106909392,1563455254,2396489472
dimwishlist:item=42435996&perks=373417387,106909392,1563455254,598607952
dimwishlist:item=42435996&perks=373417387,106909392,1563455254,1089671869
dimwishlist:item=42435996&perks=373417387,106909392,1563455254,496047945
dimwishlist:item=42435996&perks=373417387,1783397184,3418782618,3081867624
dimwishlist:item=42435996&perks=373417387,1783397184,3418782618,2963273944
dimwishlist:item=42435996&perks=373417387,1783397184,3418782618,2396489472
dimwishlist:item=42435996&perks=373417387,1783397184,3418782618,598607952
dimwishlist:item=42435996&perks=373417387,1783397184,3418782618,1089671869
dimwishlist:item=42435996&perks=373417387,1783397184,3418782618,496047945
dimwishlist:item=42435996&perks=373417387,1783397184,1563455254,3081867624
dimwishlist:item=42435996&perks=373417387,1783397184,1563455254,2963273944
dimwishlist:item=42435996&perks=373417387,1783397184,1563455254,2396489472
dimwishlist:item=42435996&perks=373417387,1783397184,1563455254,598607952
dimwishlist:item=42435996&perks=373417387,1783397184,1563455254,1089671869
dimwishlist:item=42435996&perks=373417387,1783397184,1563455254,496047945
dimwishlist:item=42435996&perks=373417387,2822142346,3418782618,3081867624
dimwishlist:item=42435996&perks=373417387,2822142346,3418782618,2963273944
dimwishlist:item=42435996&perks=373417387,2822142346,3418782618,2396489472
dimwishlist:item=42435996&perks=373417387,2822142346,3418782618,598607952
dimwishlist:item=42435996&perks=373417387,2822142346,3418782618,1089671869
dimwishlist:item=42435996&perks=373417387,2822142346,3418782618,496047945
dimwishlist:item=42435996&perks=373417387,2822142346,1563455254,3081867624
dimwishlist:item=42435996&perks=373417387,2822142346,1563455254,2963273944
dimwishlist:item=42435996&perks=373417387,2822142346,1563455254,2396489472
dimwishlist:item=42435996&perks=373417387,2822142346,1563455254,598607952
dimwishlist:item=42435996&perks=373417387,2822142346,1563455254,1089671869
dimwishlist:item=42435996&perks=373417387,2822142346,1563455254,496047945
dimwishlist:item=42435996&perks=373417387,2108812838,3418782618,3081867624
dimwishlist:item=42435996&perks=373417387,2108812838,3418782618,2963273944
dimwishlist:item=42435996&perks=373417387,2108812838,3418782618,2396489472
dimwishlist:item=42435996&perks=373417387,2108812838,3418782618,598607952
dimwishlist:item=42435996&perks=373417387,2108812838,3418782618,1089671869
dimwishlist:item=42435996&perks=373417387,2108812838,3418782618,496047945
dimwishlist:item=42435996&perks=373417387,2108812838,1563455254,3081867624
dimwishlist:item=42435996&perks=373417387,2108812838,1563455254,2963273944
dimwishlist:item=42435996&perks=373417387,2108812838,1563455254,2396489472
dimwishlist:item=42435996&perks=373417387,2108812838,1563455254,598607952
dimwishlist:item=42435996&perks=373417387,2108812838,1563455254,1089671869
dimwishlist:item=42435996&perks=373417387,2108812838,1563455254,496047945
dimwishlist:item=42435996&perks=373417387,3230963543,3418782618,3081867624
dimwishlist:item=42435996&perks=373417387,3230963543,3418782618,2963273944
dimwishlist:item=42435996&perks=373417387,3230963543,3418782618,2396489472
dimwishlist:item=42435996&perks=373417387,3230963543,3418782618,598607952
dimwishlist:item=42435996&perks=373417387,3230963543,3418782618,1089671869
dimwishlist:item=42435996&perks=373417387,3230963543,3418782618,496047945
dimwishlist:item=42435996&perks=373417387,3230963543,1563455254,3081867624
dimwishlist:item=42435996&perks=373417387,3230963543,1563455254,2963273944
dimwishlist:item=42435996&perks=373417387,3230963543,1563455254,2396489472
dimwishlist:item=42435996&perks=373417387,3230963543,1563455254,598607952
dimwishlist:item=42435996&perks=373417387,3230963543,1563455254,1089671869
dimwishlist:item=42435996&perks=373417387,3230963543,1563455254,496047945
dimwishlist:item=42435996&perks=373417387,1709045111,3418782618,3081867624
dimwishlist:item=42435996&perks=373417387,1709045111,3418782618,2963273944
dimwishlist:item=42435996&perks=373417387,1709045111,3418782618,2396489472
dimwishlist:item=42435996&perks=373417387,1709045111,3418782618,598607952
dimwishlist:item=42435996&perks=373417387,1709045111,3418782618,1089671869
dimwishlist:item=42435996&perks=373417387,1709045111,3418782618,496047945
dimwishlist:item=42435996&perks=373417387,1709045111,1563455254,3081867624
dimwishlist:item=42435996&perks=373417387,1709045111,1563455254,2963273944
dimwishlist:item=42435996&perks=373417387,1709045111,1563455254,2396489472
dimwishlist:item=42435996&perks=373417387,1709045111,1563455254,598607952
dimwishlist:item=42435996&perks=373417387,1709045111,1563455254,1089671869
dimwishlist:item=42435996&perks=373417387,1709045111,1563455254,496047945
dimwishlist:item=42435996&perks=373417387,1380253176,3418782618,3081867624
dimwishlist:item=42435996&perks=373417387,1380253176,3418782618,2963273944
dimwishlist:item=42435996&perks=373417387,1380253176,3418782618,2396489472
dimwishlist:item=42435996&perks=373417387,1380253176,3418782618,598607952
dimwishlist:item=42435996&perks=373417387,1380253176,3418782618,1089671869
dimwishlist:item=42435996&perks=373417387,1380253176,3418782618,496047945
dimwishlist:item=42435996&perks=373417387,1380253176,1563455254,3081867624
dimwishlist:item=42435996&perks=373417387,1380253176,1563455254,2963273944
dimwishlist:item=42435996&perks=373417387,1380253176,1563455254,2396489472
dimwishlist:item=42435996&perks=373417387,1380253176,1563455254,598607952
dimwishlist:item=42435996&perks=373417387,1380253176,1563455254,1089671869
dimwishlist:item=42435996&perks=373417387,1380253176,1563455254,496047945
dimwishlist:item=42435996&perks=373417387,3781548872,3418782618,3081867624
dimwishlist:item=42435996&perks=373417387,3781548872,3418782618,2963273944
dimwishlist:item=42435996&perks=373417387,3781548872,3418782618,2396489472
dimwishlist:item=42435996&perks=373417387,3781548872,3418782618,598607952
dimwishlist:item=42435996&perks=373417387,3781548872,3418782618,1089671869
dimwishlist:item=42435996&perks=373417387,3781548872,3418782618,496047945
dimwishlist:item=42435996&perks=373417387,3781548872,1563455254,3081867624
dimwishlist:item=42435996&perks=373417387,3781548872,1563455254,2963273944
dimwishlist:item=42435996&perks=373417387,3781548872,1563455254,2396489472
dimwishlist:item=42435996&perks=373417387,3781548872,1563455254,598607952
dimwishlist:item=42435996&perks=373417387,3781548872,1563455254,1089671869
dimwishlist:item=42435996&perks=373417387,3781548872,1563455254,496047945
dimwishlist:item=42435996&perks=3798852852,1087426260,3418782618,3081867624
dimwishlist:item=42435996&perks=3798852852,1087426260,3418782618,2963273944
dimwishlist:item=42435996&perks=3798852852,1087426260,3418782618,2396489472
dimwishlist:item=42435996&perks=3798852852,1087426260,3418782618,598607952
dimwishlist:item=42435996&perks=3798852852,1087426260,3418782618,1089671869
dimwishlist:item=42435996&perks=3798852852,1087426260,3418782618,496047945
dimwishlist:item=42435996&perks=3798852852,1087426260,1563455254,3081867624
dimwishlist:item=42435996&perks=3798852852,1087426260,1563455254,2963273944
dimwishlist:item=42435996&perks=3798852852,1087426260,1563455254,2396489472
dimwishlist:item=42435996&perks=3798852852,1087426260,1563455254,598607952
dimwishlist:item=42435996&perks=3798852852,1087426260,1563455254,1089671869
dimwishlist:item=42435996&perks=3798852852,1087426260,1563455254,496047945
dimwishlist:item=42435996&perks=3798852852,1065371964,3418782618,3081867624
dimwishlist:item=42435996&perks=3798852852,1065371964,3418782618,2963273944
dimwishlist:item=42435996&perks=3798852852,1065371964,3418782618,2396489472
dimwishlist:item=42435996&perks=3798852852,1065371964,3418782618,598607952
dimwishlist:item=42435996&perks=3798852852,1065371964,3418782618,1089671869
dimwishlist:item=42435996&perks=3798852852,1065371964,3418782618,496047945
dimwishlist:item=42435996&perks=3798852852,1065371964,1563455254,3081867624
dimwishlist:item=42435996&perks=3798852852,1065371964,1563455254,2963273944
dimwishlist:item=42435996&perks=3798852852,1065371964,1563455254,2396489472
dimwishlist:item=42435996&perks=3798852852,1065371964,1563455254,598607952
dimwishlist:item=42435996&perks=3798852852,1065371964,1563455254,1089671869
dimwishlist:item=42435996&perks=3798852852,1065371964,1563455254,496047945
dimwishlist:item=42435996&perks=3798852852,106909392,3418782618,3081867624
dimwishlist:item=42435996&perks=3798852852,106909392,3418782618,2963273944
dimwishlist:item=42435996&perks=3798852852,106909392,3418782618,2396489472
dimwishlist:item=42435996&perks=3798852852,106909392,3418782618,598607952
dimwishlist:item=42435996&perks=3798852852,106909392,3418782618,1089671869
dimwishlist:item=42435996&perks=3798852852,106909392,3418782618,496047945
dimwishlist:item=42435996&perks=3798852852,106909392,1563455254,3081867624
dimwishlist:item=42435996&perks=3798852852,106909392,1563455254,2963273944
dimwishlist:item=42435996&perks=3798852852,106909392,1563455254,2396489472
dimwishlist:item=42435996&perks=3798852852,106909392,1563455254,598607952
dimwishlist:item=42435996&perks=3798852852,106909392,1563455254,1089671869
dimwishlist:item=42435996&perks=3798852852,106909392,1563455254,496047945
dimwishlist:item=42435996&perks=3798852852,1783397184,3418782618,3081867624
dimwishlist:item=42435996&perks=3798852852,1783397184,3418782618,2963273944
dimwishlist:item=42435996&perks=3798852852,1783397184,3418782618,2396489472
dimwishlist:item=42435996&perks=3798852852,1783397184,3418782618,598607952
dimwishlist:item=42435996&perks=3798852852,1783397184,3418782618,1089671869
dimwishlist:item=42435996&perks=3798852852,1783397184,3418782618,496047945
dimwishlist:item=42435996&perks=3798852852,1783397184,1563455254,3081867624
dimwishlist:item=42435996&perks=3798852852,1783397184,1563455254,2963273944
dimwishlist:item=42435996&perks=3798852852,1783397184,1563455254,2396489472
dimwishlist:item=42435996&perks=3798852852,1783397184,1563455254,598607952
dimwishlist:item=42435996&perks=3798852852,1783397184,1563455254,1089671869
dimwishlist:item=42435996&perks=3798852852,1783397184,1563455254,496047945
dimwishlist:item=42435996&perks=3798852852,2822142346,3418782618,3081867624
dimwishlist:item=42435996&perks=3798852852,2822142346,3418782618,2963273944
dimwishlist:item=42435996&perks=3798852852,2822142346,3418782618,2396489472
dimwishlist:item=42435996&perks=3798852852,2822142346,3418782618,598607952
dimwishlist:item=42435996&perks=3798852852,2822142346,3418782618,1089671869
dimwishlist:item=42435996&perks=3798852852,2822142346,3418782618,496047945
dimwishlist:item=42435996&perks=3798852852,2822142346,1563455254,3081867624
dimwishlist:item=42435996&perks=3798852852,2822142346,1563455254,2963273944
dimwishlist:item=42435996&perks=3798852852,2822142346,1563455254,2396489472
dimwishlist:item=42435996&perks=3798852852,2822142346,1563455254,598607952
dimwishlist:item=42435996&perks=3798852852,2822142346,1563455254,1089671869
dimwishlist:item=42435996&perks=3798852852,2822142346,1563455254,496047945
dimwishlist:item=42435996&perks=3798852852,2108812838,3418782618,3081867624
dimwishlist:item=42435996&perks=3798852852,2108812838,3418782618,2963273944
dimwishlist:item=42435996&perks=3798852852,2108812838,3418782618,2396489472
dimwishlist:item=42435996&perks=3798852852,2108812838,3418782618,598607952
dimwishlist:item=42435996&perks=3798852852,2108812838,3418782618,1089671869
dimwishlist:item=42435996&perks=3798852852,2108812838,3418782618,496047945
dimwishlist:item=42435996&perks=3798852852,2108812838,1563455254,3081867624
dimwishlist:item=42435996&perks=3798852852,2108812838,1563455254,2963273944
dimwishlist:item=42435996&perks=3798852852,2108812838,1563455254,2396489472
dimwishlist:item=42435996&perks=3798852852,2108812838,1563455254,598607952
dimwishlist:item=42435996&perks=3798852852,2108812838,1563455254,1089671869
dimwishlist:item=42435996&perks=3798852852,2108812838,1563455254,496047945
dimwishlist:item=42435996&perks=3798852852,3230963543,3418782618,3081867624
dimwishlist:item=42435996&perks=3798852852,3230963543,3418782618,2963273944
dimwishlist:item=42435996&perks=3798852852,3230963543,3418782618,2396489472
dimwishlist:item=42435996&perks=3798852852,3230963543,3418782618,598607952
dimwishlist:item=42435996&perks=3798852852,3230963543,3418782618,1089671869
dimwishlist:item=42435996&perks=3798852852,3230963543,3418782618,496047945
dimwishlist:item=42435996&perks=3798852852,3230963543,1563455254,3081867624
dimwishlist:item=42435996&perks=3798852852,3230963543,1563455254,2963273944
dimwishlist:item=42435996&perks=3798852852,3230963543,1563455254,2396489472
dimwishlist:item=42435996&perks=3798852852,3230963543,1563455254,598607952
dimwishlist:item=42435996&perks=3798852852,3230963543,1563455254,1089671869
dimwishlist:item=42435996&perks=3798852852,3230963543,1563455254,496047945
dimwishlist:item=42435996&perks=3798852852,1709045111,3418782618,3081867624
dimwishlist:item=42435996&perks=3798852852,1709045111,3418782618,2963273944
dimwishlist:item=42435996&perks=3798852852,1709045111,3418782618,2396489472
dimwishlist:item=42435996&perks=3798852852,1709045111,3418782618,598607952
dimwishlist:item=42435996&perks=3798852852,1709045111,3418782618,1089671869
dimwishlist:item=42435996&perks=3798852852,1709045111,3418782618,496047945
dimwishlist:item=42435996&perks=3798852852,1709045111,1563455254,3081867624
dimwishlist:item=42435996&perks=3798852852,1709045111,1563455254,2963273944
dimwishlist:item=42435996&perks=3798852852,1709045111,1563455254,2396489472
dimwishlist:item=42435996&perks=3798852852,1709045111,1563455254,598607952
dimwishlist:item=42435996&perks=3798852852,1709045111,1563455254,1089671869
dimwishlist:item=42435996&perks=3798852852,1709045111,1563455254,496047945
dimwishlist:item=42435996&perks=3798852852,1380253176,3418782618,3081867624
dimwishlist:item=42435996&perks=3798852852,1380253176,3418782618,2963273944
dimwishlist:item=42435996&perks=3798852852,1380253176,3418782618,2396489472
dimwishlist:item=42435996&perks=3798852852,1380253176,3418782618,598607952
dimwishlist:item=42435996&perks=3798852852,1380253176,3418782618,1089671869
dimwishlist:item=42435996&perks=3798852852,1380253176,3418782618,496047945
dimwishlist:item=42435996&perks=3798852852,1380253176,1563455254,3081867624
dimwishlist:item=42435996&perks=3798852852,1380253176,1563455254,2963273944
dimwishlist:item=42435996&perks=3798852852,1380253176,1563455254,2396489472
dimwishlist:item=42435996&perks=3798852852,1380253176,1563455254,598607952
dimwishlist:item=42435996&perks=3798852852,1380253176,1563455254,1089671869
dimwishlist:item=42435996&perks=3798852852,1380253176,1563455254,496047945
dimwishlist:item=42435996&perks=3798852852,3781548872,3418782618,3081867624
dimwishlist:item=42435996&perks=3798852852,3781548872,3418782618,2963273944
dimwishlist:item=42435996&perks=3798852852,3781548872,3418782618,2396489472
dimwishlist:item=42435996&perks=3798852852,3781548872,3418782618,598607952
dimwishlist:item=42435996&perks=3798852852,3781548872,3418782618,1089671869
dimwishlist:item=42435996&perks=3798852852,3781548872,3418782618,496047945
dimwishlist:item=42435996&perks=3798852852,3781548872,1563455254,3081867624
dimwishlist:item=42435996&perks=3798852852,3781548872,1563455254,2963273944
dimwishlist:item=42435996&perks=3798852852,3781548872,1563455254,2396489472
dimwishlist:item=42435996&perks=3798852852,3781548872,1563455254,598607952
dimwishlist:item=42435996&perks=3798852852,3781548872,1563455254,1089671869
dimwishlist:item=42435996&perks=3798852852,3781548872,1563455254,496047945
dimwishlist:item=42435996&perks=582768348,1087426260,3418782618,3081867624
dimwishlist:item=42435996&perks=582768348,1087426260,3418782618,2963273944
dimwishlist:item=42435996&perks=582768348,1087426260,3418782618,2396489472
dimwishlist:item=42435996&perks=582768348,1087426260,3418782618,598607952
dimwishlist:item=42435996&perks=582768348,1087426260,3418782618,1089671869
dimwishlist:item=42435996&perks=582768348,1087426260,3418782618,496047945
dimwishlist:item=42435996&perks=582768348,1087426260,1563455254,3081867624
dimwishlist:item=42435996&perks=582768348,1087426260,1563455254,2963273944
dimwishlist:item=42435996&perks=582768348,1087426260,1563455254,2396489472
dimwishlist:item=42435996&perks=582768348,1087426260,1563455254,598607952
dimwishlist:item=42435996&perks=582768348,1087426260,1563455254,1089671869
dimwishlist:item=42435996&perks=582768348,1087426260,1563455254,496047945
dimwishlist:item=42435996&perks=582768348,1065371964,3418782618,3081867624
dimwishlist:item=42435996&perks=582768348,1065371964,3418782618,2963273944
dimwishlist:item=42435996&perks=582768348,1065371964,3418782618,2396489472
dimwishlist:item=42435996&perks=582768348,1065371964,3418782618,598607952
dimwishlist:item=42435996&perks=582768348,1065371964,3418782618,1089671869
dimwishlist:item=42435996&perks=582768348,1065371964,3418782618,496047945
dimwishlist:item=42435996&perks=582768348,1065371964,1563455254,3081867624
dimwishlist:item=42435996&perks=582768348,1065371964,1563455254,2963273944
dimwishlist:item=42435996&perks=582768348,1065371964,1563455254,2396489472
dimwishlist:item=42435996&perks=582768348,1065371964,1563455254,598607952
dimwishlist:item=42435996&perks=582768348,1065371964,1563455254,1089671869
dimwishlist:item=42435996&perks=582768348,1065371964,1563455254,496047945
dimwishlist:item=42435996&perks=582768348,106909392,3418782618,3081867624
dimwishlist:item=42435996&perks=582768348,106909392,3418782618,2963273944
dimwishlist:item=42435996&perks=582768348,106909392,3418782618,2396489472
dimwishlist:item=42435996&perks=582768348,106909392,3418782618,598607952
dimwishlist:item=42435996&perks=582768348,106909392,3418782618,1089671869
dimwishlist:item=42435996&perks=582768348,106909392,3418782618,496047945
dimwishlist:item=42435996&perks=582768348,106909392,1563455254,3081867624
dimwishlist:item=42435996&perks=582768348,106909392,1563455254,2963273944
dimwishlist:item=42435996&perks=582768348,106909392,1563455254,2396489472
dimwishlist:item=42435996&perks=582768348,106909392,1563455254,598607952
dimwishlist:item=42435996&perks=582768348,106909392,1563455254,1089671869
dimwishlist:item=42435996&perks=582768348,106909392,1563455254,496047945
dimwishlist:item=42435996&perks=582768348,1783397184,3418782618,3081867624
dimwishlist:item=42435996&perks=582768348,1783397184,3418782618,2963273944
dimwishlist:item=42435996&perks=582768348,1783397184,3418782618,2396489472
dimwishlist:item=42435996&perks=582768348,1783397184,3418782618,598607952
dimwishlist:item=42435996&perks=582768348,1783397184,3418782618,1089671869
dimwishlist:item=42435996&perks=582768348,1783397184,3418782618,496047945
dimwishlist:item=42435996&perks=582768348,1783397184,1563455254,3081867624
dimwishlist:item=42435996&perks=582768348,1783397184,1563455254,2963273944
dimwishlist:item=42435996&perks=582768348,1783397184,1563455254,2396489472
dimwishlist:item=42435996&perks=582768348,1783397184,1563455254,598607952
dimwishlist:item=42435996&perks=582768348,1783397184,1563455254,1089671869
dimwishlist:item=42435996&perks=582768348,1783397184,1563455254,496047945
dimwishlist:item=42435996&perks=582768348,2822142346,3418782618,3081867624
dimwishlist:item=42435996&perks=582768348,2822142346,3418782618,2963273944
dimwishlist:item=42435996&perks=582768348,2822142346,3418782618,2396489472
dimwishlist:item=42435996&perks=582768348,2822142346,3418782618,598607952
dimwishlist:item=42435996&perks=582768348,2822142346,3418782618,1089671869
dimwishlist:item=42435996&perks=582768348,2822142346,3418782618,496047945
dimwishlist:item=42435996&perks=582768348,2822142346,1563455254,3081867624
dimwishlist:item=42435996&perks=582768348,2822142346,1563455254,2963273944
dimwishlist:item=42435996&perks=582768348,2822142346,1563455254,2396489472
dimwishlist:item=42435996&perks=582768348,2822142346,1563455254,598607952
dimwishlist:item=42435996&perks=582768348,2822142346,1563455254,1089671869
dimwishlist:item=42435996&perks=582768348,2822142346,1563455254,496047945
dimwishlist:item=42435996&perks=582768348,2108812838,3418782618,3081867624
dimwishlist:item=42435996&perks=582768348,2108812838,3418782618,2963273944
dimwishlist:item=42435996&perks=582768348,2108812838,3418782618,2396489472
dimwishlist:item=42435996&perks=582768348,2108812838,3418782618,598607952
dimwishlist:item=42435996&perks=582768348,2108812838,3418782618,1089671869
dimwishlist:item=42435996&perks=582768348,2108812838,3418782618,496047945
dimwishlist:item=42435996&perks=582768348,2108812838,1563455254,3081867624
dimwishlist:item=42435996&perks=582768348,2108812838,1563455254,2963273944
dimwishlist:item=42435996&perks=582768348,2108812838,1563455254,2396489472
dimwishlist:item=42435996&perks=582768348,2108812838,1563455254,598607952
dimwishlist:item=42435996&perks=582768348,2108812838,1563455254,1089671869
dimwishlist:item=42435996&perks=582768348,2108812838,1563455254,496047945
dimwishlist:item=42435996&perks=582768348,3230963543,3418782618,3081867624
dimwishlist:item=42435996&perks=582768348,3230963543,3418782618,2963273944
dimwishlist:item=42435996&perks=582768348,3230963543,3418782618,2396489472
dimwishlist:item=42435996&perks=582768348,3230963543,3418782618,598607952
dimwishlist:item=42435996&perks=582768348,3230963543,3418782618,1089671869
dimwishlist:item=42435996&perks=582768348,3230963543,3418782618,496047945
dimwishlist:item=42435996&perks=582768348,3230963543,1563455254,3081867624
dimwishlist:item=42435996&perks=582768348,3230963543,1563455254,2963273944
dimwishlist:item=42435996&perks=582768348,3230963543,1563455254,2396489472
dimwishlist:item=42435996&perks=582768348,3230963543,1563455254,598607952
dimwishlist:item=42435996&perks=582768348,3230963543,1563455254,1089671869
dimwishlist:item=42435996&perks=582768348,3230963543,1563455254,496047945
dimwishlist:item=42435996&perks=582768348,1709045111,3418782618,3081867624
dimwishlist:item=42435996&perks=582768348,1709045111,3418782618,2963273944
dimwishlist:item=42435996&perks=582768348,1709045111,3418782618,2396489472
dimwishlist:item=42435996&perks=582768348,1709045111,3418782618,598607952
dimwishlist:item=42435996&perks=582768348,1709045111,3418782618,1089671869
dimwishlist:item=42435996&perks=582768348,1709045111,3418782618,496047945
dimwishlist:item=42435996&perks=582768348,1709045111,1563455254,3081867624
dimwishlist:item=42435996&perks=582768348,1709045111,1563455254,2963273944
dimwishlist:item=42435996&perks=582768348,1709045111,1563455254,2396489472
dimwishlist:item=42435996&perks=582768348,1709045111,1563455254,598607952
dimwishlist:item=42435996&perks=582768348,1709045111,1563455254,1089671869
dimwishlist:item=42435996&perks=582768348,1709045111,1563455254,496047945
dimwishlist:item=42435996&perks=582768348,1380253176,3418782618,3081867624
dimwishlist:item=42435996&perks=582768348,1380253176,3418782618,2963273944
dimwishlist:item=42435996&perks=582768348,1380253176,3418782618,2396489472
dimwishlist:item=42435996&perks=582768348,1380253176,3418782618,598607952
dimwishlist:item=42435996&perks=582768348,1380253176,3418782618,1089671869
dimwishlist:item=42435996&perks=582768348,1380253176,3418782618,496047945
dimwishlist:item=42435996&perks=582768348,1380253176,1563455254,3081867624
dimwishlist:item=42435996&perks=582768348,1380253176,1563455254,2963273944
dimwishlist:item=42435996&perks=582768348,1380253176,1563455254,2396489472
dimwishlist:item=42435996&perks=582768348,1380253176,1563455254,598607952
dimwishlist:item=42435996&perks=582768348,1380253176,1563455254,1089671869
dimwishlist:item=42435996&perks=582768348,1380253176,1563455254,496047945
dimwishlist:item=42435996&perks=582768348,3781548872,3418782618,3081867624
dimwishlist:item=42435996&perks=582768348,3781548872,3418782618,2963273944
dimwishlist:item=42435996&perks=582768348,3781548872,3418782618,2396489472
dimwishlist:item=42435996&perks=582768348,3781548872,3418782618,598607952
dimwishlist:item=42435996&perks=582768348,3781548872,3418782618,1089671869
dimwishlist:item=42435996&perks=582768348,3781548872,3418782618,496047945
dimwishlist:item=42435996&perks=582768348,3781548872,1563455254,3081867624
dimwishlist:item=42435996&perks=582768348,3781548872,1563455254,2963273944
dimwishlist:item=42435996&perks=582768348,3781548872,1563455254,2396489472
dimwishlist:item=42435996&perks=582768348,3781548872,1563455254,598607952
dimwishlist:item=42435996&perks=582768348,3781548872,1563455254,1089671869
dimwishlist:item=42435996&perks=582768348,3781548872,1563455254,496047945
dimwishlist:item=42435996&perks=1441682018,1087426260,3418782618,3081867624
dimwishlist:item=42435996&perks=1441682018,1087426260,3418782618,2963273944
dimwishlist:item=42435996&perks=1441682018,1087426260,3418782618,2396489472
dimwishlist:item=42435996&perks=1441682018,1087426260,3418782618,598607952
dimwishlist:item=42435996&perks=1441682018,1087426260,3418782618,1089671869
dimwishlist:item=42435996&perks=1441682018,1087426260,3418782618,496047945
dimwishlist:item=42435996&perks=1441682018,1087426260,1563455254,3081867624
dimwishlist:item=42435996&perks=1441682018,1087426260,1563455254,2963273944
dimwishlist:item=42435996&perks=1441682018,1087426260,1563455254,2396489472
dimwishlist:item=42435996&perks=1441682018,1087426260,1563455254,598607952
dimwishlist:item=42435996&perks=1441682018,1087426260,1563455254,1089671869
dimwishlist:item=42435996&perks=1441682018,1087426260,1563455254,496047945
dimwishlist:item=42435996&perks=1441682018,1065371964,3418782618,3081867624
dimwishlist:item=42435996&perks=1441682018,1065371964,3418782618,2963273944
dimwishlist:item=42435996&perks=1441682018,1065371964,3418782618,2396489472
dimwishlist:item=42435996&perks=1441682018,1065371964,3418782618,598607952
dimwishlist:item=42435996&perks=1441682018,1065371964,3418782618,1089671869
dimwishlist:item=42435996&perks=1441682018,1065371964,3418782618,496047945
dimwishlist:item=42435996&perks=1441682018,1065371964,1563455254,3081867624
dimwishlist:item=42435996&perks=1441682018,1065371964,1563455254,2963273944
dimwishlist:item=42435996&perks=1441682018,1065371964,1563455254,2396489472
dimwishlist:item=42435996&perks=1441682018,1065371964,1563455254,598607952
dimwishlist:item=42435996&perks=1441682018,1065371964,1563455254,1089671869
dimwishlist:item=42435996&perks=1441682018,1065371964,1563455254,496047945
dimwishlist:item=42435996&perks=1441682018,106909392,3418782618,3081867624
dimwishlist:item=42435996&perks=1441682018,106909392,3418782618,2963273944
dimwishlist:item=42435996&perks=1441682018,106909392,3418782618,2396489472
dimwishlist:item=42435996&perks=1441682018,106909392,3418782618,598607952
dimwishlist:item=42435996&perks=1441682018,106909392,3418782618,1089671869
dimwishlist:item=42435996&perks=1441682018,106909392,3418782618,496047945
dimwishlist:item=42435996&perks=1441682018,106909392,1563455254,3081867624
dimwishlist:item=42435996&perks=1441682018,106909392,1563455254,2963273944
dimwishlist:item=42435996&perks=1441682018,106909392,1563455254,2396489472
dimwishlist:item=42435996&perks=1441682018,106909392,1563455254,598607952
dimwishlist:item=42435996&perks=1441682018,106909392,1563455254,1089671869
dimwishlist:item=42435996&perks=1441682018,106909392,1563455254,496047945
dimwishlist:item=42435996&perks=1441682018,1783397184,3418782618,3081867624
dimwishlist:item=42435996&perks=1441682018,1783397184,3418782618,2963273944
dimwishlist:item=42435996&perks=1441682018,1783397184,3418782618,2396489472
dimwishlist:item=42435996&perks=1441682018,1783397184,3418782618,598607952
dimwishlist:item=42435996&perks=1441682018,1783397184,3418782618,1089671869
dimwishlist:item=42435996&perks=1441682018,1783397184,3418782618,496047945
dimwishlist:item=42435996&perks=1441682018,1783397184,1563455254,3081867624
dimwishlist:item=42435996&perks=1441682018,1783397184,1563455254,2963273944
dimwishlist:item=42435996&perks=1441682018,1783397184,1563455254,2396489472
dimwishlist:item=42435996&perks=1441682018,1783397184,1563455254,598607952
dimwishlist:item=42435996&perks=1441682018,1783397184,1563455254,1089671869
dimwishlist:item=42435996&perks=1441682018,1783397184,1563455254,496047945
dimwishlist:item=42435996&perks=1441682018,2822142346,3418782618,3081867624
dimwishlist:item=42435996&perks=1441682018,2822142346,3418782618,2963273944
dimwishlist:item=42435996&perks=1441682018,2822142346,3418782618,2396489472
dimwishlist:item=42435996&perks=1441682018,2822142346,3418782618,598607952
dimwishlist:item=42435996&perks=1441682018,2822142346,3418782618,1089671869
dimwishlist:item=42435996&perks=1441682018,2822142346,3418782618,496047945
dimwishlist:item=42435996&perks=1441682018,2822142346,1563455254,3081867624
dimwishlist:item=42435996&perks=1441682018,2822142346,1563455254,2963273944
dimwishlist:item=42435996&perks=1441682018,2822142346,1563455254,2396489472
dimwishlist:item=42435996&perks=1441682018,2822142346,1563455254,598607952
dimwishlist:item=42435996&perks=1441682018,2822142346,1563455254,1089671869
dimwishlist:item=42435996&perks=1441682018,2822142346,1563455254,496047945
dimwishlist:item=42435996&perks=1441682018,2108812838,3418782618,3081867624
dimwishlist:item=42435996&perks=1441682018,2108812838,3418782618,2963273944
dimwishlist:item=42435996&perks=1441682018,2108812838,3418782618,2396489472
dimwishlist:item=42435996&perks=1441682018,2108812838,3418782618,598607952
dimwishlist:item=42435996&perks=1441682018,2108812838,3418782618,1089671869
dimwishlist:item=42435996&perks=1441682018,2108812838,3418782618,496047945
dimwishlist:item=42435996&perks=1441682018,2108812838,1563455254,3081867624
dimwishlist:item=42435996&perks=1441682018,2108812838,1563455254,2963273944
dimwishlist:item=42435996&perks=1441682018,2108812838,1563455254,2396489472
dimwishlist:item=42435996&perks=1441682018,2108812838,1563455254,598607952
dimwishlist:item=42435996&perks=1441682018,2108812838,1563455254,1089671869
dimwishlist:item=42435996&perks=1441682018,2108812838,1563455254,496047945
dimwishlist:item=42435996&perks=1441682018,3230963543,3418782618,3081867624
dimwishlist:item=42435996&perks=1441682018,3230963543,3418782618,2963273944
dimwishlist:item=42435996&perks=1441682018,3230963543,3418782618,2396489472
dimwishlist:item=42435996&perks=1441682018,3230963543,3418782618,598607952
dimwishlist:item=42435996&perks=1441682018,3230963543,3418782618,1089671869
dimwishlist:item=42435996&perks=1441682018,3230963543,3418782618,496047945
dimwishlist:item=42435996&perks=1441682018,3230963543,1563455254,3081867624
dimwishlist:item=42435996&perks=1441682018,3230963543,1563455254,2963273944
dimwishlist:item=42435996&perks=1441682018,3230963543,1563455254,2396489472
dimwishlist:item=42435996&perks=1441682018,3230963543,1563455254,598607952
dimwishlist:item=42435996&perks=1441682018,3230963543,1563455254,1089671869
dimwishlist:item=42435996&perks=1441682018,3230963543,1563455254,496047945
dimwishlist:item=42435996&perks=1441682018,1709045111,3418782618,3081867624
dimwishlist:item=42435996&perks=1441682018,1709045111,3418782618,2963273944
dimwishlist:item=42435996&perks=1441682018,1709045111,3418782618,2396489472
dimwishlist:item=42435996&perks=1441682018,1709045111,3418782618,598607952
dimwishlist:item=42435996&perks=1441682018,1709045111,3418782618,1089671869
dimwishlist:item=42435996&perks=1441682018,1709045111,3418782618,496047945
dimwishlist:item=42435996&perks=1441682018,1709045111,1563455254,3081867624
dimwishlist:item=42435996&perks=1441682018,1709045111,1563455254,2963273944
dimwishlist:item=42435996&perks=1441682018,1709045111,1563455254,2396489472
dimwishlist:item=42435996&perks=1441682018,1709045111,1563455254,598607952
dimwishlist:item=42435996&perks=1441682018,1709045111,1563455254,1089671869
dimwishlist:item=42435996&perks=1441682018,1709045111,1563455254,496047945
dimwishlist:item=42435996&perks=1441682018,1380253176,3418782618,3081867624
dimwishlist:item=42435996&perks=1441682018,1380253176,3418782618,2963273944
dimwishlist:item=42435996&perks=1441682018,1380253176,3418782618,2396489472
dimwishlist:item=42435996&perks=1441682018,1380253176,3418782618,598607952
dimwishlist:item=42435996&perks=1441682018,1380253176,3418782618,1089671869
dimwishlist:item=42435996&perks=1441682018,1380253176,3418782618,496047945
dimwishlist:item=42435996&perks=1441682018,1380253176,1563455254,3081867624
dimwishlist:item=42435996&perks=1441682018,1380253176,1563455254,2963273944
dimwishlist:item=42435996&perks=1441682018,1380253176,1563455254,2396489472
dimwishlist:item=42435996&perks=1441682018,1380253176,1563455254,598607952
dimwishlist:item=42435996&perks=1441682018,1380253176,1563455254,1089671869
dimwishlist:item=42435996&perks=1441682018,1380253176,1563455254,496047945
dimwishlist:item=42435996&perks=1441682018,3781548872,3418782618,3081867624
dimwishlist:item=42435996&perks=1441682018,3781548872,3418782618,2963273944
dimwishlist:item=42435996&perks=1441682018,3781548872,3418782618,2396489472
dimwishlist:item=42435996&perks=1441682018,3781548872,3418782618,598607952
dimwishlist:item=42435996&perks=1441682018,3781548872,3418782618,1089671869
dimwishlist:item=42435996&perks=1441682018,3781548872,3418782618,496047945
dimwishlist:item=42435996&perks=1441682018,3781548872,1563455254,3081867624
dimwishlist:item=42435996&perks=1441682018,3781548872,1563455254,2963273944
dimwishlist:item=42435996&perks=1441682018,3781548872,1563455254,2396489472
dimwishlist:item=42435996&perks=1441682018,3781548872,1563455254,598607952
dimwishlist:item=42435996&perks=1441682018,3781548872,1563455254,1089671869
dimwishlist:item=42435996&perks=1441682018,3781548872,1563455254,496047945
dimwishlist:item=42435996&perks=1639399262,1087426260,3418782618,3081867624
dimwishlist:item=42435996&perks=1639399262,1087426260,3418782618,2963273944
dimwishlist:item=42435996&perks=1639399262,1087426260,3418782618,2396489472
dimwishlist:item=42435996&perks=1639399262,1087426260,3418782618,598607952
dimwishlist:item=42435996&perks=1639399262,1087426260,3418782618,1089671869
dimwishlist:item=42435996&perks=1639399262,1087426260,3418782618,496047945
dimwishlist:item=42435996&perks=1639399262,1087426260,1563455254,3081867624
dimwishlist:item=42435996&perks=1639399262,1087426260,1563455254,2963273944
dimwishlist:item=42435996&perks=1639399262,1087426260,1563455254,2396489472
dimwishlist:item=42435996&perks=1639399262,1087426260,1563455254,598607952
dimwishlist:item=42435996&perks=1639399262,1087426260,1563455254,1089671869
dimwishlist:item=42435996&perks=1639399262,1087426260,1563455254,496047945
dimwishlist:item=42435996&perks=1639399262,1065371964,3418782618,3081867624
dimwishlist:item=42435996&perks=1639399262,1065371964,3418782618,2963273944
dimwishlist:item=42435996&perks=1639399262,1065371964,3418782618,2396489472
dimwishlist:item=42435996&perks=1639399262,1065371964,3418782618,598607952
dimwishlist:item=42435996&perks=1639399262,1065371964,3418782618,1089671869
dimwishlist:item=42435996&perks=1639399262,1065371964,3418782618,496047945
dimwishlist:item=42435996&perks=1639399262,1065371964,1563455254,3081867624
dimwishlist:item=42435996&perks=1639399262,1065371964,1563455254,2963273944
dimwishlist:item=42435996&perks=1639399262,1065371964,1563455254,2396489472
dimwishlist:item=42435996&perks=1639399262,1065371964,1563455254,598607952
dimwishlist:item=42435996&perks=1639399262,1065371964,1563455254,1089671869
dimwishlist:item=42435996&perks=1639399262,1065371964,1563455254,496047945
dimwishlist:item=42435996&perks=1639399262,106909392,3418782618,3081867624
dimwishlist:item=42435996&perks=1639399262,106909392,3418782618,2963273944
dimwishlist:item=42435996&perks=1639399262,106909392,3418782618,2396489472
dimwishlist:item=42435996&perks=1639399262,106909392,3418782618,598607952
dimwishlist:item=42435996&perks=1639399262,106909392,3418782618,1089671869
dimwishlist:item=42435996&perks=1639399262,106909392,3418782618,496047945
dimwishlist:item=42435996&perks=1639399262,106909392,1563455254,3081867624
dimwishlist:item=42435996&perks=1639399262,106909392,1563455254,2963273944
dimwishlist:item=42435996&perks=1639399262,106909392,1563455254,2396489472
dimwishlist:item=42435996&perks=1639399262,106909392,1563455254,598607952
dimwishlist:item=42435996&perks=1639399262,106909392,1563455254,1089671869
dimwishlist:item=42435996&perks=1639399262,106909392,1563455254,496047945
dimwishlist:item=42435996&perks=1639399262,1783397184,3418782618,3081867624
dimwishlist:item=42435996&perks=1639399262,1783397184,3418782618,2963273944
dimwishlist:item=42435996&perks=1639399262,1783397184,3418782618,2396489472
dimwishlist:item=42435996&perks=1639399262,1783397184,3418782618,598607952
dimwishlist:item=42435996&perks=1639399262,1783397184,3418782618,1089671869
dimwishlist:item=42435996&perks=1639399262,1783397184,3418782618,496047945
dimwishlist:item=42435996&perks=1639399262,1783397184,1563455254,3081867624
dimwishlist:item=42435996&perks=1639399262,1783397184,1563455254,2963273944
dimwishlist:item=42435996&perks=1639399262,1783397184,1563455254,2396489472
dimwishlist:item=42435996&perks=1639399262,1783397184,1563455254,598607952
dimwishlist:item=42435996&perks=1639399262,1783397184,1563455254,1089671869
dimwishlist:item=42435996&perks=1639399262,1783397184,1563455254,496047945
dimwishlist:item=42435996&perks=1639399262,2822142346,3418782618,3081867624
dimwishlist:item=42435996&perks=1639399262,2822142346,3418782618,2963273944
dimwishlist:item=42435996&perks=1639399262,2822142346,3418782618,2396489472
dimwishlist:item=42435996&perks=1639399262,2822142346,3418782618,598607952
dimwishlist:item=42435996&perks=1639399262,2822142346,3418782618,1089671869
dimwishlist:item=42435996&perks=1639399262,2822142346,3418782618,496047945
dimwishlist:item=42435996&perks=1639399262,2822142346,1563455254,3081867624
dimwishlist:item=42435996&perks=1639399262,2822142346,1563455254,2963273944
dimwishlist:item=42435996&perks=1639399262,2822142346,1563455254,2396489472
dimwishlist:item=42435996&perks=1639399262,2822142346,1563455254,598607952
dimwishlist:item=42435996&perks=1639399262,2822142346,1563455254,1089671869
dimwishlist:item=42435996&perks=1639399262,2822142346,1563455254,496047945
dimwishlist:item=42435996&perks=1639399262,2108812838,3418782618,3081867624
dimwishlist:item=42435996&perks=1639399262,2108812838,3418782618,2963273944
dimwishlist:item=42435996&perks=1639399262,2108812838,3418782618,2396489472
dimwishlist:item=42435996&perks=1639399262,2108812838,3418782618,598607952
dimwishlist:item=42435996&perks=1639399262,2108812838,3418782618,1089671869
dimwishlist:item=42435996&perks=1639399262,2108812838,3418782618,496047945
dimwishlist:item=42435996&perks=1639399262,2108812838,1563455254,3081867624
dimwishlist:item=42435996&perks=1639399262,2108812838,1563455254,2963273944
dimwishlist:item=42435996&perks=1639399262,2108812838,1563455254,2396489472
dimwishlist:item=42435996&perks=1639399262,2108812838,1563455254,598607952
dimwishlist:item=42435996&perks=1639399262,2108812838,1563455254,1089671869
dimwishlist:item=42435996&perks=1639399262,2108812838,1563455254,496047945
dimwishlist:item=42435996&perks=1639399262,3230963543,3418782618,3081867624
dimwishlist:item=42435996&perks=1639399262,3230963543,3418782618,2963273944
dimwishlist:item=42435996&perks=1639399262,3230963543,3418782618,2396489472
dimwishlist:item=42435996&perks=1639399262,3230963543,3418782618,598607952
dimwishlist:item=42435996&perks=1639399262,3230963543,3418782618,1089671869
dimwishlist:item=42435996&perks=1639399262,3230963543,3418782618,496047945
dimwishlist:item=42435996&perks=1639399262,3230963543,1563455254,3081867624
dimwishlist:item=42435996&perks=1639399262,3230963543,1563455254,2963273944
dimwishlist:item=42435996&perks=1639399262,3230963543,1563455254,2396489472
dimwishlist:item=42435996&perks=1639399262,3230963543,1563455254,598607952
dimwishlist:item=42435996&perks=1639399262,3230963543,1563455254,1089671869
dimwishlist:item=42435996&perks=1639399262,3230963543,1563455254,496047945
dimwishlist:item=42435996&perks=1639399262,1709045111,3418782618,3081867624
dimwishlist:item=42435996&perks=1639399262,1709045111,3418782618,2963273944
dimwishlist:item=42435996&perks=1639399262,1709045111,3418782618,2396489472
dimwishlist:item=42435996&perks=1639399262,1709045111,3418782618,598607952
dimwishlist:item=42435996&perks=1639399262,1709045111,3418782618,1089671869
dimwishlist:item=42435996&perks=1639399262,1709045111,3418782618,496047945
dimwishlist:item=42435996&perks=1639399262,1709045111,1563455254,3081867624
dimwishlist:item=42435996&perks=1639399262,1709045111,1563455254,2963273944
dimwishlist:item=42435996&perks=1639399262,1709045111,1563455254,2396489472
dimwishlist:item=42435996&perks=1639399262,1709045111,1563455254,598607952
dimwishlist:item=42435996&perks=1639399262,1709045111,1563455254,1089671869
dimwishlist:item=42435996&perks=1639399262,1709045111,1563455254,496047945
dimwishlist:item=42435996&perks=1639399262,1380253176,3418782618,3081867624
dimwishlist:item=42435996&perks=1639399262,1380253176,3418782618,2963273944
dimwishlist:item=42435996&perks=1639399262,1380253176,3418782618,2396489472
dimwishlist:item=42435996&perks=1639399262,1380253176,3418782618,598607952
dimwishlist:item=42435996&perks=1639399262,1380253176,3418782618,1089671869
dimwishlist:item=42435996&perks=1639399262,1380253176,3418782618,496047945
dimwishlist:item=42435996&perks=1639399262,1380253176,1563455254,3081867624
dimwishlist:item=42435996&perks=1639399262,1380253176,1563455254,2963273944
dimwishlist:item=42435996&perks=1639399262,1380253176,1563455254,2396489472
dimwishlist:item=42435996&perks=1639399262,1380253176,1563455254,598607952
dimwishlist:item=42435996&perks=1639399262,1380253176,1563455254,1089671869
dimwishlist:item=42435996&perks=1639399262,1380253176,1563455254,496047945
dimwishlist:item=42435996&perks=1639399262,3781548872,3418782618,3081867624
dimwishlist:item=42435996&perks=1639399262,3781548872,3418782618,2963273944
dimwishlist:item=42435996&perks=1639399262,3781548872,3418782618,2396489472
dimwishlist:item=42435996&perks=1639399262,3781548872,3418782618,598607952
dimwishlist:item=42435996&perks=1639399262,3781548872,3418782618,1089671869
dimwishlist:item=42435996&perks=1639399262,3781548872,3418782618,496047945
dimwishlist:item=42435996&perks=1639399262,3781548872,1563455254,3081867624
dimwishlist:item=42435996&perks=1639399262,3781548872,1563455254,2963273944
dimwishlist:item=42435996&perks=1639399262,3781548872,1563455254,2396489472
dimwishlist:item=42435996&perks=1639399262,3781548872,1563455254,598607952
dimwishlist:item=42435996&perks=1639399262,3781548872,1563455254,1089671869
dimwishlist:item=42435996&perks=1639399262,3781548872,1563455254,496047945
dimwishlist:item=42435996&perks=3525010810,1087426260,3418782618,3081867624
dimwishlist:item=42435996&perks=3525010810,1087426260,3418782618,2963273944
dimwishlist:item=42435996&perks=3525010810,1087426260,3418782618,2396489472
dimwishlist:item=42435996&perks=3525010810,1087426260,3418782618,598607952
dimwishlist:item=42435996&perks=3525010810,1087426260,3418782618,1089671869
dimwishlist:item=42435996&perks=3525010810,1087426260,3418782618,496047945
dimwishlist:item=42435996&perks=3525010810,1087426260,1563455254,3081867624
dimwishlist:item=42435996&perks=3525010810,1087426260,1563455254,2963273944
dimwishlist:item=42435996&perks=3525010810,1087426260,1563455254,2396489472
dimwishlist:item=42435996&perks=3525010810,1087426260,1563455254,598607952
dimwishlist:item=42435996&perks=3525010810,1087426260,1563455254,1089671869
dimwishlist:item=42435996&perks=3525010810,1087426260,1563455254,496047945
dimwishlist:item=42435996&perks=3525010810,1065371964,3418782618,3081867624
dimwishlist:item=42435996&perks=3525010810,1065371964,3418782618,2963273944
dimwishlist:item=42435996&perks=3525010810,1065371964,3418782618,2396489472
dimwishlist:item=42435996&perks=3525010810,1065371964,3418782618,598607952
dimwishlist:item=42435996&perks=3525010810,1065371964,3418782618,1089671869
dimwishlist:item=42435996&perks=3525010810,1065371964,3418782618,496047945
dimwishlist:item=42435996&perks=3525010810,1065371964,1563455254,3081867624
dimwishlist:item=42435996&perks=3525010810,1065371964,1563455254,2963273944
dimwishlist:item=42435996&perks=3525010810,1065371964,1563455254,2396489472
dimwishlist:item=42435996&perks=3525010810,1065371964,1563455254,598607952
dimwishlist:item=42435996&perks=3525010810,1065371964,1563455254,1089671869
dimwishlist:item=42435996&perks=3525010810,1065371964,1563455254,496047945
dimwishlist:item=42435996&perks=3525010810,106909392,3418782618,3081867624
dimwishlist:item=42435996&perks=3525010810,106909392,3418782618,2963273944
dimwishlist:item=42435996&perks=3525010810,106909392,3418782618,2396489472
dimwishlist:item=42435996&perks=3525010810,106909392,3418782618,598607952
dimwishlist:item=42435996&perks=3525010810,106909392,3418782618,1089671869
dimwishlist:item=42435996&perks=3525010810,106909392,3418782618,496047945
dimwishlist:item=42435996&perks=3525010810,106909392,1563455254,3081867624
dimwishlist:item=42435996&perks=3525010810,106909392,1563455254,2963273944
dimwishlist:item=42435996&perks=3525010810,106909392,1563455254,2396489472
dimwishlist:item=42435996&perks=3525010810,106909392,1563455254,598607952
dimwishlist:item=42435996&perks=3525010810,106909392,1563455254,1089671869
dimwishlist:item=42435996&perks=3525010810,106909392,1563455254,496047945
dimwishlist:item=42435996&perks=3525010810,1783397184,3418782618,3081867624
dimwishlist:item=42435996&perks=3525010810,1783397184,3418782618,2963273944
dimwishlist:item=42435996&perks=3525010810,1783397184,3418782618,2396489472
dimwishlist:item=42435996&perks=3525010810,1783397184,3418782618,598607952
dimwishlist:item=42435996&perks=3525010810,1783397184,3418782618,1089671869
dimwishlist:item=42435996&perks=3525010810,1783397184,3418782618,496047945
dimwishlist:item=42435996&perks=3525010810,1783397184,1563455254,3081867624
dimwishlist:item=42435996&perks=3525010810,1783397184,1563455254,2963273944
dimwishlist:item=42435996&perks=3525010810,1783397184,1563455254,2396489472
dimwishlist:item=42435996&perks=3525010810,1783397184,1563455254,598607952
dimwishlist:item=42435996&perks=3525010810,1783397184,1563455254,1089671869
dimwishlist:item=42435996&perks=3525010810,1783397184,1563455254,496047945
dimwishlist:item=42435996&perks=3525010810,2822142346,3418782618,3081867624
dimwishlist:item=42435996&perks=3525010810,2822142346,3418782618,2963273944
dimwishlist:item=42435996&perks=3525010810,2822142346,3418782618,2396489472
dimwishlist:item=42435996&perks=3525010810,2822142346,3418782618,598607952
dimwishlist:item=42435996&perks=3525010810,2822142346,3418782618,1089671869
dimwishlist:item=42435996&perks=3525010810,2822142346,3418782618,496047945
dimwishlist:item=42435996&perks=3525010810,2822142346,1563455254,3081867624
dimwishlist:item=42435996&perks=3525010810,2822142346,1563455254,2963273944
dimwishlist:item=42435996&perks=3525010810,2822142346,1563455254,2396489472
dimwishlist:item=42435996&perks=3525010810,2822142346,1563455254,598607952
dimwishlist:item=42435996&perks=3525010810,2822142346,1563455254,1089671869
dimwishlist:item=42435996&perks=3525010810,2822142346,1563455254,496047945
dimwishlist:item=42435996&perks=3525010810,2108812838,3418782618,3081867624
dimwishlist:item=42435996&perks=3525010810,2108812838,3418782618,2963273944
dimwishlist:item=42435996&perks=3525010810,2108812838,3418782618,2396489472
dimwishlist:item=42435996&perks=3525010810,2108812838,3418782618,598607952
dimwishlist:item=42435996&perks=3525010810,2108812838,3418782618,1089671869
dimwishlist:item=42435996&perks=3525010810,2108812838,3418782618,496047945
dimwishlist:item=42435996&perks=3525010810,2108812838,1563455254,3081867624
dimwishlist:item=42435996&perks=3525010810,2108812838,1563455254,2963273944
dimwishlist:item=42435996&perks=3525010810,2108812838,1563455254,2396489472
dimwishlist:item=42435996&perks=3525010810,2108812838,1563455254,598607952
dimwishlist:item=42435996&perks=3525010810,2108812838,1563455254,1089671869
dimwishlist:item=42435996&perks=3525010810,2108812838,1563455254,496047945
dimwishlist:item=42435996&perks=3525010810,3230963543,3418782618,3081867624
dimwishlist:item=42435996&perks=3525010810,3230963543,3418782618,2963273944
dimwishlist:item=42435996&perks=3525010810,3230963543,3418782618,2396489472
dimwishlist:item=42435996&perks=3525010810,3230963543,3418782618,598607952
dimwishlist:item=42435996&perks=3525010810,3230963543,3418782618,1089671869
dimwishlist:item=42435996&perks=3525010810,3230963543,3418782618,496047945
dimwishlist:item=42435996&perks=3525010810,3230963543,1563455254,3081867624
dimwishlist:item=42435996&perks=3525010810,3230963543,1563455254,2963273944
dimwishlist:item=42435996&perks=3525010810,3230963543,1563455254,2396489472
dimwishlist:item=42435996&perks=3525010810,3230963543,1563455254,598607952
dimwishlist:item=42435996&perks=3525010810,3230963543,1563455254,1089671869
dimwishlist:item=42435996&perks=3525010810,3230963543,1563455254,496047945
dimwishlist:item=42435996&perks=3525010810,1709045111,3418782618,3081867624
dimwishlist:item=42435996&perks=3525010810,1709045111,3418782618,2963273944
dimwishlist:item=42435996&perks=3525010810,1709045111,3418782618,2396489472
dimwishlist:item=42435996&perks=3525010810,1709045111,3418782618,598607952
dimwishlist:item=42435996&perks=3525010810,1709045111,3418782618,1089671869
dimwishlist:item=42435996&perks=3525010810,1709045111,3418782618,496047945
dimwishlist:item=42435996&perks=3525010810,1709045111,1563455254,3081867624
dimwishlist:item=42435996&perks=3525010810,1709045111,1563455254,2963273944
dimwishlist:item=42435996&perks=3525010810,1709045111,1563455254,2396489472
dimwishlist:item=42435996&perks=3525010810,1709045111,1563455254,598607952
dimwishlist:item=42435996&perks=3525010810,1709045111,1563455254,1089671869
dimwishlist:item=42435996&perks=3525010810,1709045111,1563455254,496047945
dimwishlist:item=42435996&perks=3525010810,1380253176,3418782618,3081867624
dimwishlist:item=42435996&perks=3525010810,1380253176,3418782618,2963273944
dimwishlist:item=42435996&perks=3525010810,1380253176,3418782618,2396489472
dimwishlist:item=42435996&perks=3525010810,1380253176,3418782618,598607952
dimwishlist:item=42435996&perks=3525010810,1380253176,3418782618,1089671869
dimwishlist:item=42435996&perks=3525010810,1380253176,3418782618,496047945
dimwishlist:item=42435996&perks=3525010810,1380253176,1563455254,3081867624
dimwishlist:item=42435996&perks=3525010810,1380253176,1563455254,2963273944
dimwishlist:item=42435996&perks=3525010810,1380253176,1563455254,2396489472
dimwishlist:item=42435996&perks=3525010810,1380253176,1563455254,598607952
dimwishlist:item=42435996&perks=3525010810,1380253176,1563455254,1089671869
dimwishlist:item=42435996&perks=3525010810,1380253176,1563455254,496047945
dimwishlist:item=42435996&perks=3525010810,3781548872,3418782618,3081867624
dimwishlist:item=42435996&perks=3525010810,3781548872,3418782618,2963273944
dimwishlist:item=42435996&perks=3525010810,3781548872,3418782618,2396489472
dimwishlist:item=42435996&perks=3525010810,3781548872,3418782618,598607952
dimwishlist:item=42435996&perks=3525010810,3781548872,3418782618,1089671869
dimwishlist:item=42435996&perks=3525010810,3781548872,3418782618,496047945
dimwishlist:item=42435996&perks=3525010810,3781548872,1563455254,3081867624
dimwishlist:item=42435996&perks=3525010810,3781548872,1563455254,2963273944
dimwishlist:item=42435996&perks=3525010810,3781548872,1563455254,2396489472
dimwishlist:item=42435996&perks=3525010810,3781548872,1563455254,598607952
dimwishlist:item=42435996&perks=3525010810,3781548872,1563455254,1089671869
dimwishlist:item=42435996&perks=3525010810,3781548872,1563455254,496047945
dimwishlist:item=42435996&perks=3250572790,1087426260,3418782618,3081867624
dimwishlist:item=42435996&perks=3250572790,1087426260,3418782618,2963273944
dimwishlist:item=42435996&perks=3250572790,1087426260,3418782618,2396489472
dimwishlist:item=42435996&perks=3250572790,1087426260,3418782618,598607952
dimwishlist:item=42435996&perks=3250572790,1087426260,3418782618,1089671869
dimwishlist:item=42435996&perks=3250572790,1087426260,3418782618,496047945
dimwishlist:item=42435996&perks=3250572790,1087426260,1563455254,3081867624
dimwishlist:item=42435996&perks=3250572790,1087426260,1563455254,2963273944
dimwishlist:item=42435996&perks=3250572790,1087426260,1563455254,2396489472
dimwishlist:item=42435996&perks=3250572790,1087426260,1563455254,598607952
dimwishlist:item=42435996&perks=3250572790,1087426260,1563455254,1089671869
dimwishlist:item=42435996&perks=3250572790,1087426260,1563455254,496047945
dimwishlist:item=42435996&perks=3250572790,1065371964,3418782618,3081867624
dimwishlist:item=42435996&perks=3250572790,1065371964,3418782618,2963273944
dimwishlist:item=42435996&perks=3250572790,1065371964,3418782618,2396489472
dimwishlist:item=42435996&perks=3250572790,1065371964,3418782618,598607952
dimwishlist:item=42435996&perks=3250572790,1065371964,3418782618,1089671869
dimwishlist:item=42435996&perks=3250572790,1065371964,3418782618,496047945
dimwishlist:item=42435996&perks=3250572790,1065371964,1563455254,3081867624
dimwishlist:item=42435996&perks=3250572790,1065371964,1563455254,2963273944
dimwishlist:item=42435996&perks=3250572790,1065371964,1563455254,2396489472
dimwishlist:item=42435996&perks=3250572790,1065371964,1563455254,598607952
dimwishlist:item=42435996&perks=3250572790,1065371964,1563455254,1089671869
dimwishlist:item=42435996&perks=3250572790,1065371964,1563455254,496047945
dimwishlist:item=42435996&perks=3250572790,106909392,3418782618,3081867624
dimwishlist:item=42435996&perks=3250572790,106909392,3418782618,2963273944
dimwishlist:item=42435996&perks=3250572790,106909392,3418782618,2396489472
dimwishlist:item=42435996&perks=3250572790,106909392,3418782618,598607952
dimwishlist:item=42435996&perks=3250572790,106909392,3418782618,1089671869
dimwishlist:item=42435996&perks=3250572790,106909392,3418782618,496047945
dimwishlist:item=42435996&perks=3250572790,106909392,1563455254,3081867624
dimwishlist:item=42435996&perks=3250572790,106909392,1563455254,2963273944
dimwishlist:item=42435996&perks=3250572790,106909392,1563455254,2396489472
dimwishlist:item=42435996&perks=3250572790,106909392,1563455254,598607952
dimwishlist:item=42435996&perks=3250572790,106909392,1563455254,1089671869
dimwishlist:item=42435996&perks=3250572790,106909392,1563455254,496047945
dimwishlist:item=42435996&perks=3250572790,1783397184,3418782618,3081867624
dimwishlist:item=42435996&perks=3250572790,1783397184,3418782618,2963273944
dimwishlist:item=42435996&perks=3250572790,1783397184,3418782618,2396489472
dimwishlist:item=42435996&perks=3250572790,1783397184,3418782618,598607952
dimwishlist:item=42435996&perks=3250572790,1783397184,3418782618,1089671869
dimwishlist:item=42435996&perks=3250572790,1783397184,3418782618,496047945
dimwishlist:item=42435996&perks=3250572790,1783397184,1563455254,3081867624
dimwishlist:item=42435996&perks=3250572790,1783397184,1563455254,2963273944
dimwishlist:item=42435996&perks=3250572790,1783397184,1563455254,2396489472
dimwishlist:item=42435996&perks=3250572790,1783397184,1563455254,598607952
dimwishlist:item=42435996&perks=3250572790,1783397184,1563455254,1089671869
dimwishlist:item=42435996&perks=3250572790,1783397184,1563455254,496047945
dimwishlist:item=42435996&perks=3250572790,2822142346,3418782618,3081867624
dimwishlist:item=42435996&perks=3250572790,2822142346,3418782618,2963273944
dimwishlist:item=42435996&perks=3250572790,2822142346,3418782618,2396489472
dimwishlist:item=42435996&perks=3250572790,2822142346,3418782618,598607952
dimwishlist:item=42435996&perks=3250572790,2822142346,3418782618,1089671869
dimwishlist:item=42435996&perks=3250572790,2822142346,3418782618,496047945
dimwishlist:item=42435996&perks=3250572790,2822142346,1563455254,3081867624
dimwishlist:item=42435996&perks=3250572790,2822142346,1563455254,2963273944
dimwishlist:item=42435996&perks=3250572790,2822142346,1563455254,2396489472
dimwishlist:item=42435996&perks=3250572790,2822142346,1563455254,598607952
dimwishlist:item=42435996&perks=3250572790,2822142346,1563455254,1089671869
dimwishlist:item=42435996&perks=3250572790,2822142346,1563455254,496047945
dimwishlist:item=42435996&perks=3250572790,2108812838,3418782618,3081867624
dimwishlist:item=42435996&perks=3250572790,2108812838,3418782618,2963273944
dimwishlist:item=42435996&perks=3250572790,2108812838,3418782618,2396489472
dimwishlist:item=42435996&perks=3250572790,2108812838,3418782618,598607952
dimwishlist:item=42435996&perks=3250572790,2108812838,3418782618,1089671869
dimwishlist:item=42435996&perks=3250572790,2108812838,3418782618,496047945
dimwishlist:item=42435996&perks=3250572790,2108812838,1563455254,3081867624
dimwishlist:item=42435996&perks=3250572790,2108812838,1563455254,2963273944
dimwishlist:item=42435996&perks=3250572790,2108812838,1563455254,2396489472
dimwishlist:item=42435996&perks=3250572790,2108812838,1563455254,598607952
dimwishlist:item=42435996&perks=3250572790,2108812838,1563455254,1089671869
dimwishlist:item=42435996&perks=3250572790,2108812838,1563455254,496047945
dimwishlist:item=42435996&perks=3250572790,3230963543,3418782618,3081867624
dimwishlist:item=42435996&perks=3250572790,3230963543,3418782618,2963273944
dimwishlist:item=42435996&perks=3250572790,3230963543,3418782618,2396489472
dimwishlist:item=42435996&perks=3250572790,3230963543,3418782618,598607952
dimwishlist:item=42435996&perks=3250572790,3230963543,3418782618,1089671869
dimwishlist:item=42435996&perks=3250572790,3230963543,3418782618,496047945
dimwishlist:item=42435996&perks=3250572790,3230963543,1563455254,3081867624
dimwishlist:item=42435996&perks=3250572790,3230963543,1563455254,2963273944
dimwishlist:item=42435996&perks=3250572790,3230963543,1563455254,2396489472
dimwishlist:item=42435996&perks=3250572790,3230963543,1563455254,598607952
dimwishlist:item=42435996&perks=3250572790,3230963543,1563455254,1089671869
dimwishlist:item=42435996&perks=3250572790,3230963543,1563455254,496047945
dimwishlist:item=42435996&perks=3250572790,1709045111,3418782618,3081867624
dimwishlist:item=42435996&perks=3250572790,1709045111,3418782618,2963273944
dimwishlist:item=42435996&perks=3250572790,1709045111,3418782618,2396489472
dimwishlist:item=42435996&perks=3250572790,1709045111,3418782618,598607952
dimwishlist:item=42435996&perks=3250572790,1709045111,3418782618,1089671869
dimwishlist:item=42435996&perks=3250572790,1709045111,3418782618,496047945
dimwishlist:item=42435996&perks=3250572790,1709045111,1563455254,3081867624
dimwishlist:item=42435996&perks=3250572790,1709045111,1563455254,2963273944
dimwishlist:item=42435996&perks=3250572790,1709045111,1563455254,2396489472
dimwishlist:item=42435996&perks=3250572790,1709045111,1563455254,598607952
dimwishlist:item=42435996&perks=3250572790,1709045111,1563455254,1089671869
dimwishlist:item=42435996&perks=3250572790,1709045111,1563455254,496047945
dimwishlist:item=42435996&perks=3250572790,1380253176,3418782618,3081867624
dimwishlist:item=42435996&perks=3250572790,1380253176,3418782618,2963273944
dimwishlist:item=42435996&perks=3250572790,1380253176,3418782618,2396489472
dimwishlist:item=42435996&perks=3250572790,1380253176,3418782618,598607952
dimwishlist:item=42435996&perks=3250572790,1380253176,3418782618,1089671869
dimwishlist:item=42435996&perks=3250572790,1380253176,3418782618,496047945
dimwishlist:item=42435996&perks=3250572790,1380253176,1563455254,3081867624
dimwishlist:item=42435996&perks=3250572790,1380253176,1563455254,2963273944
dimwishlist:item=42435996&perks=3250572790,1380253176,1563455254,2396489472
dimwishlist:item=42435996&perks=3250572790,1380253176,1563455254,598607952
dimwishlist:item=42435996&perks=3250572790,1380253176,1563455254,1089671869
dimwishlist:item=42435996&perks=3250572790,1380253176,1563455254,496047945
dimwishlist:item=42435996&perks=3250572790,3781548872,3418782618,3081867624
dimwishlist:item=42435996&perks=3250572790,3781548872,3418782618,2963273944
dimwishlist:item=42435996&perks=3250572790,3781548872,3418782618,2396489472
dimwishlist:item=42435996&perks=3250572790,3781548872,3418782618,598607952
dimwishlist:item=42435996&perks=3250572790,3781548872,3418782618,1089671869
dimwishlist:item=42435996&perks=3250572790,3781548872,3418782618,496047945
dimwishlist:item=42435996&perks=3250572790,3781548872,1563455254,3081867624
dimwishlist:item=42435996&perks=3250572790,3781548872,1563455254,2963273944
dimwishlist:item=42435996&perks=3250572790,3781548872,1563455254,2396489472
dimwishlist:item=42435996&perks=3250572790,3781548872,1563455254,598607952
dimwishlist:item=42435996&perks=3250572790,3781548872,1563455254,1089671869
dimwishlist:item=42435996&perks=3250572790,3781548872,1563455254,496047945
dimwishlist:item=42435996&perks=3809316345,1087426260,3418782618,3081867624
dimwishlist:item=42435996&perks=3809316345,1087426260,3418782618,2963273944
dimwishlist:item=42435996&perks=3809316345,1087426260,3418782618,2396489472
dimwishlist:item=42435996&perks=3809316345,1087426260,3418782618,598607952
dimwishlist:item=42435996&perks=3809316345,1087426260,3418782618,1089671869
dimwishlist:item=42435996&perks=3809316345,1087426260,3418782618,496047945
dimwishlist:item=42435996&perks=3809316345,1087426260,1563455254,3081867624
dimwishlist:item=42435996&perks=3809316345,1087426260,1563455254,2963273944
dimwishlist:item=42435996&perks=3809316345,1087426260,1563455254,2396489472
dimwishlist:item=42435996&perks=3809316345,1087426260,1563455254,598607952
dimwishlist:item=42435996&perks=3809316345,1087426260,1563455254,1089671869
dimwishlist:item=42435996&perks=3809316345,1087426260,1563455254,496047945
dimwishlist:item=42435996&perks=3809316345,1065371964,3418782618,3081867624
dimwishlist:item=42435996&perks=3809316345,1065371964,3418782618,2963273944
dimwishlist:item=42435996&perks=3809316345,1065371964,3418782618,2396489472
dimwishlist:item=42435996&perks=3809316345,1065371964,3418782618,598607952
dimwishlist:item=42435996&perks=3809316345,1065371964,3418782618,1089671869
dimwishlist:item=42435996&perks=3809316345,1065371964,3418782618,496047945
dimwishlist:item=42435996&perks=3809316345,1065371964,1563455254,3081867624
dimwishlist:item=42435996&perks=3809316345,1065371964,1563455254,2963273944
dimwishlist:item=42435996&perks=3809316345,1065371964,1563455254,2396489472
dimwishlist:item=42435996&perks=3809316345,1065371964,1563455254,598607952
dimwishlist:item=42435996&perks=3809316345,1065371964,1563455254,1089671869
dimwishlist:item=42435996&perks=3809316345,1065371964,1563455254,496047945
dimwishlist:item=42435996&perks=3809316345,106909392,3418782618,3081867624
dimwishlist:item=42435996&perks=3809316345,106909392,3418782618,2963273944
dimwishlist:item=42435996&perks=3809316345,106909392,3418782618,2396489472
dimwishlist:item=42435996&perks=3809316345,106909392,3418782618,598607952
dimwishlist:item=42435996&perks=3809316345,106909392,3418782618,1089671869
dimwishlist:item=42435996&perks=3809316345,106909392,3418782618,496047945
dimwishlist:item=42435996&perks=3809316345,106909392,1563455254,3081867624
dimwishlist:item=42435996&perks=3809316345,106909392,1563455254,2963273944
dimwishlist:item=42435996&perks=3809316345,106909392,1563455254,2396489472
dimwishlist:item=42435996&perks=3809316345,106909392,1563455254,598607952
dimwishlist:item=42435996&perks=3809316345,106909392,1563455254,1089671869
dimwishlist:item=42435996&perks=3809316345,106909392,1563455254,496047945
dimwishlist:item=42435996&perks=3809316345,1783397184,3418782618,3081867624
dimwishlist:item=42435996&perks=3809316345,1783397184,3418782618,2963273944
dimwishlist:item=42435996&perks=3809316345,1783397184,3418782618,2396489472
dimwishlist:item=42435996&perks=3809316345,1783397184,3418782618,598607952
dimwishlist:item=42435996&perks=3809316345,1783397184,3418782618,1089671869
dimwishlist:item=42435996&perks=3809316345,1783397184,3418782618,496047945
dimwishlist:item=42435996&perks=3809316345,1783397184,1563455254,3081867624
dimwishlist:item=42435996&perks=3809316345,1783397184,1563455254,2963273944
dimwishlist:item=42435996&perks=3809316345,1783397184,1563455254,2396489472
dimwishlist:item=42435996&perks=3809316345,1783397184,1563455254,598607952
dimwishlist:item=42435996&perks=3809316345,1783397184,1563455254,1089671869
dimwishlist:item=42435996&perks=3809316345,1783397184,1563455254,496047945
dimwishlist:item=42435996&perks=3809316345,2822142346,3418782618,3081867624
dimwishlist:item=42435996&perks=3809316345,2822142346,3418782618,2963273944
dimwishlist:item=42435996&perks=3809316345,2822142346,3418782618,2396489472
dimwishlist:item=42435996&perks=3809316345,2822142346,3418782618,598607952
dimwishlist:item=42435996&perks=3809316345,2822142346,3418782618,1089671869
dimwishlist:item=42435996&perks=3809316345,2822142346,3418782618,496047945
dimwishlist:item=42435996&perks=3809316345,2822142346,1563455254,3081867624
dimwishlist:item=42435996&perks=3809316345,2822142346,1563455254,2963273944
dimwishlist:item=42435996&perks=3809316345,2822142346,1563455254,2396489472
dimwishlist:item=42435996&perks=3809316345,2822142346,1563455254,598607952
dimwishlist:item=42435996&perks=3809316345,2822142346,1563455254,1089671869
dimwishlist:item=42435996&perks=3809316345,2822142346,1563455254,496047945
dimwishlist:item=42435996&perks=3809316345,2108812838,3418782618,3081867624
dimwishlist:item=42435996&perks=3809316345,2108812838,3418782618,2963273944
dimwishlist:item=42435996&perks=3809316345,2108812838,3418782618,2396489472
dimwishlist:item=42435996&perks=3809316345,2108812838,3418782618,598607952
dimwishlist:item=42435996&perks=3809316345,2108812838,3418782618,1089671869
dimwishlist:item=42435996&perks=3809316345,2108812838,3418782618,496047945
dimwishlist:item=42435996&perks=3809316345,2108812838,1563455254,3081867624
dimwishlist:item=42435996&perks=3809316345,2108812838,1563455254,2963273944
dimwishlist:item=42435996&perks=3809316345,2108812838,1563455254,2396489472
dimwishlist:item=42435996&perks=3809316345,2108812838,1563455254,598607952
dimwishlist:item=42435996&perks=3809316345,2108812838,1563455254,1089671869
dimwishlist:item=42435996&perks=3809316345,2108812838,1563455254,496047945
dimwishlist:item=42435996&perks=3809316345,3230963543,3418782618,3081867624
dimwishlist:item=42435996&perks=3809316345,3230963543,3418782618,2963273944
dimwishlist:item=42435996&perks=3809316345,3230963543,3418782618,2396489472
dimwishlist:item=42435996&perks=3809316345,3230963543,3418782618,598607952
dimwishlist:item=42435996&perks=3809316345,3230963543,3418782618,1089671869
dimwishlist:item=42435996&perks=3809316345,3230963543,3418782618,496047945
dimwishlist:item=42435996&perks=3809316345,3230963543,1563455254,3081867624
dimwishlist:item=42435996&perks=3809316345,3230963543,1563455254,2963273944
dimwishlist:item=42435996&perks=3809316345,3230963543,1563455254,2396489472
dimwishlist:item=42435996&perks=3809316345,3230963543,1563455254,598607952
dimwishlist:item=42435996&perks=3809316345,3230963543,1563455254,1089671869
dimwishlist:item=42435996&perks=3809316345,3230963543,1563455254,496047945
dimwishlist:item=42435996&perks=3809316345,1709045111,3418782618,3081867624
dimwishlist:item=42435996&perks=3809316345,1709045111,3418782618,2963273944
dimwishlist:item=42435996&perks=3809316345,1709045111,3418782618,2396489472
dimwishlist:item=42435996&perks=3809316345,1709045111,3418782618,598607952
dimwishlist:item=42435996&perks=3809316345,1709045111,3418782618,1089671869
dimwishlist:item=42435996&perks=3809316345,1709045111,3418782618,496047945
dimwishlist:item=42435996&perks=3809316345,1709045111,1563455254,3081867624
dimwishlist:item=42435996&perks=3809316345,1709045111,1563455254,2963273944
dimwishlist:item=42435996&perks=3809316345,1709045111,1563455254,2396489472
dimwishlist:item=42435996&perks=3809316345,1709045111,1563455254,598607952
dimwishlist:item=42435996&perks=3809316345,1709045111,1563455254,1089671869
dimwishlist:item=42435996&perks=3809316345,1709045111,1563455254,496047945
dimwishlist:item=42435996&perks=3809316345,1380253176,3418782618,3081867624
dimwishlist:item=42435996&perks=3809316345,1380253176,3418782618,2963273944
dimwishlist:item=42435996&perks=3809316345,1380253176,3418782618,2396489472
dimwishlist:item=42435996&perks=3809316345,1380253176,3418782618,598607952
dimwishlist:item=42435996&perks=3809316345,1380253176,3418782618,1089671869
dimwishlist:item=42435996&perks=3809316345,1380253176,3418782618,496047945
dimwishlist:item=42435996&perks=3809316345,1380253176,1563455254,3081867624
dimwishlist:item=42435996&perks=3809316345,1380253176,1563455254,2963273944
dimwishlist:item=42435996&perks=3809316345,1380253176,1563455254,2396489472
dimwishlist:item=42435996&perks=3809316345,1380253176,1563455254,598607952
dimwishlist:item=42435996&perks=3809316345,1380253176,1563455254,1089671869
dimwishlist:item=42435996&perks=3809316345,1380253176,1563455254,496047945
dimwishlist:item=42435996&perks=3809316345,3781548872,3418782618,3081867624
dimwishlist:item=42435996&perks=3809316345,3781548872,3418782618,2963273944
dimwishlist:item=42435996&perks=3809316345,3781548872,3418782618,2396489472
dimwishlist:item=42435996&perks=3809316345,3781548872,3418782618,598607952
dimwishlist:item=42435996&perks=3809316345,3781548872,3418782618,1089671869
dimwishlist:item=42435996&perks=3809316345,3781548872,3418782618,496047945
dimwishlist:item=42435996&perks=3809316345,3781548872,1563455254,3081867624
dimwishlist:item=42435996&perks=3809316345,3781548872,1563455254,2963273944
dimwishlist:item=42435996&perks=3809316345,3781548872,1563455254,2396489472
dimwishlist:item=42435996&perks=3809316345,3781548872,1563455254,598607952
dimwishlist:item=42435996&perks=3809316345,3781548872,1563455254,1089671869
dimwishlist:item=42435996&perks=3809316345,3781548872,1563455254,496047945
dimwishlist:item=42435996&perks=2052299741,1087426260,3418782618,3081867624
dimwishlist:item=42435996&perks=2052299741,1087426260,3418782618,2963273944
dimwishlist:item=42435996&perks=2052299741,1087426260,3418782618,2396489472
dimwishlist:item=42435996&perks=2052299741,1087426260,3418782618,598607952
dimwishlist:item=42435996&perks=2052299741,1087426260,3418782618,1089671869
dimwishlist:item=42435996&perks=2052299741,1087426260,3418782618,496047945
dimwishlist:item=42435996&perks=2052299741,1087426260,1563455254,3081867624
dimwishlist:item=42435996&perks=2052299741,1087426260,1563455254,2963273944
dimwishlist:item=42435996&perks=2052299741,1087426260,1563455254,2396489472
dimwishlist:item=42435996&perks=2052299741,1087426260,1563455254,598607952
dimwishlist:item=42435996&perks=2052299741,1087426260,1563455254,1089671869
dimwishlist:item=42435996&perks=2052299741,1087426260,1563455254,496047945
dimwishlist:item=42435996&perks=2052299741,1065371964,3418782618,3081867624
dimwishlist:item=42435996&perks=2052299741,1065371964,3418782618,2963273944
dimwishlist:item=42435996&perks=2052299741,1065371964,3418782618,2396489472
dimwishlist:item=42435996&perks=2052299741,1065371964,3418782618,598607952
dimwishlist:item=42435996&perks=2052299741,1065371964,3418782618,1089671869
dimwishlist:item=42435996&perks=2052299741,1065371964,3418782618,496047945
dimwishlist:item=42435996&perks=2052299741,1065371964,1563455254,3081867624
dimwishlist:item=42435996&perks=2052299741,1065371964,1563455254,2963273944
dimwishlist:item=42435996&perks=2052299741,1065371964,1563455254,2396489472
dimwishlist:item=42435996&perks=2052299741,1065371964,1563455254,598607952
dimwishlist:item=42435996&perks=2052299741,1065371964,1563455254,1089671869
dimwishlist:item=42435996&perks=2052299741,1065371964,1563455254,496047945
dimwishlist:item=42435996&perks=2052299741,106909392,3418782618,3081867624
dimwishlist:item=42435996&perks=2052299741,106909392,3418782618,2963273944
dimwishlist:item=42435996&perks=2052299741,106909392,3418782618,2396489472
dimwishlist:item=42435996&perks=2052299741,106909392,3418782618,598607952
dimwishlist:item=42435996&perks=2052299741,106909392,3418782618,1089671869
dimwishlist:item=42435996&perks=2052299741,106909392,3418782618,496047945
dimwishlist:item=42435996&perks=2052299741,106909392,1563455254,3081867624
dimwishlist:item=42435996&perks=2052299741,106909392,1563455254,2963273944
dimwishlist:item=42435996&perks=2052299741,106909392,1563455254,2396489472
dimwishlist:item=42435996&perks=2052299741,106909392,1563455254,598607952
dimwishlist:item=42435996&perks=2052299741,106909392,1563455254,1089671869
dimwishlist:item=42435996&perks=2052299741,106909392,1563455254,496047945
dimwishlist:item=42435996&perks=2052299741,1783397184,3418782618,3081867624
dimwishlist:item=42435996&perks=2052299741,1783397184,3418782618,2963273944
dimwishlist:item=42435996&perks=2052299741,1783397184,3418782618,2396489472
dimwishlist:item=42435996&perks=2052299741,1783397184,3418782618,598607952
dimwishlist:item=42435996&perks=2052299741,1783397184,3418782618,1089671869
dimwishlist:item=42435996&perks=2052299741,1783397184,3418782618,496047945
dimwishlist:item=42435996&perks=2052299741,1783397184,1563455254,3081867624
dimwishlist:item=42435996&perks=2052299741,1783397184,1563455254,2963273944
dimwishlist:item=42435996&perks=2052299741,1783397184,1563455254,2396489472
dimwishlist:item=42435996&perks=2052299741,1783397184,1563455254,598607952
dimwishlist:item=42435996&perks=2052299741,1783397184,1563455254,1089671869
dimwishlist:item=42435996&perks=2052299741,1783397184,1563455254,496047945
dimwishlist:item=42435996&perks=2052299741,2822142346,3418782618,3081867624
dimwishlist:item=42435996&perks=2052299741,2822142346,3418782618,2963273944
dimwishlist:item=42435996&perks=2052299741,2822142346,3418782618,2396489472
dimwishlist:item=42435996&perks=2052299741,2822142346,3418782618,598607952
dimwishlist:item=42435996&perks=2052299741,2822142346,3418782618,1089671869
dimwishlist:item=42435996&perks=2052299741,2822142346,3418782618,496047945
dimwishlist:item=42435996&perks=2052299741,2822142346,1563455254,3081867624
dimwishlist:item=42435996&perks=2052299741,2822142346,1563455254,2963273944
dimwishlist:item=42435996&perks=2052299741,2822142346,1563455254,2396489472
dimwishlist:item=42435996&perks=2052299741,2822142346,1563455254,598607952
dimwishlist:item=42435996&perks=2052299741,2822142346,1563455254,1089671869
dimwishlist:item=42435996&perks=2052299741,2822142346,1563455254,496047945
dimwishlist:item=42435996&perks=2052299741,2108812838,3418782618,3081867624
dimwishlist:item=42435996&perks=2052299741,2108812838,3418782618,2963273944
dimwishlist:item=42435996&perks=2052299741,2108812838,3418782618,2396489472
dimwishlist:item=42435996&perks=2052299741,2108812838,3418782618,598607952
dimwishlist:item=42435996&perks=2052299741,2108812838,3418782618,1089671869
dimwishlist:item=42435996&perks=2052299741,2108812838,3418782618,496047945
dimwishlist:item=42435996&perks=2052299741,2108812838,1563455254,3081867624
dimwishlist:item=42435996&perks=2052299741,2108812838,1563455254,2963273944
dimwishlist:item=42435996&perks=2052299741,2108812838,1563455254,2396489472
dimwishlist:item=42435996&perks=2052299741,2108812838,1563455254,598607952
dimwishlist:item=42435996&perks=2052299741,2108812838,1563455254,1089671869
dimwishlist:item=42435996&perks=2052299741,2108812838,1563455254,496047945
dimwishlist:item=42435996&perks=2052299741,3230963543,3418782618,3081867624
dimwishlist:item=42435996&perks=2052299741,3230963543,3418782618,2963273944
dimwishlist:item=42435996&perks=2052299741,3230963543,3418782618,2396489472
dimwishlist:item=42435996&perks=2052299741,3230963543,3418782618,598607952
dimwishlist:item=42435996&perks=2052299741,3230963543,3418782618,1089671869
dimwishlist:item=42435996&perks=2052299741,3230963543,3418782618,496047945
dimwishlist:item=42435996&perks=2052299741,3230963543,1563455254,3081867624
dimwishlist:item=42435996&perks=2052299741,3230963543,1563455254,2963273944
dimwishlist:item=42435996&perks=2052299741,3230963543,1563455254,2396489472
dimwishlist:item=42435996&perks=2052299741,3230963543,1563455254,598607952
dimwishlist:item=42435996&perks=2052299741,3230963543,1563455254,1089671869
dimwishlist:item=42435996&perks=2052299741,3230963543,1563455254,496047945
dimwishlist:item=42435996&perks=2052299741,1709045111,3418782618,3081867624
dimwishlist:item=42435996&perks=2052299741,1709045111,3418782618,2963273944
dimwishlist:item=42435996&perks=2052299741,1709045111,3418782618,2396489472
dimwishlist:item=42435996&perks=2052299741,1709045111,3418782618,598607952
dimwishlist:item=42435996&perks=2052299741,1709045111,3418782618,1089671869
dimwishlist:item=42435996&perks=2052299741,1709045111,3418782618,496047945
dimwishlist:item=42435996&perks=2052299741,1709045111,1563455254,3081867624
dimwishlist:item=42435996&perks=2052299741,1709045111,1563455254,2963273944
dimwishlist:item=42435996&perks=2052299741,1709045111,1563455254,2396489472
dimwishlist:item=42435996&perks=2052299741,1709045111,1563455254,598607952
dimwishlist:item=42435996&perks=2052299741,1709045111,1563455254,1089671869
dimwishlist:item=42435996&perks=2052299741,1709045111,1563455254,496047945
dimwishlist:item=42435996&perks=2052299741,1380253176,3418782618,3081867624
dimwishlist:item=42435996&perks=2052299741,1380253176,3418782618,2963273944
dimwishlist:item=42435996&perks=2052299741,1380253176,3418782618,2396489472
dimwishlist:item=42435996&perks=2052299741,1380253176,3418782618,598607952
dimwishlist:item=42435996&perks=2052299741,1380253176,3418782618,1089671869
dimwishlist:item=42435996&perks=2052299741,1380253176,3418782618,496047945
dimwishlist:item=42435996&perks=2052299741,1380253176,1563455254,3081867624
dimwishlist:item=42435996&perks=2052299741,1380253176,1563455254,2963273944
dimwishlist:item=42435996&perks=2052299741,1380253176,1563455254,2396489472
dimwishlist:item=42435996&perks=2052299741,1380253176,1563455254,598607952
dimwishlist:item=42435996&perks=2052299741,1380253176,1563455254,1089671869
dimwishlist:item=42435996&perks=2052299741,1380253176,1563455254,496047945
dimwishlist:item=42435996&perks=2052299741,3781548872,3418782618,3081867624
dimwishlist:item=42435996&perks=2052299741,3781548872,3418782618,2963273944
dimwishlist:item=42435996&perks=2052299741,3781548872,3418782618,2396489472
dimwishlist:item=42435996&perks=2052299741,3781548872,3418782618,598607952
dimwishlist:item=42435996&perks=2052299741,3781548872,3418782618,1089671869
dimwishlist:item=42435996&perks=2052299741,3781548872,3418782618,496047945
dimwishlist:item=42435996&perks=2052299741,3781548872,1563455254,3081867624
dimwishlist:item=42435996&perks=2052299741,3781548872,1563455254,2963273944
dimwishlist:item=42435996&perks=2052299741,3781548872,1563455254,2396489472
dimwishlist:item=42435996&perks=2052299741,3781548872,1563455254,598607952
dimwishlist:item=42435996&perks=2052299741,3781548872,1563455254,1089671869
dimwishlist:item=42435996&perks=2052299741,3781548872,1563455254,496047945


// Mint Retrograde - PERKS PVE (god-pve,pve)
//notes: MW=BLAST>VELOCITY>RELOAD>HANDLING>STABILITY tags:god-pve,pve
dimwishlist:item=42435996&perks=3418782618,3081867624
dimwishlist:item=42435996&perks=3418782618,2963273944
dimwishlist:item=42435996&perks=3418782618,2396489472
dimwishlist:item=42435996&perks=3418782618,598607952
dimwishlist:item=42435996&perks=3418782618,1089671869
dimwishlist:item=42435996&perks=3418782618,496047945
dimwishlist:item=42435996&perks=1563455254,3081867624
dimwishlist:item=42435996&perks=1563455254,2963273944
dimwishlist:item=42435996&perks=1563455254,2396489472
dimwishlist:item=42435996&perks=1563455254,598607952
dimwishlist:item=42435996&perks=1563455254,1089671869
dimwishlist:item=42435996&perks=1563455254,496047945


// Ahab Char - GOD PVE (god-pve)
//notes: MW=RANGE>RELOAD>STABILITY>HANDLING tags:god-pve
dimwishlist:item=1411560894&perks=839105230,1968497646,3017780555,2890807135,4139916815
dimwishlist:item=1411560894&perks=839105230,1968497646,3017780555,2890807135,4232410959
dimwishlist:item=1411560894&perks=839105230,1968497646,3017780555,3581929919,4139916815
dimwishlist:item=1411560894&perks=839105230,1968497646,3017780555,3581929919,4232410959
dimwishlist:item=1411560894&perks=839105230,1968497646,3017780555,1015611457,4139916815
dimwishlist:item=1411560894&perks=839105230,1968497646,3017780555,1015611457,4232410959
dimwishlist:item=1411560894&perks=839105230,1968497646,3017780555,2923251173,4139916815
dimwishlist:item=1411560894&perks=839105230,1968497646,3017780555,2923251173,4232410959
dimwishlist:item=1411560894&perks=839105230,1968497646,3017780555,3673922083,4139916815
dimwishlist:item=1411560894&perks=839105230,1968497646,3017780555,3673922083,4232410959
dimwishlist:item=1411560894&perks=839105230,1968497646,3017780555,2889515627,4139916815
dimwishlist:item=1411560894&perks=839105230,1968497646,3017780555,2889515627,4232410959
dimwishlist:item=1411560894&perks=839105230,1968497646,4223976499,2890807135,4139916815
dimwishlist:item=1411560894&perks=839105230,1968497646,4223976499,2890807135,4232410959
dimwishlist:item=1411560894&perks=839105230,1968497646,4223976499,3581929919,4139916815
dimwishlist:item=1411560894&perks=839105230,1968497646,4223976499,3581929919,4232410959
dimwishlist:item=1411560894&perks=839105230,1968497646,4223976499,1015611457,4139916815
dimwishlist:item=1411560894&perks=839105230,1968497646,4223976499,1015611457,4232410959
dimwishlist:item=1411560894&perks=839105230,1968497646,4223976499,2923251173,4139916815
dimwishlist:item=1411560894&perks=839105230,1968497646,4223976499,2923251173,4232410959
dimwishlist:item=1411560894&perks=839105230,1968497646,4223976499,3673922083,4139916815
dimwishlist:item=1411560894&perks=839105230,1968497646,4223976499,3673922083,4232410959
dimwishlist:item=1411560894&perks=839105230,1968497646,4223976499,2889515627,4139916815
dimwishlist:item=1411560894&perks=839105230,1968497646,4223976499,2889515627,4232410959
dimwishlist:item=1411560894&perks=839105230,1968497646,1820235745,2890807135,4139916815
dimwishlist:item=1411560894&perks=839105230,1968497646,1820235745,2890807135,4232410959
dimwishlist:item=1411560894&perks=839105230,1968497646,1820235745,3581929919,4139916815
dimwishlist:item=1411560894&perks=839105230,1968497646,1820235745,3581929919,4232410959
dimwishlist:item=1411560894&perks=839105230,1968497646,1820235745,1015611457,4139916815
dimwishlist:item=1411560894&perks=839105230,1968497646,1820235745,1015611457,4232410959
dimwishlist:item=1411560894&perks=839105230,1968497646,1820235745,2923251173,4139916815
dimwishlist:item=1411560894&perks=839105230,1968497646,1820235745,2923251173,4232410959
dimwishlist:item=1411560894&perks=839105230,1968497646,1820235745,3673922083,4139916815
dimwishlist:item=1411560894&perks=839105230,1968497646,1820235745,3673922083,4232410959
dimwishlist:item=1411560894&perks=839105230,1968497646,1820235745,2889515627,4139916815
dimwishlist:item=1411560894&perks=839105230,1968497646,1820235745,2889515627,4232410959
dimwishlist:item=1411560894&perks=839105230,1968497646,4245865861,2890807135,4139916815
dimwishlist:item=1411560894&perks=839105230,1968497646,4245865861,2890807135,4232410959
dimwishlist:item=1411560894&perks=839105230,1968497646,4245865861,3581929919,4139916815
dimwishlist:item=1411560894&perks=839105230,1968497646,4245865861,3581929919,4232410959
dimwishlist:item=1411560894&perks=839105230,1968497646,4245865861,1015611457,4139916815
dimwishlist:item=1411560894&perks=839105230,1968497646,4245865861,1015611457,4232410959
dimwishlist:item=1411560894&perks=839105230,1968497646,4245865861,2923251173,4139916815
dimwishlist:item=1411560894&perks=839105230,1968497646,4245865861,2923251173,4232410959
dimwishlist:item=1411560894&perks=839105230,1968497646,4245865861,3673922083,4139916815
dimwishlist:item=1411560894&perks=839105230,1968497646,4245865861,3673922083,4232410959
dimwishlist:item=1411560894&perks=839105230,1968497646,4245865861,2889515627,4139916815
dimwishlist:item=1411560894&perks=839105230,1968497646,4245865861,2889515627,4232410959
dimwishlist:item=1411560894&perks=839105230,2172195298,3017780555,2890807135,4139916815
dimwishlist:item=1411560894&perks=839105230,2172195298,3017780555,2890807135,4232410959
dimwishlist:item=1411560894&perks=839105230,2172195298,3017780555,3581929919,4139916815
dimwishlist:item=1411560894&perks=839105230,2172195298,3017780555,3581929919,4232410959
dimwishlist:item=1411560894&perks=839105230,2172195298,3017780555,1015611457,4139916815
dimwishlist:item=1411560894&perks=839105230,2172195298,3017780555,1015611457,4232410959
dimwishlist:item=1411560894&perks=839105230,2172195298,3017780555,2923251173,4139916815
dimwishlist:item=1411560894&perks=839105230,2172195298,3017780555,2923251173,4232410959
dimwishlist:item=1411560894&perks=839105230,2172195298,3017780555,3673922083,4139916815
dimwishlist:item=1411560894&perks=839105230,2172195298,3017780555,3673922083,4232410959
dimwishlist:item=1411560894&perks=839105230,2172195298,3017780555,2889515627,4139916815
dimwishlist:item=1411560894&perks=839105230,2172195298,3017780555,2889515627,4232410959
dimwishlist:item=1411560894&perks=839105230,2172195298,4223976499,2890807135,4139916815
dimwishlist:item=1411560894&perks=839105230,2172195298,4223976499,2890807135,4232410959
dimwishlist:item=1411560894&perks=839105230,2172195298,4223976499,3581929919,4139916815
dimwishlist:item=1411560894&perks=839105230,2172195298,4223976499,3581929919,4232410959
dimwishlist:item=1411560894&perks=839105230,2172195298,4223976499,1015611457,4139916815
dimwishlist:item=1411560894&perks=839105230,2172195298,4223976499,1015611457,4232410959
dimwishlist:item=1411560894&perks=839105230,2172195298,4223976499,2923251173,4139916815
dimwishlist:item=1411560894&perks=839105230,2172195298,4223976499,2923251173,4232410959
dimwishlist:item=1411560894&perks=839105230,2172195298,4223976499,3673922083,4139916815
dimwishlist:item=1411560894&perks=839105230,2172195298,4223976499,3673922083,4232410959
dimwishlist:item=1411560894&perks=839105230,2172195298,4223976499,2889515627,4139916815
dimwishlist:item=1411560894&perks=839105230,2172195298,4223976499,2889515627,4232410959
dimwishlist:item=1411560894&perks=839105230,2172195298,1820235745,2890807135,4139916815
dimwishlist:item=1411560894&perks=839105230,2172195298,1820235745,2890807135,4232410959
dimwishlist:item=1411560894&perks=839105230,2172195298,1820235745,3581929919,4139916815
dimwishlist:item=1411560894&perks=839105230,2172195298,1820235745,3581929919,4232410959
dimwishlist:item=1411560894&perks=839105230,2172195298,1820235745,1015611457,4139916815
dimwishlist:item=1411560894&perks=839105230,2172195298,1820235745,1015611457,4232410959
dimwishlist:item=1411560894&perks=839105230,2172195298,1820235745,2923251173,4139916815
dimwishlist:item=1411560894&perks=839105230,2172195298,1820235745,2923251173,4232410959
dimwishlist:item=1411560894&perks=839105230,2172195298,1820235745,3673922083,4139916815
dimwishlist:item=1411560894&perks=839105230,2172195298,1820235745,3673922083,4232410959
dimwishlist:item=1411560894&perks=839105230,2172195298,1820235745,2889515627,4139916815
dimwishlist:item=1411560894&perks=839105230,2172195298,1820235745,2889515627,4232410959
dimwishlist:item=1411560894&perks=839105230,2172195298,4245865861,2890807135,4139916815
dimwishlist:item=1411560894&perks=839105230,2172195298,4245865861,2890807135,4232410959
dimwishlist:item=1411560894&perks=839105230,2172195298,4245865861,3581929919,4139916815
dimwishlist:item=1411560894&perks=839105230,2172195298,4245865861,3581929919,4232410959
dimwishlist:item=1411560894&perks=839105230,2172195298,4245865861,1015611457,4139916815
dimwishlist:item=1411560894&perks=839105230,2172195298,4245865861,1015611457,4232410959
dimwishlist:item=1411560894&perks=839105230,2172195298,4245865861,2923251173,4139916815
dimwishlist:item=1411560894&perks=839105230,2172195298,4245865861,2923251173,4232410959
dimwishlist:item=1411560894&perks=839105230,2172195298,4245865861,3673922083,4139916815
dimwishlist:item=1411560894&perks=839105230,2172195298,4245865861,3673922083,4232410959
dimwishlist:item=1411560894&perks=839105230,2172195298,4245865861,2889515627,4139916815
dimwishlist:item=1411560894&perks=839105230,2172195298,4245865861,2889515627,4232410959
dimwishlist:item=1411560894&perks=839105230,3230963543,3017780555,2890807135,4139916815
dimwishlist:item=1411560894&perks=839105230,3230963543,3017780555,2890807135,4232410959
dimwishlist:item=1411560894&perks=839105230,3230963543,3017780555,3581929919,4139916815
dimwishlist:item=1411560894&perks=839105230,3230963543,3017780555,3581929919,4232410959
dimwishlist:item=1411560894&perks=839105230,3230963543,3017780555,1015611457,4139916815
dimwishlist:item=1411560894&perks=839105230,3230963543,3017780555,1015611457,4232410959
dimwishlist:item=1411560894&perks=839105230,3230963543,3017780555,2923251173,4139916815
dimwishlist:item=1411560894&perks=839105230,3230963543,3017780555,2923251173,4232410959
dimwishlist:item=1411560894&perks=839105230,3230963543,3017780555,3673922083,4139916815
dimwishlist:item=1411560894&perks=839105230,3230963543,3017780555,3673922083,4232410959
dimwishlist:item=1411560894&perks=839105230,3230963543,3017780555,2889515627,4139916815
dimwishlist:item=1411560894&perks=839105230,3230963543,3017780555,2889515627,4232410959
dimwishlist:item=1411560894&perks=839105230,3230963543,4223976499,2890807135,4139916815
dimwishlist:item=1411560894&perks=839105230,3230963543,4223976499,2890807135,4232410959
dimwishlist:item=1411560894&perks=839105230,3230963543,4223976499,3581929919,4139916815
dimwishlist:item=1411560894&perks=839105230,3230963543,4223976499,3581929919,4232410959
dimwishlist:item=1411560894&perks=839105230,3230963543,4223976499,1015611457,4139916815
dimwishlist:item=1411560894&perks=839105230,3230963543,4223976499,1015611457,4232410959
dimwishlist:item=1411560894&perks=839105230,3230963543,4223976499,2923251173,4139916815
dimwishlist:item=1411560894&perks=839105230,3230963543,4223976499,2923251173,4232410959
dimwishlist:item=1411560894&perks=839105230,3230963543,4223976499,3673922083,4139916815
dimwishlist:item=1411560894&perks=839105230,3230963543,4223976499,3673922083,4232410959
dimwishlist:item=1411560894&perks=839105230,3230963543,4223976499,2889515627,4139916815
dimwishlist:item=1411560894&perks=839105230,3230963543,4223976499,2889515627,4232410959
dimwishlist:item=1411560894&perks=839105230,3230963543,1820235745,2890807135,4139916815
dimwishlist:item=1411560894&perks=839105230,3230963543,1820235745,2890807135,4232410959
dimwishlist:item=1411560894&perks=839105230,3230963543,1820235745,3581929919,4139916815
dimwishlist:item=1411560894&perks=839105230,3230963543,1820235745,3581929919,4232410959
dimwishlist:item=1411560894&perks=839105230,3230963543,1820235745,1015611457,4139916815
dimwishlist:item=1411560894&perks=839105230,3230963543,1820235745,1015611457,4232410959
dimwishlist:item=1411560894&perks=839105230,3230963543,1820235745,2923251173,4139916815
dimwishlist:item=1411560894&perks=839105230,3230963543,1820235745,2923251173,4232410959
dimwishlist:item=1411560894&perks=839105230,3230963543,1820235745,3673922083,4139916815
dimwishlist:item=1411560894&perks=839105230,3230963543,1820235745,3673922083,4232410959
dimwishlist:item=1411560894&perks=839105230,3230963543,1820235745,2889515627,4139916815
dimwishlist:item=1411560894&perks=839105230,3230963543,1820235745,2889515627,4232410959
dimwishlist:item=1411560894&perks=839105230,3230963543,4245865861,2890807135,4139916815
dimwishlist:item=1411560894&perks=839105230,3230963543,4245865861,2890807135,4232410959
dimwishlist:item=1411560894&perks=839105230,3230963543,4245865861,3581929919,4139916815
dimwishlist:item=1411560894&perks=839105230,3230963543,4245865861,3581929919,4232410959
dimwishlist:item=1411560894&perks=839105230,3230963543,4245865861,1015611457,4139916815
dimwishlist:item=1411560894&perks=839105230,3230963543,4245865861,1015611457,4232410959
dimwishlist:item=1411560894&perks=839105230,3230963543,4245865861,2923251173,4139916815
dimwishlist:item=1411560894&perks=839105230,3230963543,4245865861,2923251173,4232410959
dimwishlist:item=1411560894&perks=839105230,3230963543,4245865861,3673922083,4139916815
dimwishlist:item=1411560894&perks=839105230,3230963543,4245865861,3673922083,4232410959
dimwishlist:item=1411560894&perks=839105230,3230963543,4245865861,2889515627,4139916815
dimwishlist:item=1411560894&perks=839105230,3230963543,4245865861,2889515627,4232410959
dimwishlist:item=1411560894&perks=839105230,1709045111,3017780555,2890807135,4139916815
dimwishlist:item=1411560894&perks=839105230,1709045111,3017780555,2890807135,4232410959
dimwishlist:item=1411560894&perks=839105230,1709045111,3017780555,3581929919,4139916815
dimwishlist:item=1411560894&perks=839105230,1709045111,3017780555,3581929919,4232410959
dimwishlist:item=1411560894&perks=839105230,1709045111,3017780555,1015611457,4139916815
dimwishlist:item=1411560894&perks=839105230,1709045111,3017780555,1015611457,4232410959
dimwishlist:item=1411560894&perks=839105230,1709045111,3017780555,2923251173,4139916815
dimwishlist:item=1411560894&perks=839105230,1709045111,3017780555,2923251173,4232410959
dimwishlist:item=1411560894&perks=839105230,1709045111,3017780555,3673922083,4139916815
dimwishlist:item=1411560894&perks=839105230,1709045111,3017780555,3673922083,4232410959
dimwishlist:item=1411560894&perks=839105230,1709045111,3017780555,2889515627,4139916815
dimwishlist:item=1411560894&perks=839105230,1709045111,3017780555,2889515627,4232410959
dimwishlist:item=1411560894&perks=839105230,1709045111,4223976499,2890807135,4139916815
dimwishlist:item=1411560894&perks=839105230,1709045111,4223976499,2890807135,4232410959
dimwishlist:item=1411560894&perks=839105230,1709045111,4223976499,3581929919,4139916815
dimwishlist:item=1411560894&perks=839105230,1709045111,4223976499,3581929919,4232410959
dimwishlist:item=1411560894&perks=839105230,1709045111,4223976499,1015611457,4139916815
dimwishlist:item=1411560894&perks=839105230,1709045111,4223976499,1015611457,4232410959
dimwishlist:item=1411560894&perks=839105230,1709045111,4223976499,2923251173,4139916815
dimwishlist:item=1411560894&perks=839105230,1709045111,4223976499,2923251173,4232410959
dimwishlist:item=1411560894&perks=839105230,1709045111,4223976499,3673922083,4139916815
dimwishlist:item=1411560894&perks=839105230,1709045111,4223976499,3673922083,4232410959
dimwishlist:item=1411560894&perks=839105230,1709045111,4223976499,2889515627,4139916815
dimwishlist:item=1411560894&perks=839105230,1709045111,4223976499,2889515627,4232410959
dimwishlist:item=1411560894&perks=839105230,1709045111,1820235745,2890807135,4139916815
dimwishlist:item=1411560894&perks=839105230,1709045111,1820235745,2890807135,4232410959
dimwishlist:item=1411560894&perks=839105230,1709045111,1820235745,3581929919,4139916815
dimwishlist:item=1411560894&perks=839105230,1709045111,1820235745,3581929919,4232410959
dimwishlist:item=1411560894&perks=839105230,1709045111,1820235745,1015611457,4139916815
dimwishlist:item=1411560894&perks=839105230,1709045111,1820235745,1015611457,4232410959
dimwishlist:item=1411560894&perks=839105230,1709045111,1820235745,2923251173,4139916815
dimwishlist:item=1411560894&perks=839105230,1709045111,1820235745,2923251173,4232410959
dimwishlist:item=1411560894&perks=839105230,1709045111,1820235745,3673922083,4139916815
dimwishlist:item=1411560894&perks=839105230,1709045111,1820235745,3673922083,4232410959
dimwishlist:item=1411560894&perks=839105230,1709045111,1820235745,2889515627,4139916815
dimwishlist:item=1411560894&perks=839105230,1709045111,1820235745,2889515627,4232410959
dimwishlist:item=1411560894&perks=839105230,1709045111,4245865861,2890807135,4139916815
dimwishlist:item=1411560894&perks=839105230,1709045111,4245865861,2890807135,4232410959
dimwishlist:item=1411560894&perks=839105230,1709045111,4245865861,3581929919,4139916815
dimwishlist:item=1411560894&perks=839105230,1709045111,4245865861,3581929919,4232410959
dimwishlist:item=1411560894&perks=839105230,1709045111,4245865861,1015611457,4139916815
dimwishlist:item=1411560894&perks=839105230,1709045111,4245865861,1015611457,4232410959
dimwishlist:item=1411560894&perks=839105230,1709045111,4245865861,2923251173,4139916815
dimwishlist:item=1411560894&perks=839105230,1709045111,4245865861,2923251173,4232410959
dimwishlist:item=1411560894&perks=839105230,1709045111,4245865861,3673922083,4139916815
dimwishlist:item=1411560894&perks=839105230,1709045111,4245865861,3673922083,4232410959
dimwishlist:item=1411560894&perks=839105230,1709045111,4245865861,2889515627,4139916815
dimwishlist:item=1411560894&perks=839105230,1709045111,4245865861,2889515627,4232410959
dimwishlist:item=1411560894&perks=839105230,679225683,3017780555,2890807135,4139916815
dimwishlist:item=1411560894&perks=839105230,679225683,3017780555,2890807135,4232410959
dimwishlist:item=1411560894&perks=839105230,679225683,3017780555,3581929919,4139916815
dimwishlist:item=1411560894&perks=839105230,679225683,3017780555,3581929919,4232410959
dimwishlist:item=1411560894&perks=839105230,679225683,3017780555,1015611457,4139916815
dimwishlist:item=1411560894&perks=839105230,679225683,3017780555,1015611457,4232410959
dimwishlist:item=1411560894&perks=839105230,679225683,3017780555,2923251173,4139916815
dimwishlist:item=1411560894&perks=839105230,679225683,3017780555,2923251173,4232410959
dimwishlist:item=1411560894&perks=839105230,679225683,3017780555,3673922083,4139916815
dimwishlist:item=1411560894&perks=839105230,679225683,3017780555,3673922083,4232410959
dimwishlist:item=1411560894&perks=839105230,679225683,3017780555,2889515627,4139916815
dimwishlist:item=1411560894&perks=839105230,679225683,3017780555,2889515627,4232410959
dimwishlist:item=1411560894&perks=839105230,679225683,4223976499,2890807135,4139916815
dimwishlist:item=1411560894&perks=839105230,679225683,4223976499,2890807135,4232410959
dimwishlist:item=1411560894&perks=839105230,679225683,4223976499,3581929919,4139916815
dimwishlist:item=1411560894&perks=839105230,679225683,4223976499,3581929919,4232410959
dimwishlist:item=1411560894&perks=839105230,679225683,4223976499,1015611457,4139916815
dimwishlist:item=1411560894&perks=839105230,679225683,4223976499,1015611457,4232410959
dimwishlist:item=1411560894&perks=839105230,679225683,4223976499,2923251173,4139916815
dimwishlist:item=1411560894&perks=839105230,679225683,4223976499,2923251173,4232410959
dimwishlist:item=1411560894&perks=839105230,679225683,4223976499,3673922083,4139916815
dimwishlist:item=1411560894&perks=839105230,679225683,4223976499,3673922083,4232410959
dimwishlist:item=1411560894&perks=839105230,679225683,4223976499,2889515627,4139916815
dimwishlist:item=1411560894&perks=839105230,679225683,4223976499,2889515627,4232410959
dimwishlist:item=1411560894&perks=839105230,679225683,1820235745,2890807135,4139916815
dimwishlist:item=1411560894&perks=839105230,679225683,1820235745,2890807135,4232410959
dimwishlist:item=1411560894&perks=839105230,679225683,1820235745,3581929919,4139916815
dimwishlist:item=1411560894&perks=839105230,679225683,1820235745,3581929919,4232410959
dimwishlist:item=1411560894&perks=839105230,679225683,1820235745,1015611457,4139916815
dimwishlist:item=1411560894&perks=839105230,679225683,1820235745,1015611457,4232410959
dimwishlist:item=1411560894&perks=839105230,679225683,1820235745,2923251173,4139916815
dimwishlist:item=1411560894&perks=839105230,679225683,1820235745,2923251173,4232410959
dimwishlist:item=1411560894&perks=839105230,679225683,1820235745,3673922083,4139916815
dimwishlist:item=1411560894&perks=839105230,679225683,1820235745,3673922083,4232410959
dimwishlist:item=1411560894&perks=839105230,679225683,1820235745,2889515627,4139916815
dimwishlist:item=1411560894&perks=839105230,679225683,1820235745,2889515627,4232410959
dimwishlist:item=1411560894&perks=839105230,679225683,4245865861,2890807135,4139916815
dimwishlist:item=1411560894&perks=839105230,679225683,4245865861,2890807135,4232410959
dimwishlist:item=1411560894&perks=839105230,679225683,4245865861,3581929919,4139916815
dimwishlist:item=1411560894&perks=839105230,679225683,4245865861,3581929919,4232410959
dimwishlist:item=1411560894&perks=839105230,679225683,4245865861,1015611457,4139916815
dimwishlist:item=1411560894&perks=839105230,679225683,4245865861,1015611457,4232410959
dimwishlist:item=1411560894&perks=839105230,679225683,4245865861,2923251173,4139916815
dimwishlist:item=1411560894&perks=839105230,679225683,4245865861,2923251173,4232410959
dimwishlist:item=1411560894&perks=839105230,679225683,4245865861,3673922083,4139916815
dimwishlist:item=1411560894&perks=839105230,679225683,4245865861,3673922083,4232410959
dimwishlist:item=1411560894&perks=839105230,679225683,4245865861,2889515627,4139916815
dimwishlist:item=1411560894&perks=839105230,679225683,4245865861,2889515627,4232410959
dimwishlist:item=1411560894&perks=839105230,1807273211,3017780555,2890807135,4139916815
dimwishlist:item=1411560894&perks=839105230,1807273211,3017780555,2890807135,4232410959
dimwishlist:item=1411560894&perks=839105230,1807273211,3017780555,3581929919,4139916815
dimwishlist:item=1411560894&perks=839105230,1807273211,3017780555,3581929919,4232410959
dimwishlist:item=1411560894&perks=839105230,1807273211,3017780555,1015611457,4139916815
dimwishlist:item=1411560894&perks=839105230,1807273211,3017780555,1015611457,4232410959
dimwishlist:item=1411560894&perks=839105230,1807273211,3017780555,2923251173,4139916815
dimwishlist:item=1411560894&perks=839105230,1807273211,3017780555,2923251173,4232410959
dimwishlist:item=1411560894&perks=839105230,1807273211,3017780555,3673922083,4139916815
dimwishlist:item=1411560894&perks=839105230,1807273211,3017780555,3673922083,4232410959
dimwishlist:item=1411560894&perks=839105230,1807273211,3017780555,2889515627,4139916815
dimwishlist:item=1411560894&perks=839105230,1807273211,3017780555,2889515627,4232410959
dimwishlist:item=1411560894&perks=839105230,1807273211,4223976499,2890807135,4139916815
dimwishlist:item=1411560894&perks=839105230,1807273211,4223976499,2890807135,4232410959
dimwishlist:item=1411560894&perks=839105230,1807273211,4223976499,3581929919,4139916815
dimwishlist:item=1411560894&perks=839105230,1807273211,4223976499,3581929919,4232410959
dimwishlist:item=1411560894&perks=839105230,1807273211,4223976499,1015611457,4139916815
dimwishlist:item=1411560894&perks=839105230,1807273211,4223976499,1015611457,4232410959
dimwishlist:item=1411560894&perks=839105230,1807273211,4223976499,2923251173,4139916815
dimwishlist:item=1411560894&perks=839105230,1807273211,4223976499,2923251173,4232410959
dimwishlist:item=1411560894&perks=839105230,1807273211,4223976499,3673922083,4139916815
dimwishlist:item=1411560894&perks=839105230,1807273211,4223976499,3673922083,4232410959
dimwishlist:item=1411560894&perks=839105230,1807273211,4223976499,2889515627,4139916815
dimwishlist:item=1411560894&perks=839105230,1807273211,4223976499,2889515627,4232410959
dimwishlist:item=1411560894&perks=839105230,1807273211,1820235745,2890807135,4139916815
dimwishlist:item=1411560894&perks=839105230,1807273211,1820235745,2890807135,4232410959
dimwishlist:item=1411560894&perks=839105230,1807273211,1820235745,3581929919,4139916815
dimwishlist:item=1411560894&perks=839105230,1807273211,1820235745,3581929919,4232410959
dimwishlist:item=1411560894&perks=839105230,1807273211,1820235745,1015611457,4139916815
dimwishlist:item=1411560894&perks=839105230,1807273211,1820235745,1015611457,4232410959
dimwishlist:item=1411560894&perks=839105230,1807273211,1820235745,2923251173,4139916815
dimwishlist:item=1411560894&perks=839105230,1807273211,1820235745,2923251173,4232410959
dimwishlist:item=1411560894&perks=839105230,1807273211,1820235745,3673922083,4139916815
dimwishlist:item=1411560894&perks=839105230,1807273211,1820235745,3673922083,4232410959
dimwishlist:item=1411560894&perks=839105230,1807273211,1820235745,2889515627,4139916815
dimwishlist:item=1411560894&perks=839105230,1807273211,1820235745,2889515627,4232410959
dimwishlist:item=1411560894&perks=839105230,1807273211,4245865861,2890807135,4139916815
dimwishlist:item=1411560894&perks=839105230,1807273211,4245865861,2890807135,4232410959
dimwishlist:item=1411560894&perks=839105230,1807273211,4245865861,3581929919,4139916815
dimwishlist:item=1411560894&perks=839105230,1807273211,4245865861,3581929919,4232410959
dimwishlist:item=1411560894&perks=839105230,1807273211,4245865861,1015611457,4139916815
dimwishlist:item=1411560894&perks=839105230,1807273211,4245865861,1015611457,4232410959
dimwishlist:item=1411560894&perks=839105230,1807273211,4245865861,2923251173,4139916815
dimwishlist:item=1411560894&perks=839105230,1807273211,4245865861,2923251173,4232410959
dimwishlist:item=1411560894&perks=839105230,1807273211,4245865861,3673922083,4139916815
dimwishlist:item=1411560894&perks=839105230,1807273211,4245865861,3673922083,4232410959
dimwishlist:item=1411560894&perks=839105230,1807273211,4245865861,2889515627,4139916815
dimwishlist:item=1411560894&perks=839105230,1807273211,4245865861,2889515627,4232410959
dimwishlist:item=1411560894&perks=3048246338,1968497646,3017780555,2890807135,4139916815
dimwishlist:item=1411560894&perks=3048246338,1968497646,3017780555,2890807135,4232410959
dimwishlist:item=1411560894&perks=3048246338,1968497646,3017780555,3581929919,4139916815
dimwishlist:item=1411560894&perks=3048246338,1968497646,3017780555,3581929919,4232410959
dimwishlist:item=1411560894&perks=3048246338,1968497646,3017780555,1015611457,4139916815
dimwishlist:item=1411560894&perks=3048246338,1968497646,3017780555,1015611457,4232410959
dimwishlist:item=1411560894&perks=3048246338,1968497646,3017780555,2923251173,4139916815
dimwishlist:item=1411560894&perks=3048246338,1968497646,3017780555,2923251173,4232410959
dimwishlist:item=1411560894&perks=3048246338,1968497646,3017780555,3673922083,4139916815
dimwishlist:item=1411560894&perks=3048246338,1968497646,3017780555,3673922083,4232410959
dimwishlist:item=1411560894&perks=3048246338,1968497646,3017780555,2889515627,4139916815
dimwishlist:item=1411560894&perks=3048246338,1968497646,3017780555,2889515627,4232410959
dimwishlist:item=1411560894&perks=3048246338,1968497646,4223976499,2890807135,4139916815
dimwishlist:item=1411560894&perks=3048246338,1968497646,4223976499,2890807135,4232410959
dimwishlist:item=1411560894&perks=3048246338,1968497646,4223976499,3581929919,4139916815
dimwishlist:item=1411560894&perks=3048246338,1968497646,4223976499,3581929919,4232410959
dimwishlist:item=1411560894&perks=3048246338,1968497646,4223976499,1015611457,4139916815
dimwishlist:item=1411560894&perks=3048246338,1968497646,4223976499,1015611457,4232410959
dimwishlist:item=1411560894&perks=3048246338,1968497646,4223976499,2923251173,4139916815
dimwishlist:item=1411560894&perks=3048246338,1968497646,4223976499,2923251173,4232410959
dimwishlist:item=1411560894&perks=3048246338,1968497646,4223976499,3673922083,4139916815
dimwishlist:item=1411560894&perks=3048246338,1968497646,4223976499,3673922083,4232410959
dimwishlist:item=1411560894&perks=3048246338,1968497646,4223976499,2889515627,4139916815
dimwishlist:item=1411560894&perks=3048246338,1968497646,4223976499,2889515627,4232410959
dimwishlist:item=1411560894&perks=3048246338,1968497646,1820235745,2890807135,4139916815
dimwishlist:item=1411560894&perks=3048246338,1968497646,1820235745,2890807135,4232410959
dimwishlist:item=1411560894&perks=3048246338,1968497646,1820235745,3581929919,4139916815
dimwishlist:item=1411560894&perks=3048246338,1968497646,1820235745,3581929919,4232410959
dimwishlist:item=1411560894&perks=3048246338,1968497646,1820235745,1015611457,4139916815
dimwishlist:item=1411560894&perks=3048246338,1968497646,1820235745,1015611457,4232410959
dimwishlist:item=1411560894&perks=3048246338,1968497646,1820235745,2923251173,4139916815
dimwishlist:item=1411560894&perks=3048246338,1968497646,1820235745,2923251173,4232410959
dimwishlist:item=1411560894&perks=3048246338,1968497646,1820235745,3673922083,4139916815
dimwishlist:item=1411560894&perks=3048246338,1968497646,1820235745,3673922083,4232410959
dimwishlist:item=1411560894&perks=3048246338,1968497646,1820235745,2889515627,4139916815
dimwishlist:item=1411560894&perks=3048246338,1968497646,1820235745,2889515627,4232410959
dimwishlist:item=1411560894&perks=3048246338,1968497646,4245865861,2890807135,4139916815
dimwishlist:item=1411560894&perks=3048246338,1968497646,4245865861,2890807135,4232410959
dimwishlist:item=1411560894&perks=3048246338,1968497646,4245865861,3581929919,4139916815
dimwishlist:item=1411560894&perks=3048246338,1968497646,4245865861,3581929919,4232410959
dimwishlist:item=1411560894&perks=3048246338,1968497646,4245865861,1015611457,4139916815
dimwishlist:item=1411560894&perks=3048246338,1968497646,4245865861,1015611457,4232410959
dimwishlist:item=1411560894&perks=3048246338,1968497646,4245865861,2923251173,4139916815
dimwishlist:item=1411560894&perks=3048246338,1968497646,4245865861,2923251173,4232410959
dimwishlist:item=1411560894&perks=3048246338,1968497646,4245865861,3673922083,4139916815
dimwishlist:item=1411560894&perks=3048246338,1968497646,4245865861,3673922083,4232410959
dimwishlist:item=1411560894&perks=3048246338,1968497646,4245865861,2889515627,4139916815
dimwishlist:item=1411560894&perks=3048246338,1968497646,4245865861,2889515627,4232410959
dimwishlist:item=1411560894&perks=3048246338,2172195298,3017780555,2890807135,4139916815
dimwishlist:item=1411560894&perks=3048246338,2172195298,3017780555,2890807135,4232410959
dimwishlist:item=1411560894&perks=3048246338,2172195298,3017780555,3581929919,4139916815
dimwishlist:item=1411560894&perks=3048246338,2172195298,3017780555,3581929919,4232410959
dimwishlist:item=1411560894&perks=3048246338,2172195298,3017780555,1015611457,4139916815
dimwishlist:item=1411560894&perks=3048246338,2172195298,3017780555,1015611457,4232410959
dimwishlist:item=1411560894&perks=3048246338,2172195298,3017780555,2923251173,4139916815
dimwishlist:item=1411560894&perks=3048246338,2172195298,3017780555,2923251173,4232410959
dimwishlist:item=1411560894&perks=3048246338,2172195298,3017780555,3673922083,4139916815
dimwishlist:item=1411560894&perks=3048246338,2172195298,3017780555,3673922083,4232410959
dimwishlist:item=1411560894&perks=3048246338,2172195298,3017780555,2889515627,4139916815
dimwishlist:item=1411560894&perks=3048246338,2172195298,3017780555,2889515627,4232410959
dimwishlist:item=1411560894&perks=3048246338,2172195298,4223976499,2890807135,4139916815
dimwishlist:item=1411560894&perks=3048246338,2172195298,4223976499,2890807135,4232410959
dimwishlist:item=1411560894&perks=3048246338,2172195298,4223976499,3581929919,4139916815
dimwishlist:item=1411560894&perks=3048246338,2172195298,4223976499,3581929919,4232410959
dimwishlist:item=1411560894&perks=3048246338,2172195298,4223976499,1015611457,4139916815
dimwishlist:item=1411560894&perks=3048246338,2172195298,4223976499,1015611457,4232410959
dimwishlist:item=1411560894&perks=3048246338,2172195298,4223976499,2923251173,4139916815
dimwishlist:item=1411560894&perks=3048246338,2172195298,4223976499,2923251173,4232410959
dimwishlist:item=1411560894&perks=3048246338,2172195298,4223976499,3673922083,4139916815
dimwishlist:item=1411560894&perks=3048246338,2172195298,4223976499,3673922083,4232410959
dimwishlist:item=1411560894&perks=3048246338,2172195298,4223976499,2889515627,4139916815
dimwishlist:item=1411560894&perks=3048246338,2172195298,4223976499,2889515627,4232410959
dimwishlist:item=1411560894&perks=3048246338,2172195298,1820235745,2890807135,4139916815
dimwishlist:item=1411560894&perks=3048246338,2172195298,1820235745,2890807135,4232410959
dimwishlist:item=1411560894&perks=3048246338,2172195298,1820235745,3581929919,4139916815
dimwishlist:item=1411560894&perks=3048246338,2172195298,1820235745,3581929919,4232410959
dimwishlist:item=1411560894&perks=3048246338,2172195298,1820235745,1015611457,4139916815
dimwishlist:item=1411560894&perks=3048246338,2172195298,1820235745,1015611457,4232410959
dimwishlist:item=1411560894&perks=3048246338,2172195298,1820235745,2923251173,4139916815
dimwishlist:item=1411560894&perks=3048246338,2172195298,1820235745,2923251173,4232410959
dimwishlist:item=1411560894&perks=3048246338,2172195298,1820235745,3673922083,4139916815
dimwishlist:item=1411560894&perks=3048246338,2172195298,1820235745,3673922083,4232410959
dimwishlist:item=1411560894&perks=3048246338,2172195298,1820235745,2889515627,4139916815
dimwishlist:item=1411560894&perks=3048246338,2172195298,1820235745,2889515627,4232410959
dimwishlist:item=1411560894&perks=3048246338,2172195298,4245865861,2890807135,4139916815
dimwishlist:item=1411560894&perks=3048246338,2172195298,4245865861,2890807135,4232410959
dimwishlist:item=1411560894&perks=3048246338,2172195298,4245865861,3581929919,4139916815
dimwishlist:item=1411560894&perks=3048246338,2172195298,4245865861,3581929919,4232410959
dimwishlist:item=1411560894&perks=3048246338,2172195298,4245865861,1015611457,4139916815
dimwishlist:item=1411560894&perks=3048246338,2172195298,4245865861,1015611457,4232410959
dimwishlist:item=1411560894&perks=3048246338,2172195298,4245865861,2923251173,4139916815
dimwishlist:item=1411560894&perks=3048246338,2172195298,4245865861,2923251173,4232410959
dimwishlist:item=1411560894&perks=3048246338,2172195298,4245865861,3673922083,4139916815
dimwishlist:item=1411560894&perks=3048246338,2172195298,4245865861,3673922083,4232410959
dimwishlist:item=1411560894&perks=3048246338,2172195298,4245865861,2889515627,4139916815
dimwishlist:item=1411560894&perks=3048246338,2172195298,4245865861,2889515627,4232410959
dimwishlist:item=1411560894&perks=3048246338,3230963543,3017780555,2890807135,4139916815
dimwishlist:item=1411560894&perks=3048246338,3230963543,3017780555,2890807135,4232410959
dimwishlist:item=1411560894&perks=3048246338,3230963543,3017780555,3581929919,4139916815
dimwishlist:item=1411560894&perks=3048246338,3230963543,3017780555,3581929919,4232410959
dimwishlist:item=1411560894&perks=3048246338,3230963543,3017780555,1015611457,4139916815
dimwishlist:item=1411560894&perks=3048246338,3230963543,3017780555,1015611457,4232410959
dimwishlist:item=1411560894&perks=3048246338,3230963543,3017780555,2923251173,4139916815
dimwishlist:item=1411560894&perks=3048246338,3230963543,3017780555,2923251173,4232410959
dimwishlist:item=1411560894&perks=3048246338,3230963543,3017780555,3673922083,4139916815
dimwishlist:item=1411560894&perks=3048246338,3230963543,3017780555,3673922083,4232410959
dimwishlist:item=1411560894&perks=3048246338,3230963543,3017780555,2889515627,4139916815
dimwishlist:item=1411560894&perks=3048246338,3230963543,3017780555,2889515627,4232410959
dimwishlist:item=1411560894&perks=3048246338,3230963543,4223976499,2890807135,4139916815
dimwishlist:item=1411560894&perks=3048246338,3230963543,4223976499,2890807135,4232410959
dimwishlist:item=1411560894&perks=3048246338,3230963543,4223976499,3581929919,4139916815
dimwishlist:item=1411560894&perks=3048246338,3230963543,4223976499,3581929919,4232410959
dimwishlist:item=1411560894&perks=3048246338,3230963543,4223976499,1015611457,4139916815
dimwishlist:item=1411560894&perks=3048246338,3230963543,4223976499,1015611457,4232410959
dimwishlist:item=1411560894&perks=3048246338,3230963543,4223976499,2923251173,4139916815
dimwishlist:item=1411560894&perks=3048246338,3230963543,4223976499,2923251173,4232410959
dimwishlist:item=1411560894&perks=3048246338,3230963543,4223976499,3673922083,4139916815
dimwishlist:item=1411560894&perks=3048246338,3230963543,4223976499,3673922083,4232410959
dimwishlist:item=1411560894&perks=3048246338,3230963543,4223976499,2889515627,4139916815
dimwishlist:item=1411560894&perks=3048246338,3230963543,4223976499,2889515627,4232410959
dimwishlist:item=1411560894&perks=3048246338,3230963543,1820235745,2890807135,4139916815
dimwishlist:item=1411560894&perks=3048246338,3230963543,1820235745,2890807135,4232410959
dimwishlist:item=1411560894&perks=3048246338,3230963543,1820235745,3581929919,4139916815
dimwishlist:item=1411560894&perks=3048246338,3230963543,1820235745,3581929919,4232410959
dimwishlist:item=1411560894&perks=3048246338,3230963543,1820235745,1015611457,4139916815
dimwishlist:item=1411560894&perks=3048246338,3230963543,1820235745,1015611457,4232410959
dimwishlist:item=1411560894&perks=3048246338,3230963543,1820235745,2923251173,4139916815
dimwishlist:item=1411560894&perks=3048246338,3230963543,1820235745,2923251173,4232410959
dimwishlist:item=1411560894&perks=3048246338,3230963543,1820235745,3673922083,4139916815
dimwishlist:item=1411560894&perks=3048246338,3230963543,1820235745,3673922083,4232410959
dimwishlist:item=1411560894&perks=3048246338,3230963543,1820235745,2889515627,4139916815
dimwishlist:item=1411560894&perks=3048246338,3230963543,1820235745,2889515627,4232410959
dimwishlist:item=1411560894&perks=3048246338,3230963543,4245865861,2890807135,4139916815
dimwishlist:item=1411560894&perks=3048246338,3230963543,4245865861,2890807135,4232410959
dimwishlist:item=1411560894&perks=3048246338,3230963543,4245865861,3581929919,4139916815
dimwishlist:item=1411560894&perks=3048246338,3230963543,4245865861,3581929919,4232410959
dimwishlist:item=1411560894&perks=3048246338,3230963543,4245865861,1015611457,4139916815
dimwishlist:item=1411560894&perks=3048246338,3230963543,4245865861,1015611457,4232410959
dimwishlist:item=1411560894&perks=3048246338,3230963543,4245865861,2923251173,4139916815
dimwishlist:item=1411560894&perks=3048246338,3230963543,4245865861,2923251173,4232410959
dimwishlist:item=1411560894&perks=3048246338,3230963543,4245865861,3673922083,4139916815
dimwishlist:item=1411560894&perks=3048246338,3230963543,4245865861,3673922083,4232410959
dimwishlist:item=1411560894&perks=3048246338,3230963543,4245865861,2889515627,4139916815
dimwishlist:item=1411560894&perks=3048246338,3230963543,4245865861,2889515627,4232410959
dimwishlist:item=1411560894&perks=3048246338,1709045111,3017780555,2890807135,4139916815
dimwishlist:item=1411560894&perks=3048246338,1709045111,3017780555,2890807135,4232410959
dimwishlist:item=1411560894&perks=3048246338,1709045111,3017780555,3581929919,4139916815
dimwishlist:item=1411560894&perks=3048246338,1709045111,3017780555,3581929919,4232410959
dimwishlist:item=1411560894&perks=3048246338,1709045111,3017780555,1015611457,4139916815
dimwishlist:item=1411560894&perks=3048246338,1709045111,3017780555,1015611457,4232410959
dimwishlist:item=1411560894&perks=3048246338,1709045111,3017780555,2923251173,4139916815
dimwishlist:item=1411560894&perks=3048246338,1709045111,3017780555,2923251173,4232410959
dimwishlist:item=1411560894&perks=3048246338,1709045111,3017780555,3673922083,4139916815
dimwishlist:item=1411560894&perks=3048246338,1709045111,3017780555,3673922083,4232410959
dimwishlist:item=1411560894&perks=3048246338,1709045111,3017780555,2889515627,4139916815
dimwishlist:item=1411560894&perks=3048246338,1709045111,3017780555,2889515627,4232410959
dimwishlist:item=1411560894&perks=3048246338,1709045111,4223976499,2890807135,4139916815
dimwishlist:item=1411560894&perks=3048246338,1709045111,4223976499,2890807135,4232410959
dimwishlist:item=1411560894&perks=3048246338,1709045111,4223976499,3581929919,4139916815
dimwishlist:item=1411560894&perks=3048246338,1709045111,4223976499,3581929919,4232410959
dimwishlist:item=1411560894&perks=3048246338,1709045111,4223976499,1015611457,4139916815
dimwishlist:item=1411560894&perks=3048246338,1709045111,4223976499,1015611457,4232410959
dimwishlist:item=1411560894&perks=3048246338,1709045111,4223976499,2923251173,4139916815
dimwishlist:item=1411560894&perks=3048246338,1709045111,4223976499,2923251173,4232410959
dimwishlist:item=1411560894&perks=3048246338,1709045111,4223976499,3673922083,4139916815
dimwishlist:item=1411560894&perks=3048246338,1709045111,4223976499,3673922083,4232410959
dimwishlist:item=1411560894&perks=3048246338,1709045111,4223976499,2889515627,4139916815
dimwishlist:item=1411560894&perks=3048246338,1709045111,4223976499,2889515627,4232410959
dimwishlist:item=1411560894&perks=3048246338,1709045111,1820235745,2890807135,4139916815
dimwishlist:item=1411560894&perks=3048246338,1709045111,1820235745,2890807135,4232410959
dimwishlist:item=1411560894&perks=3048246338,1709045111,1820235745,3581929919,4139916815
dimwishlist:item=1411560894&perks=3048246338,1709045111,1820235745,3581929919,4232410959
dimwishlist:item=1411560894&perks=3048246338,1709045111,1820235745,1015611457,4139916815
dimwishlist:item=1411560894&perks=3048246338,1709045111,1820235745,1015611457,4232410959
dimwishlist:item=1411560894&perks=3048246338,1709045111,1820235745,2923251173,4139916815
dimwishlist:item=1411560894&perks=3048246338,1709045111,1820235745,2923251173,4232410959
dimwishlist:item=1411560894&perks=3048246338,1709045111,1820235745,3673922083,4139916815
dimwishlist:item=1411560894&perks=3048246338,1709045111,1820235745,3673922083,4232410959
dimwishlist:item=1411560894&perks=3048246338,1709045111,1820235745,2889515627,4139916815
dimwishlist:item=1411560894&perks=3048246338,1709045111,1820235745,2889515627,4232410959
dimwishlist:item=1411560894&perks=3048246338,1709045111,4245865861,2890807135,4139916815
dimwishlist:item=1411560894&perks=3048246338,1709045111,4245865861,2890807135,4232410959
dimwishlist:item=1411560894&perks=3048246338,1709045111,4245865861,3581929919,4139916815
dimwishlist:item=1411560894&perks=3048246338,1709045111,4245865861,3581929919,4232410959
dimwishlist:item=1411560894&perks=3048246338,1709045111,4245865861,1015611457,4139916815
dimwishlist:item=1411560894&perks=3048246338,1709045111,4245865861,1015611457,4232410959
dimwishlist:item=1411560894&perks=3048246338,1709045111,4245865861,2923251173,4139916815
dimwishlist:item=1411560894&perks=3048246338,1709045111,4245865861,2923251173,4232410959
dimwishlist:item=1411560894&perks=3048246338,1709045111,4245865861,3673922083,4139916815
dimwishlist:item=1411560894&perks=3048246338,1709045111,4245865861,3673922083,4232410959
dimwishlist:item=1411560894&perks=3048246338,1709045111,4245865861,2889515627,4139916815
dimwishlist:item=1411560894&perks=3048246338,1709045111,4245865861,2889515627,4232410959
dimwishlist:item=1411560894&perks=3048246338,679225683,3017780555,2890807135,4139916815
dimwishlist:item=1411560894&perks=3048246338,679225683,3017780555,2890807135,4232410959
dimwishlist:item=1411560894&perks=3048246338,679225683,3017780555,3581929919,4139916815
dimwishlist:item=1411560894&perks=3048246338,679225683,3017780555,3581929919,4232410959
dimwishlist:item=1411560894&perks=3048246338,679225683,3017780555,1015611457,4139916815
dimwishlist:item=1411560894&perks=3048246338,679225683,3017780555,1015611457,4232410959
dimwishlist:item=1411560894&perks=3048246338,679225683,3017780555,2923251173,4139916815
dimwishlist:item=1411560894&perks=3048246338,679225683,3017780555,2923251173,4232410959
dimwishlist:item=1411560894&perks=3048246338,679225683,3017780555,3673922083,4139916815
dimwishlist:item=1411560894&perks=3048246338,679225683,3017780555,3673922083,4232410959
dimwishlist:item=1411560894&perks=3048246338,679225683,3017780555,2889515627,4139916815
dimwishlist:item=1411560894&perks=3048246338,679225683,3017780555,2889515627,4232410959
dimwishlist:item=1411560894&perks=3048246338,679225683,4223976499,2890807135,4139916815
dimwishlist:item=1411560894&perks=3048246338,679225683,4223976499,2890807135,4232410959
dimwishlist:item=1411560894&perks=3048246338,679225683,4223976499,3581929919,4139916815
dimwishlist:item=1411560894&perks=3048246338,679225683,4223976499,3581929919,4232410959
dimwishlist:item=1411560894&perks=3048246338,679225683,4223976499,1015611457,4139916815
dimwishlist:item=1411560894&perks=3048246338,679225683,4223976499,1015611457,4232410959
dimwishlist:item=1411560894&perks=3048246338,679225683,4223976499,2923251173,4139916815
dimwishlist:item=1411560894&perks=3048246338,679225683,4223976499,2923251173,4232410959
dimwishlist:item=1411560894&perks=3048246338,679225683,4223976499,3673922083,4139916815
dimwishlist:item=1411560894&perks=3048246338,679225683,4223976499,3673922083,4232410959
dimwishlist:item=1411560894&perks=3048246338,679225683,4223976499,2889515627,4139916815
dimwishlist:item=1411560894&perks=3048246338,679225683,4223976499,2889515627,4232410959
dimwishlist:item=1411560894&perks=3048246338,679225683,1820235745,2890807135,4139916815
dimwishlist:item=1411560894&perks=3048246338,679225683,1820235745,2890807135,4232410959
dimwishlist:item=1411560894&perks=3048246338,679225683,1820235745,3581929919,4139916815
dimwishlist:item=1411560894&perks=3048246338,679225683,1820235745,3581929919,4232410959
dimwishlist:item=1411560894&perks=3048246338,679225683,1820235745,1015611457,4139916815
dimwishlist:item=1411560894&perks=3048246338,679225683,1820235745,1015611457,4232410959
dimwishlist:item=1411560894&perks=3048246338,679225683,1820235745,2923251173,4139916815
dimwishlist:item=1411560894&perks=3048246338,679225683,1820235745,2923251173,4232410959
dimwishlist:item=1411560894&perks=3048246338,679225683,1820235745,3673922083,4139916815
dimwishlist:item=1411560894&perks=3048246338,679225683,1820235745,3673922083,4232410959
dimwishlist:item=1411560894&perks=3048246338,679225683,1820235745,2889515627,4139916815
dimwishlist:item=1411560894&perks=3048246338,679225683,1820235745,2889515627,4232410959
dimwishlist:item=1411560894&perks=3048246338,679225683,4245865861,2890807135,4139916815
dimwishlist:item=1411560894&perks=3048246338,679225683,4245865861,2890807135,4232410959
dimwishlist:item=1411560894&perks=3048246338,679225683,4245865861,3581929919,4139916815
dimwishlist:item=1411560894&perks=3048246338,679225683,4245865861,3581929919,4232410959
dimwishlist:item=1411560894&perks=3048246338,679225683,4245865861,1015611457,4139916815
dimwishlist:item=1411560894&perks=3048246338,679225683,4245865861,1015611457,4232410959
dimwishlist:item=1411560894&perks=3048246338,679225683,4245865861,2923251173,4139916815
dimwishlist:item=1411560894&perks=3048246338,679225683,4245865861,2923251173,4232410959
dimwishlist:item=1411560894&perks=3048246338,679225683,4245865861,3673922083,4139916815
dimwishlist:item=1411560894&perks=3048246338,679225683,4245865861,3673922083,4232410959
dimwishlist:item=1411560894&perks=3048246338,679225683,4245865861,2889515627,4139916815
dimwishlist:item=1411560894&perks=3048246338,679225683,4245865861,2889515627,4232410959
dimwishlist:item=1411560894&perks=3048246338,1807273211,3017780555,2890807135,4139916815
dimwishlist:item=1411560894&perks=3048246338,1807273211,3017780555,2890807135,4232410959
dimwishlist:item=1411560894&perks=3048246338,1807273211,3017780555,3581929919,4139916815
dimwishlist:item=1411560894&perks=3048246338,1807273211,3017780555,3581929919,4232410959
dimwishlist:item=1411560894&perks=3048246338,1807273211,3017780555,1015611457,4139916815
dimwishlist:item=1411560894&perks=3048246338,1807273211,3017780555,1015611457,4232410959
dimwishlist:item=1411560894&perks=3048246338,1807273211,3017780555,2923251173,4139916815
dimwishlist:item=1411560894&perks=3048246338,1807273211,3017780555,2923251173,4232410959
dimwishlist:item=1411560894&perks=3048246338,1807273211,3017780555,3673922083,4139916815
dimwishlist:item=1411560894&perks=3048246338,1807273211,3017780555,3673922083,4232410959
dimwishlist:item=1411560894&perks=3048246338,1807273211,3017780555,2889515627,4139916815
dimwishlist:item=1411560894&perks=3048246338,1807273211,3017780555,2889515627,4232410959
dimwishlist:item=1411560894&perks=3048246338,1807273211,4223976499,2890807135,4139916815
dimwishlist:item=1411560894&perks=3048246338,1807273211,4223976499,2890807135,4232410959
dimwishlist:item=1411560894&perks=3048246338,1807273211,4223976499,3581929919,4139916815
dimwishlist:item=1411560894&perks=3048246338,1807273211,4223976499,3581929919,4232410959
dimwishlist:item=1411560894&perks=3048246338,1807273211,4223976499,1015611457,4139916815
dimwishlist:item=1411560894&perks=3048246338,1807273211,4223976499,1015611457,4232410959
dimwishlist:item=1411560894&perks=3048246338,1807273211,4223976499,2923251173,4139916815
dimwishlist:item=1411560894&perks=3048246338,1807273211,4223976499,2923251173,4232410959
dimwishlist:item=1411560894&perks=3048246338,1807273211,4223976499,3673922083,4139916815
dimwishlist:item=1411560894&perks=3048246338,1807273211,4223976499,3673922083,4232410959
dimwishlist:item=1411560894&perks=3048246338,1807273211,4223976499,2889515627,4139916815
dimwishlist:item=1411560894&perks=3048246338,1807273211,4223976499,2889515627,4232410959
dimwishlist:item=1411560894&perks=3048246338,1807273211,1820235745,2890807135,4139916815
dimwishlist:item=1411560894&perks=3048246338,1807273211,1820235745,2890807135,4232410959
dimwishlist:item=1411560894&perks=3048246338,1807273211,1820235745,3581929919,4139916815
dimwishlist:item=1411560894&perks=3048246338,1807273211,1820235745,3581929919,4232410959
dimwishlist:item=1411560894&perks=3048246338,1807273211,1820235745,1015611457,4139916815
dimwishlist:item=1411560894&perks=3048246338,1807273211,1820235745,1015611457,4232410959
dimwishlist:item=1411560894&perks=3048246338,1807273211,1820235745,2923251173,4139916815
dimwishlist:item=1411560894&perks=3048246338,1807273211,1820235745,2923251173,4232410959
dimwishlist:item=1411560894&perks=3048246338,1807273211,1820235745,3673922083,4139916815
dimwishlist:item=1411560894&perks=3048246338,1807273211,1820235745,3673922083,4232410959
dimwishlist:item=1411560894&perks=3048246338,1807273211,1820235745,2889515627,4139916815
dimwishlist:item=1411560894&perks=3048246338,1807273211,1820235745,2889515627,4232410959
dimwishlist:item=1411560894&perks=3048246338,1807273211,4245865861,2890807135,4139916815
dimwishlist:item=1411560894&perks=3048246338,1807273211,4245865861,2890807135,4232410959
dimwishlist:item=1411560894&perks=3048246338,1807273211,4245865861,3581929919,4139916815
dimwishlist:item=1411560894&perks=3048246338,1807273211,4245865861,3581929919,4232410959
dimwishlist:item=1411560894&perks=3048246338,1807273211,4245865861,1015611457,4139916815
dimwishlist:item=1411560894&perks=3048246338,1807273211,4245865861,1015611457,4232410959
dimwishlist:item=1411560894&perks=3048246338,1807273211,4245865861,2923251173,4139916815
dimwishlist:item=1411560894&perks=3048246338,1807273211,4245865861,2923251173,4232410959
dimwishlist:item=1411560894&perks=3048246338,1807273211,4245865861,3673922083,4139916815
dimwishlist:item=1411560894&perks=3048246338,1807273211,4245865861,3673922083,4232410959
dimwishlist:item=1411560894&perks=3048246338,1807273211,4245865861,2889515627,4139916815
dimwishlist:item=1411560894&perks=3048246338,1807273211,4245865861,2889515627,4232410959
dimwishlist:item=1411560894&perks=4090651448,1968497646,3017780555,2890807135,4139916815
dimwishlist:item=1411560894&perks=4090651448,1968497646,3017780555,2890807135,4232410959
dimwishlist:item=1411560894&perks=4090651448,1968497646,3017780555,3581929919,4139916815
dimwishlist:item=1411560894&perks=4090651448,1968497646,3017780555,3581929919,4232410959
dimwishlist:item=1411560894&perks=4090651448,1968497646,3017780555,1015611457,4139916815
dimwishlist:item=1411560894&perks=4090651448,1968497646,3017780555,1015611457,4232410959
dimwishlist:item=1411560894&perks=4090651448,1968497646,3017780555,2923251173,4139916815
dimwishlist:item=1411560894&perks=4090651448,1968497646,3017780555,2923251173,4232410959
dimwishlist:item=1411560894&perks=4090651448,1968497646,3017780555,3673922083,4139916815
dimwishlist:item=1411560894&perks=4090651448,1968497646,3017780555,3673922083,4232410959
dimwishlist:item=1411560894&perks=4090651448,1968497646,3017780555,2889515627,4139916815
dimwishlist:item=1411560894&perks=4090651448,1968497646,3017780555,2889515627,4232410959
dimwishlist:item=1411560894&perks=4090651448,1968497646,4223976499,2890807135,4139916815
dimwishlist:item=1411560894&perks=4090651448,1968497646,4223976499,2890807135,4232410959
dimwishlist:item=1411560894&perks=4090651448,1968497646,4223976499,3581929919,4139916815
dimwishlist:item=1411560894&perks=4090651448,1968497646,4223976499,3581929919,4232410959
dimwishlist:item=1411560894&perks=4090651448,1968497646,4223976499,1015611457,4139916815
dimwishlist:item=1411560894&perks=4090651448,1968497646,4223976499,1015611457,4232410959
dimwishlist:item=1411560894&perks=4090651448,1968497646,4223976499,2923251173,4139916815
dimwishlist:item=1411560894&perks=4090651448,1968497646,4223976499,2923251173,4232410959
dimwishlist:item=1411560894&perks=4090651448,1968497646,4223976499,3673922083,4139916815
dimwishlist:item=1411560894&perks=4090651448,1968497646,4223976499,3673922083,4232410959
dimwishlist:item=1411560894&perks=4090651448,1968497646,4223976499,2889515627,4139916815
dimwishlist:item=1411560894&perks=4090651448,1968497646,4223976499,2889515627,4232410959
dimwishlist:item=1411560894&perks=4090651448,1968497646,1820235745,2890807135,4139916815
dimwishlist:item=1411560894&perks=4090651448,1968497646,1820235745,2890807135,4232410959
dimwishlist:item=1411560894&perks=4090651448,1968497646,1820235745,3581929919,4139916815
dimwishlist:item=1411560894&perks=4090651448,1968497646,1820235745,3581929919,4232410959
dimwishlist:item=1411560894&perks=4090651448,1968497646,1820235745,1015611457,4139916815
dimwishlist:item=1411560894&perks=4090651448,1968497646,1820235745,1015611457,4232410959
dimwishlist:item=1411560894&perks=4090651448,1968497646,1820235745,2923251173,4139916815
dimwishlist:item=1411560894&perks=4090651448,1968497646,1820235745,2923251173,4232410959
dimwishlist:item=1411560894&perks=4090651448,1968497646,1820235745,3673922083,4139916815
dimwishlist:item=1411560894&perks=4090651448,1968497646,1820235745,3673922083,4232410959
dimwishlist:item=1411560894&perks=4090651448,1968497646,1820235745,2889515627,4139916815
dimwishlist:item=1411560894&perks=4090651448,1968497646,1820235745,2889515627,4232410959
dimwishlist:item=1411560894&perks=4090651448,1968497646,4245865861,2890807135,4139916815
dimwishlist:item=1411560894&perks=4090651448,1968497646,4245865861,2890807135,4232410959
dimwishlist:item=1411560894&perks=4090651448,1968497646,4245865861,3581929919,4139916815
dimwishlist:item=1411560894&perks=4090651448,1968497646,4245865861,3581929919,4232410959
dimwishlist:item=1411560894&perks=4090651448,1968497646,4245865861,1015611457,4139916815
dimwishlist:item=1411560894&perks=4090651448,1968497646,4245865861,1015611457,4232410959
dimwishlist:item=1411560894&perks=4090651448,1968497646,4245865861,2923251173,4139916815
dimwishlist:item=1411560894&perks=4090651448,1968497646,4245865861,2923251173,4232410959
dimwishlist:item=1411560894&perks=4090651448,1968497646,4245865861,3673922083,4139916815
dimwishlist:item=1411560894&perks=4090651448,1968497646,4245865861,3673922083,4232410959
dimwishlist:item=1411560894&perks=4090651448,1968497646,4245865861,2889515627,4139916815
dimwishlist:item=1411560894&perks=4090651448,1968497646,4245865861,2889515627,4232410959
dimwishlist:item=1411560894&perks=4090651448,2172195298,3017780555,2890807135,4139916815
dimwishlist:item=1411560894&perks=4090651448,2172195298,3017780555,2890807135,4232410959
dimwishlist:item=1411560894&perks=4090651448,2172195298,3017780555,3581929919,4139916815
dimwishlist:item=1411560894&perks=4090651448,2172195298,3017780555,3581929919,4232410959
dimwishlist:item=1411560894&perks=4090651448,2172195298,3017780555,1015611457,4139916815
dimwishlist:item=1411560894&perks=4090651448,2172195298,3017780555,1015611457,4232410959
dimwishlist:item=1411560894&perks=4090651448,2172195298,3017780555,2923251173,4139916815
dimwishlist:item=1411560894&perks=4090651448,2172195298,3017780555,2923251173,4232410959
dimwishlist:item=1411560894&perks=4090651448,2172195298,3017780555,3673922083,4139916815
dimwishlist:item=1411560894&perks=4090651448,2172195298,3017780555,3673922083,4232410959
dimwishlist:item=1411560894&perks=4090651448,2172195298,3017780555,2889515627,4139916815
dimwishlist:item=1411560894&perks=4090651448,2172195298,3017780555,2889515627,4232410959
dimwishlist:item=1411560894&perks=4090651448,2172195298,4223976499,2890807135,4139916815
dimwishlist:item=1411560894&perks=4090651448,2172195298,4223976499,2890807135,4232410959
dimwishlist:item=1411560894&perks=4090651448,2172195298,4223976499,3581929919,4139916815
dimwishlist:item=1411560894&perks=4090651448,2172195298,4223976499,3581929919,4232410959
dimwishlist:item=1411560894&perks=4090651448,2172195298,4223976499,1015611457,4139916815
dimwishlist:item=1411560894&perks=4090651448,2172195298,4223976499,1015611457,4232410959
dimwishlist:item=1411560894&perks=4090651448,2172195298,4223976499,2923251173,4139916815
dimwishlist:item=1411560894&perks=4090651448,2172195298,4223976499,2923251173,4232410959
dimwishlist:item=1411560894&perks=4090651448,2172195298,4223976499,3673922083,4139916815
dimwishlist:item=1411560894&perks=4090651448,2172195298,4223976499,3673922083,4232410959
dimwishlist:item=1411560894&perks=4090651448,2172195298,4223976499,2889515627,4139916815
dimwishlist:item=1411560894&perks=4090651448,2172195298,4223976499,2889515627,4232410959
dimwishlist:item=1411560894&perks=4090651448,2172195298,1820235745,2890807135,4139916815
dimwishlist:item=1411560894&perks=4090651448,2172195298,1820235745,2890807135,4232410959
dimwishlist:item=1411560894&perks=4090651448,2172195298,1820235745,3581929919,4139916815
dimwishlist:item=1411560894&perks=4090651448,2172195298,1820235745,3581929919,4232410959
dimwishlist:item=1411560894&perks=4090651448,2172195298,1820235745,1015611457,4139916815
dimwishlist:item=1411560894&perks=4090651448,2172195298,1820235745,1015611457,4232410959
dimwishlist:item=1411560894&perks=4090651448,2172195298,1820235745,2923251173,4139916815
dimwishlist:item=1411560894&perks=4090651448,2172195298,1820235745,2923251173,4232410959
dimwishlist:item=1411560894&perks=4090651448,2172195298,1820235745,3673922083,4139916815
dimwishlist:item=1411560894&perks=4090651448,2172195298,1820235745,3673922083,4232410959
dimwishlist:item=1411560894&perks=4090651448,2172195298,1820235745,2889515627,4139916815
dimwishlist:item=1411560894&perks=4090651448,2172195298,1820235745,2889515627,4232410959
dimwishlist:item=1411560894&perks=4090651448,2172195298,4245865861,2890807135,4139916815
dimwishlist:item=1411560894&perks=4090651448,2172195298,4245865861,2890807135,4232410959
dimwishlist:item=1411560894&perks=4090651448,2172195298,4245865861,3581929919,4139916815
dimwishlist:item=1411560894&perks=4090651448,2172195298,4245865861,3581929919,4232410959
dimwishlist:item=1411560894&perks=4090651448,2172195298,4245865861,1015611457,4139916815
dimwishlist:item=1411560894&perks=4090651448,2172195298,4245865861,1015611457,4232410959
dimwishlist:item=1411560894&perks=4090651448,2172195298,4245865861,2923251173,4139916815
dimwishlist:item=1411560894&perks=4090651448,2172195298,4245865861,2923251173,4232410959
dimwishlist:item=1411560894&perks=4090651448,2172195298,4245865861,3673922083,4139916815
dimwishlist:item=1411560894&perks=4090651448,2172195298,4245865861,3673922083,4232410959
dimwishlist:item=1411560894&perks=4090651448,2172195298,4245865861,2889515627,4139916815
dimwishlist:item=1411560894&perks=4090651448,2172195298,4245865861,2889515627,4232410959
dimwishlist:item=1411560894&perks=4090651448,3230963543,3017780555,2890807135,4139916815
dimwishlist:item=1411560894&perks=4090651448,3230963543,3017780555,2890807135,4232410959
dimwishlist:item=1411560894&perks=4090651448,3230963543,3017780555,3581929919,4139916815
dimwishlist:item=1411560894&perks=4090651448,3230963543,3017780555,3581929919,4232410959
dimwishlist:item=1411560894&perks=4090651448,3230963543,3017780555,1015611457,4139916815
dimwishlist:item=1411560894&perks=4090651448,3230963543,3017780555,1015611457,4232410959
dimwishlist:item=1411560894&perks=4090651448,3230963543,3017780555,2923251173,4139916815
dimwishlist:item=1411560894&perks=4090651448,3230963543,3017780555,2923251173,4232410959
dimwishlist:item=1411560894&perks=4090651448,3230963543,3017780555,3673922083,4139916815
dimwishlist:item=1411560894&perks=4090651448,3230963543,3017780555,3673922083,4232410959
dimwishlist:item=1411560894&perks=4090651448,3230963543,3017780555,2889515627,4139916815
dimwishlist:item=1411560894&perks=4090651448,3230963543,3017780555,2889515627,4232410959
dimwishlist:item=1411560894&perks=4090651448,3230963543,4223976499,2890807135,4139916815
dimwishlist:item=1411560894&perks=4090651448,3230963543,4223976499,2890807135,4232410959
dimwishlist:item=1411560894&perks=4090651448,3230963543,4223976499,3581929919,4139916815
dimwishlist:item=1411560894&perks=4090651448,3230963543,4223976499,3581929919,4232410959
dimwishlist:item=1411560894&perks=4090651448,3230963543,4223976499,1015611457,4139916815
dimwishlist:item=1411560894&perks=4090651448,3230963543,4223976499,1015611457,4232410959
dimwishlist:item=1411560894&perks=4090651448,3230963543,4223976499,2923251173,4139916815
dimwishlist:item=1411560894&perks=4090651448,3230963543,4223976499,2923251173,4232410959
dimwishlist:item=1411560894&perks=4090651448,3230963543,4223976499,3673922083,4139916815
dimwishlist:item=1411560894&perks=4090651448,3230963543,4223976499,3673922083,4232410959
dimwishlist:item=1411560894&perks=4090651448,3230963543,4223976499,2889515627,4139916815
dimwishlist:item=1411560894&perks=4090651448,3230963543,4223976499,2889515627,4232410959
dimwishlist:item=1411560894&perks=4090651448,3230963543,1820235745,2890807135,4139916815
dimwishlist:item=1411560894&perks=4090651448,3230963543,1820235745,2890807135,4232410959
dimwishlist:item=1411560894&perks=4090651448,3230963543,1820235745,3581929919,4139916815
dimwishlist:item=1411560894&perks=4090651448,3230963543,1820235745,3581929919,4232410959
dimwishlist:item=1411560894&perks=4090651448,3230963543,1820235745,1015611457,4139916815
dimwishlist:item=1411560894&perks=4090651448,3230963543,1820235745,1015611457,4232410959
dimwishlist:item=1411560894&perks=4090651448,3230963543,1820235745,2923251173,4139916815
dimwishlist:item=1411560894&perks=4090651448,3230963543,1820235745,2923251173,4232410959
dimwishlist:item=1411560894&perks=4090651448,3230963543,1820235745,3673922083,4139916815
dimwishlist:item=1411560894&perks=4090651448,3230963543,1820235745,3673922083,4232410959
dimwishlist:item=1411560894&perks=4090651448,3230963543,1820235745,2889515627,4139916815
dimwishlist:item=1411560894&perks=4090651448,3230963543,1820235745,2889515627,4232410959
dimwishlist:item=1411560894&perks=4090651448,3230963543,4245865861,2890807135,4139916815
dimwishlist:item=1411560894&perks=4090651448,3230963543,4245865861,2890807135,4232410959
dimwishlist:item=1411560894&perks=4090651448,3230963543,4245865861,3581929919,4139916815
dimwishlist:item=1411560894&perks=4090651448,3230963543,4245865861,3581929919,4232410959
dimwishlist:item=1411560894&perks=4090651448,3230963543,4245865861,1015611457,4139916815
dimwishlist:item=1411560894&perks=4090651448,3230963543,4245865861,1015611457,4232410959
dimwishlist:item=1411560894&perks=4090651448,3230963543,4245865861,2923251173,4139916815
dimwishlist:item=1411560894&perks=4090651448,3230963543,4245865861,2923251173,4232410959
dimwishlist:item=1411560894&perks=4090651448,3230963543,4245865861,3673922083,4139916815
dimwishlist:item=1411560894&perks=4090651448,3230963543,4245865861,3673922083,4232410959
dimwishlist:item=1411560894&perks=4090651448,3230963543,4245865861,2889515627,4139916815
dimwishlist:item=1411560894&perks=4090651448,3230963543,4245865861,2889515627,4232410959
dimwishlist:item=1411560894&perks=4090651448,1709045111,3017780555,2890807135,4139916815
dimwishlist:item=1411560894&perks=4090651448,1709045111,3017780555,2890807135,4232410959
dimwishlist:item=1411560894&perks=4090651448,1709045111,3017780555,3581929919,4139916815
dimwishlist:item=1411560894&perks=4090651448,1709045111,3017780555,3581929919,4232410959
dimwishlist:item=1411560894&perks=4090651448,1709045111,3017780555,1015611457,4139916815
dimwishlist:item=1411560894&perks=4090651448,1709045111,3017780555,1015611457,4232410959
dimwishlist:item=1411560894&perks=4090651448,1709045111,3017780555,2923251173,4139916815
dimwishlist:item=1411560894&perks=4090651448,1709045111,3017780555,2923251173,4232410959
dimwishlist:item=1411560894&perks=4090651448,1709045111,3017780555,3673922083,4139916815
dimwishlist:item=1411560894&perks=4090651448,1709045111,3017780555,3673922083,4232410959
dimwishlist:item=1411560894&perks=4090651448,1709045111,3017780555,2889515627,4139916815
dimwishlist:item=1411560894&perks=4090651448,1709045111,3017780555,2889515627,4232410959
dimwishlist:item=1411560894&perks=4090651448,1709045111,4223976499,2890807135,4139916815
dimwishlist:item=1411560894&perks=4090651448,1709045111,4223976499,2890807135,4232410959
dimwishlist:item=1411560894&perks=4090651448,1709045111,4223976499,3581929919,4139916815
dimwishlist:item=1411560894&perks=4090651448,1709045111,4223976499,3581929919,4232410959
dimwishlist:item=1411560894&perks=4090651448,1709045111,4223976499,1015611457,4139916815
dimwishlist:item=1411560894&perks=4090651448,1709045111,4223976499,1015611457,4232410959
dimwishlist:item=1411560894&perks=4090651448,1709045111,4223976499,2923251173,4139916815
dimwishlist:item=1411560894&perks=4090651448,1709045111,4223976499,2923251173,4232410959
dimwishlist:item=1411560894&perks=4090651448,1709045111,4223976499,3673922083,4139916815
dimwishlist:item=1411560894&perks=4090651448,1709045111,4223976499,3673922083,4232410959
dimwishlist:item=1411560894&perks=4090651448,1709045111,4223976499,2889515627,4139916815
dimwishlist:item=1411560894&perks=4090651448,1709045111,4223976499,2889515627,4232410959
dimwishlist:item=1411560894&perks=4090651448,1709045111,1820235745,2890807135,4139916815
dimwishlist:item=1411560894&perks=4090651448,1709045111,1820235745,2890807135,4232410959
dimwishlist:item=1411560894&perks=4090651448,1709045111,1820235745,3581929919,4139916815
dimwishlist:item=1411560894&perks=4090651448,1709045111,1820235745,3581929919,4232410959
dimwishlist:item=1411560894&perks=4090651448,1709045111,1820235745,1015611457,4139916815
dimwishlist:item=1411560894&perks=4090651448,1709045111,1820235745,1015611457,4232410959
dimwishlist:item=1411560894&perks=4090651448,1709045111,1820235745,2923251173,4139916815
dimwishlist:item=1411560894&perks=4090651448,1709045111,1820235745,2923251173,4232410959
dimwishlist:item=1411560894&perks=4090651448,1709045111,1820235745,3673922083,4139916815
dimwishlist:item=1411560894&perks=4090651448,1709045111,1820235745,3673922083,4232410959
dimwishlist:item=1411560894&perks=4090651448,1709045111,1820235745,2889515627,4139916815
dimwishlist:item=1411560894&perks=4090651448,1709045111,1820235745,2889515627,4232410959
dimwishlist:item=1411560894&perks=4090651448,1709045111,4245865861,2890807135,4139916815
dimwishlist:item=1411560894&perks=4090651448,1709045111,4245865861,2890807135,4232410959
dimwishlist:item=1411560894&perks=4090651448,1709045111,4245865861,3581929919,4139916815
dimwishlist:item=1411560894&perks=4090651448,1709045111,4245865861,3581929919,4232410959
dimwishlist:item=1411560894&perks=4090651448,1709045111,4245865861,1015611457,4139916815
dimwishlist:item=1411560894&perks=4090651448,1709045111,4245865861,1015611457,4232410959
dimwishlist:item=1411560894&perks=4090651448,1709045111,4245865861,2923251173,4139916815
dimwishlist:item=1411560894&perks=4090651448,1709045111,4245865861,2923251173,4232410959
dimwishlist:item=1411560894&perks=4090651448,1709045111,4245865861,3673922083,4139916815
dimwishlist:item=1411560894&perks=4090651448,1709045111,4245865861,3673922083,4232410959
dimwishlist:item=1411560894&perks=4090651448,1709045111,4245865861,2889515627,4139916815
dimwishlist:item=1411560894&perks=4090651448,1709045111,4245865861,2889515627,4232410959
dimwishlist:item=1411560894&perks=4090651448,679225683,3017780555,2890807135,4139916815
dimwishlist:item=1411560894&perks=4090651448,679225683,3017780555,2890807135,4232410959
dimwishlist:item=1411560894&perks=4090651448,679225683,3017780555,3581929919,4139916815
dimwishlist:item=1411560894&perks=4090651448,679225683,3017780555,3581929919,4232410959
dimwishlist:item=1411560894&perks=4090651448,679225683,3017780555,1015611457,4139916815
dimwishlist:item=1411560894&perks=4090651448,679225683,3017780555,1015611457,4232410959
dimwishlist:item=1411560894&perks=4090651448,679225683,3017780555,2923251173,4139916815
dimwishlist:item=1411560894&perks=4090651448,679225683,3017780555,2923251173,4232410959
dimwishlist:item=1411560894&perks=4090651448,679225683,3017780555,3673922083,4139916815
dimwishlist:item=1411560894&perks=4090651448,679225683,3017780555,3673922083,4232410959
dimwishlist:item=1411560894&perks=4090651448,679225683,3017780555,2889515627,4139916815
dimwishlist:item=1411560894&perks=4090651448,679225683,3017780555,2889515627,4232410959
dimwishlist:item=1411560894&perks=4090651448,679225683,4223976499,2890807135,4139916815
dimwishlist:item=1411560894&perks=4090651448,679225683,4223976499,2890807135,4232410959
dimwishlist:item=1411560894&perks=4090651448,679225683,4223976499,3581929919,4139916815
dimwishlist:item=1411560894&perks=4090651448,679225683,4223976499,3581929919,4232410959
dimwishlist:item=1411560894&perks=4090651448,679225683,4223976499,1015611457,4139916815
dimwishlist:item=1411560894&perks=4090651448,679225683,4223976499,1015611457,4232410959
dimwishlist:item=1411560894&perks=4090651448,679225683,4223976499,2923251173,4139916815
dimwishlist:item=1411560894&perks=4090651448,679225683,4223976499,2923251173,4232410959
dimwishlist:item=1411560894&perks=4090651448,679225683,4223976499,3673922083,4139916815
dimwishlist:item=1411560894&perks=4090651448,679225683,4223976499,3673922083,4232410959
dimwishlist:item=1411560894&perks=4090651448,679225683,4223976499,2889515627,4139916815
dimwishlist:item=1411560894&perks=4090651448,679225683,4223976499,2889515627,4232410959
dimwishlist:item=1411560894&perks=4090651448,679225683,1820235745,2890807135,4139916815
dimwishlist:item=1411560894&perks=4090651448,679225683,1820235745,2890807135,4232410959
dimwishlist:item=1411560894&perks=4090651448,679225683,1820235745,3581929919,4139916815
dimwishlist:item=1411560894&perks=4090651448,679225683,1820235745,3581929919,4232410959
dimwishlist:item=1411560894&perks=4090651448,679225683,1820235745,1015611457,4139916815
dimwishlist:item=1411560894&perks=4090651448,679225683,1820235745,1015611457,4232410959
dimwishlist:item=1411560894&perks=4090651448,679225683,1820235745,2923251173,4139916815
dimwishlist:item=1411560894&perks=4090651448,679225683,1820235745,2923251173,4232410959
dimwishlist:item=1411560894&perks=4090651448,679225683,1820235745,3673922083,4139916815
dimwishlist:item=1411560894&perks=4090651448,679225683,1820235745,3673922083,4232410959
dimwishlist:item=1411560894&perks=4090651448,679225683,1820235745,2889515627,4139916815
dimwishlist:item=1411560894&perks=4090651448,679225683,1820235745,2889515627,4232410959
dimwishlist:item=1411560894&perks=4090651448,679225683,4245865861,2890807135,4139916815
dimwishlist:item=1411560894&perks=4090651448,679225683,4245865861,2890807135,4232410959
dimwishlist:item=1411560894&perks=4090651448,679225683,4245865861,3581929919,4139916815
dimwishlist:item=1411560894&perks=4090651448,679225683,4245865861,3581929919,4232410959
dimwishlist:item=1411560894&perks=4090651448,679225683,4245865861,1015611457,4139916815
dimwishlist:item=1411560894&perks=4090651448,679225683,4245865861,1015611457,4232410959
dimwishlist:item=1411560894&perks=4090651448,679225683,4245865861,2923251173,4139916815
dimwishlist:item=1411560894&perks=4090651448,679225683,4245865861,2923251173,4232410959
dimwishlist:item=1411560894&perks=4090651448,679225683,4245865861,3673922083,4139916815
dimwishlist:item=1411560894&perks=4090651448,679225683,4245865861,3673922083,4232410959
dimwishlist:item=1411560894&perks=4090651448,679225683,4245865861,2889515627,4139916815
dimwishlist:item=1411560894&perks=4090651448,679225683,4245865861,2889515627,4232410959
dimwishlist:item=1411560894&perks=4090651448,1807273211,3017780555,2890807135,4139916815
dimwishlist:item=1411560894&perks=4090651448,1807273211,3017780555,2890807135,4232410959
dimwishlist:item=1411560894&perks=4090651448,1807273211,3017780555,3581929919,4139916815
dimwishlist:item=1411560894&perks=4090651448,1807273211,3017780555,3581929919,4232410959
dimwishlist:item=1411560894&perks=4090651448,1807273211,3017780555,1015611457,4139916815
dimwishlist:item=1411560894&perks=4090651448,1807273211,3017780555,1015611457,4232410959
dimwishlist:item=1411560894&perks=4090651448,1807273211,3017780555,2923251173,4139916815
dimwishlist:item=1411560894&perks=4090651448,1807273211,3017780555,2923251173,4232410959
dimwishlist:item=1411560894&perks=4090651448,1807273211,3017780555,3673922083,4139916815
dimwishlist:item=1411560894&perks=4090651448,1807273211,3017780555,3673922083,4232410959
dimwishlist:item=1411560894&perks=4090651448,1807273211,3017780555,2889515627,4139916815
dimwishlist:item=1411560894&perks=4090651448,1807273211,3017780555,2889515627,4232410959
dimwishlist:item=1411560894&perks=4090651448,1807273211,4223976499,2890807135,4139916815
dimwishlist:item=1411560894&perks=4090651448,1807273211,4223976499,2890807135,4232410959
dimwishlist:item=1411560894&perks=4090651448,1807273211,4223976499,3581929919,4139916815
dimwishlist:item=1411560894&perks=4090651448,1807273211,4223976499,3581929919,4232410959
dimwishlist:item=1411560894&perks=4090651448,1807273211,4223976499,1015611457,4139916815
dimwishlist:item=1411560894&perks=4090651448,1807273211,4223976499,1015611457,4232410959
dimwishlist:item=1411560894&perks=4090651448,1807273211,4223976499,2923251173,4139916815
dimwishlist:item=1411560894&perks=4090651448,1807273211,4223976499,2923251173,4232410959
dimwishlist:item=1411560894&perks=4090651448,1807273211,4223976499,3673922083,4139916815
dimwishlist:item=1411560894&perks=4090651448,1807273211,4223976499,3673922083,4232410959
dimwishlist:item=1411560894&perks=4090651448,1807273211,4223976499,2889515627,4139916815
dimwishlist:item=1411560894&perks=4090651448,1807273211,4223976499,2889515627,4232410959
dimwishlist:item=1411560894&perks=4090651448,1807273211,1820235745,2890807135,4139916815
dimwishlist:item=1411560894&perks=4090651448,1807273211,1820235745,2890807135,4232410959
dimwishlist:item=1411560894&perks=4090651448,1807273211,1820235745,3581929919,4139916815
dimwishlist:item=1411560894&perks=4090651448,1807273211,1820235745,3581929919,4232410959
dimwishlist:item=1411560894&perks=4090651448,1807273211,1820235745,1015611457,4139916815
dimwishlist:item=1411560894&perks=4090651448,1807273211,1820235745,1015611457,4232410959
dimwishlist:item=1411560894&perks=4090651448,1807273211,1820235745,2923251173,4139916815
dimwishlist:item=1411560894&perks=4090651448,1807273211,1820235745,2923251173,4232410959
dimwishlist:item=1411560894&perks=4090651448,1807273211,1820235745,3673922083,4139916815
dimwishlist:item=1411560894&perks=4090651448,1807273211,1820235745,3673922083,4232410959
dimwishlist:item=1411560894&perks=4090651448,1807273211,1820235745,2889515627,4139916815
dimwishlist:item=1411560894&perks=4090651448,1807273211,1820235745,2889515627,4232410959
dimwishlist:item=1411560894&perks=4090651448,1807273211,4245865861,2890807135,4139916815
dimwishlist:item=1411560894&perks=4090651448,1807273211,4245865861,2890807135,4232410959
dimwishlist:item=1411560894&perks=4090651448,1807273211,4245865861,3581929919,4139916815
dimwishlist:item=1411560894&perks=4090651448,1807273211,4245865861,3581929919,4232410959
dimwishlist:item=1411560894&perks=4090651448,1807273211,4245865861,1015611457,4139916815
dimwishlist:item=1411560894&perks=4090651448,1807273211,4245865861,1015611457,4232410959
dimwishlist:item=1411560894&perks=4090651448,1807273211,4245865861,2923251173,4139916815
dimwishlist:item=1411560894&perks=4090651448,1807273211,4245865861,2923251173,4232410959
dimwishlist:item=1411560894&perks=4090651448,1807273211,4245865861,3673922083,4139916815
dimwishlist:item=1411560894&perks=4090651448,1807273211,4245865861,3673922083,4232410959
dimwishlist:item=1411560894&perks=4090651448,1807273211,4245865861,2889515627,4139916815
dimwishlist:item=1411560894&perks=4090651448,1807273211,4245865861,2889515627,4232410959
dimwishlist:item=1411560894&perks=111235976,1968497646,3017780555,2890807135,4139916815
dimwishlist:item=1411560894&perks=111235976,1968497646,3017780555,2890807135,4232410959
dimwishlist:item=1411560894&perks=111235976,1968497646,3017780555,3581929919,4139916815
dimwishlist:item=1411560894&perks=111235976,1968497646,3017780555,3581929919,4232410959
dimwishlist:item=1411560894&perks=111235976,1968497646,3017780555,1015611457,4139916815
dimwishlist:item=1411560894&perks=111235976,1968497646,3017780555,1015611457,4232410959
dimwishlist:item=1411560894&perks=111235976,1968497646,3017780555,2923251173,4139916815
dimwishlist:item=1411560894&perks=111235976,1968497646,3017780555,2923251173,4232410959
dimwishlist:item=1411560894&perks=111235976,1968497646,3017780555,3673922083,4139916815
dimwishlist:item=1411560894&perks=111235976,1968497646,3017780555,3673922083,4232410959
dimwishlist:item=1411560894&perks=111235976,1968497646,3017780555,2889515627,4139916815
dimwishlist:item=1411560894&perks=111235976,1968497646,3017780555,2889515627,4232410959
dimwishlist:item=1411560894&perks=111235976,1968497646,4223976499,2890807135,4139916815
dimwishlist:item=1411560894&perks=111235976,1968497646,4223976499,2890807135,4232410959
dimwishlist:item=1411560894&perks=111235976,1968497646,4223976499,3581929919,4139916815
dimwishlist:item=1411560894&perks=111235976,1968497646,4223976499,3581929919,4232410959
dimwishlist:item=1411560894&perks=111235976,1968497646,4223976499,1015611457,4139916815
dimwishlist:item=1411560894&perks=111235976,1968497646,4223976499,1015611457,4232410959
dimwishlist:item=1411560894&perks=111235976,1968497646,4223976499,2923251173,4139916815
dimwishlist:item=1411560894&perks=111235976,1968497646,4223976499,2923251173,4232410959
dimwishlist:item=1411560894&perks=111235976,1968497646,4223976499,3673922083,4139916815
dimwishlist:item=1411560894&perks=111235976,1968497646,4223976499,3673922083,4232410959
dimwishlist:item=1411560894&perks=111235976,1968497646,4223976499,2889515627,4139916815
dimwishlist:item=1411560894&perks=111235976,1968497646,4223976499,2889515627,4232410959
dimwishlist:item=1411560894&perks=111235976,1968497646,1820235745,2890807135,4139916815
dimwishlist:item=1411560894&perks=111235976,1968497646,1820235745,2890807135,4232410959
dimwishlist:item=1411560894&perks=111235976,1968497646,1820235745,3581929919,4139916815
dimwishlist:item=1411560894&perks=111235976,1968497646,1820235745,3581929919,4232410959
dimwishlist:item=1411560894&perks=111235976,1968497646,1820235745,1015611457,4139916815
dimwishlist:item=1411560894&perks=111235976,1968497646,1820235745,1015611457,4232410959
dimwishlist:item=1411560894&perks=111235976,1968497646,1820235745,2923251173,4139916815
dimwishlist:item=1411560894&perks=111235976,1968497646,1820235745,2923251173,4232410959
dimwishlist:item=1411560894&perks=111235976,1968497646,1820235745,3673922083,4139916815
dimwishlist:item=1411560894&perks=111235976,1968497646,1820235745,3673922083,4232410959
dimwishlist:item=1411560894&perks=111235976,1968497646,1820235745,2889515627,4139916815
dimwishlist:item=1411560894&perks=111235976,1968497646,1820235745,2889515627,4232410959
dimwishlist:item=1411560894&perks=111235976,1968497646,4245865861,2890807135,4139916815
dimwishlist:item=1411560894&perks=111235976,1968497646,4245865861,2890807135,4232410959
dimwishlist:item=1411560894&perks=111235976,1968497646,4245865861,3581929919,4139916815
dimwishlist:item=1411560894&perks=111235976,1968497646,4245865861,3581929919,4232410959
dimwishlist:item=1411560894&perks=111235976,1968497646,4245865861,1015611457,4139916815
dimwishlist:item=1411560894&perks=111235976,1968497646,4245865861,1015611457,4232410959
dimwishlist:item=1411560894&perks=111235976,1968497646,4245865861,2923251173,4139916815
dimwishlist:item=1411560894&perks=111235976,1968497646,4245865861,2923251173,4232410959
dimwishlist:item=1411560894&perks=111235976,1968497646,4245865861,3673922083,4139916815
dimwishlist:item=1411560894&perks=111235976,1968497646,4245865861,3673922083,4232410959
dimwishlist:item=1411560894&perks=111235976,1968497646,4245865861,2889515627,4139916815
dimwishlist:item=1411560894&perks=111235976,1968497646,4245865861,2889515627,4232410959
dimwishlist:item=1411560894&perks=111235976,2172195298,3017780555,2890807135,4139916815
dimwishlist:item=1411560894&perks=111235976,2172195298,3017780555,2890807135,4232410959
dimwishlist:item=1411560894&perks=111235976,2172195298,3017780555,3581929919,4139916815
dimwishlist:item=1411560894&perks=111235976,2172195298,3017780555,3581929919,4232410959
dimwishlist:item=1411560894&perks=111235976,2172195298,3017780555,1015611457,4139916815
dimwishlist:item=1411560894&perks=111235976,2172195298,3017780555,1015611457,4232410959
dimwishlist:item=1411560894&perks=111235976,2172195298,3017780555,2923251173,4139916815
dimwishlist:item=1411560894&perks=111235976,2172195298,3017780555,2923251173,4232410959
dimwishlist:item=1411560894&perks=111235976,2172195298,3017780555,3673922083,4139916815
dimwishlist:item=1411560894&perks=111235976,2172195298,3017780555,3673922083,4232410959
dimwishlist:item=1411560894&perks=111235976,2172195298,3017780555,2889515627,4139916815
dimwishlist:item=1411560894&perks=111235976,2172195298,3017780555,2889515627,4232410959
dimwishlist:item=1411560894&perks=111235976,2172195298,4223976499,2890807135,4139916815
dimwishlist:item=1411560894&perks=111235976,2172195298,4223976499,2890807135,4232410959
dimwishlist:item=1411560894&perks=111235976,2172195298,4223976499,3581929919,4139916815
dimwishlist:item=1411560894&perks=111235976,2172195298,4223976499,3581929919,4232410959
dimwishlist:item=1411560894&perks=111235976,2172195298,4223976499,1015611457,4139916815
dimwishlist:item=1411560894&perks=111235976,2172195298,4223976499,1015611457,4232410959
dimwishlist:item=1411560894&perks=111235976,2172195298,4223976499,2923251173,4139916815
dimwishlist:item=1411560894&perks=111235976,2172195298,4223976499,2923251173,4232410959
dimwishlist:item=1411560894&perks=111235976,2172195298,4223976499,3673922083,4139916815
dimwishlist:item=1411560894&perks=111235976,2172195298,4223976499,3673922083,4232410959
dimwishlist:item=1411560894&perks=111235976,2172195298,4223976499,2889515627,4139916815
dimwishlist:item=1411560894&perks=111235976,2172195298,4223976499,2889515627,4232410959
dimwishlist:item=1411560894&perks=111235976,2172195298,1820235745,2890807135,4139916815
dimwishlist:item=1411560894&perks=111235976,2172195298,1820235745,2890807135,4232410959
dimwishlist:item=1411560894&perks=111235976,2172195298,1820235745,3581929919,4139916815
dimwishlist:item=1411560894&perks=111235976,2172195298,1820235745,3581929919,4232410959
dimwishlist:item=1411560894&perks=111235976,2172195298,1820235745,1015611457,4139916815
dimwishlist:item=1411560894&perks=111235976,2172195298,1820235745,1015611457,4232410959
dimwishlist:item=1411560894&perks=111235976,2172195298,1820235745,2923251173,4139916815
dimwishlist:item=1411560894&perks=111235976,2172195298,1820235745,2923251173,4232410959
dimwishlist:item=1411560894&perks=111235976,2172195298,1820235745,3673922083,4139916815
dimwishlist:item=1411560894&perks=111235976,2172195298,1820235745,3673922083,4232410959
dimwishlist:item=1411560894&perks=111235976,2172195298,1820235745,2889515627,4139916815
dimwishlist:item=1411560894&perks=111235976,2172195298,1820235745,2889515627,4232410959
dimwishlist:item=1411560894&perks=111235976,2172195298,4245865861,2890807135,4139916815
dimwishlist:item=1411560894&perks=111235976,2172195298,4245865861,2890807135,4232410959
dimwishlist:item=1411560894&perks=111235976,2172195298,4245865861,3581929919,4139916815
dimwishlist:item=1411560894&perks=111235976,2172195298,4245865861,3581929919,4232410959
dimwishlist:item=1411560894&perks=111235976,2172195298,4245865861,1015611457,4139916815
dimwishlist:item=1411560894&perks=111235976,2172195298,4245865861,1015611457,4232410959
dimwishlist:item=1411560894&perks=111235976,2172195298,4245865861,2923251173,4139916815
dimwishlist:item=1411560894&perks=111235976,2172195298,4245865861,2923251173,4232410959
dimwishlist:item=1411560894&perks=111235976,2172195298,4245865861,3673922083,4139916815
dimwishlist:item=1411560894&perks=111235976,2172195298,4245865861,3673922083,4232410959
dimwishlist:item=1411560894&perks=111235976,2172195298,4245865861,2889515627,4139916815
dimwishlist:item=1411560894&perks=111235976,2172195298,4245865861,2889515627,4232410959
dimwishlist:item=1411560894&perks=111235976,3230963543,3017780555,2890807135,4139916815
dimwishlist:item=1411560894&perks=111235976,3230963543,3017780555,2890807135,4232410959
dimwishlist:item=1411560894&perks=111235976,3230963543,3017780555,3581929919,4139916815
dimwishlist:item=1411560894&perks=111235976,3230963543,3017780555,3581929919,4232410959
dimwishlist:item=1411560894&perks=111235976,3230963543,3017780555,1015611457,4139916815
dimwishlist:item=1411560894&perks=111235976,3230963543,3017780555,1015611457,4232410959
dimwishlist:item=1411560894&perks=111235976,3230963543,3017780555,2923251173,4139916815
dimwishlist:item=1411560894&perks=111235976,3230963543,3017780555,2923251173,4232410959
dimwishlist:item=1411560894&perks=111235976,3230963543,3017780555,3673922083,4139916815
dimwishlist:item=1411560894&perks=111235976,3230963543,3017780555,3673922083,4232410959
dimwishlist:item=1411560894&perks=111235976,3230963543,3017780555,2889515627,4139916815
dimwishlist:item=1411560894&perks=111235976,3230963543,3017780555,2889515627,4232410959
dimwishlist:item=1411560894&perks=111235976,3230963543,4223976499,2890807135,4139916815
dimwishlist:item=1411560894&perks=111235976,3230963543,4223976499,2890807135,4232410959
dimwishlist:item=1411560894&perks=111235976,3230963543,4223976499,3581929919,4139916815
dimwishlist:item=1411560894&perks=111235976,3230963543,4223976499,3581929919,4232410959
dimwishlist:item=1411560894&perks=111235976,3230963543,4223976499,1015611457,4139916815
dimwishlist:item=1411560894&perks=111235976,3230963543,4223976499,1015611457,4232410959
dimwishlist:item=1411560894&perks=111235976,3230963543,4223976499,2923251173,4139916815
dimwishlist:item=1411560894&perks=111235976,3230963543,4223976499,2923251173,4232410959
dimwishlist:item=1411560894&perks=111235976,3230963543,4223976499,3673922083,4139916815
dimwishlist:item=1411560894&perks=111235976,3230963543,4223976499,3673922083,4232410959
dimwishlist:item=1411560894&perks=111235976,3230963543,4223976499,2889515627,4139916815
dimwishlist:item=1411560894&perks=111235976,3230963543,4223976499,2889515627,4232410959
dimwishlist:item=1411560894&perks=111235976,3230963543,1820235745,2890807135,4139916815
dimwishlist:item=1411560894&perks=111235976,3230963543,1820235745,2890807135,4232410959
dimwishlist:item=1411560894&perks=111235976,3230963543,1820235745,3581929919,4139916815
dimwishlist:item=1411560894&perks=111235976,3230963543,1820235745,3581929919,4232410959
dimwishlist:item=1411560894&perks=111235976,3230963543,1820235745,1015611457,4139916815
dimwishlist:item=1411560894&perks=111235976,3230963543,1820235745,1015611457,4232410959
dimwishlist:item=1411560894&perks=111235976,3230963543,1820235745,2923251173,4139916815
dimwishlist:item=1411560894&perks=111235976,3230963543,1820235745,2923251173,4232410959
dimwishlist:item=1411560894&perks=111235976,3230963543,1820235745,3673922083,4139916815
dimwishlist:item=1411560894&perks=111235976,3230963543,1820235745,3673922083,4232410959
dimwishlist:item=1411560894&perks=111235976,3230963543,1820235745,2889515627,4139916815
dimwishlist:item=1411560894&perks=111235976,3230963543,1820235745,2889515627,4232410959
dimwishlist:item=1411560894&perks=111235976,3230963543,4245865861,2890807135,4139916815
dimwishlist:item=1411560894&perks=111235976,3230963543,4245865861,2890807135,4232410959
dimwishlist:item=1411560894&perks=111235976,3230963543,4245865861,3581929919,4139916815
dimwishlist:item=1411560894&perks=111235976,3230963543,4245865861,3581929919,4232410959
dimwishlist:item=1411560894&perks=111235976,3230963543,4245865861,1015611457,4139916815
dimwishlist:item=1411560894&perks=111235976,3230963543,4245865861,1015611457,4232410959
dimwishlist:item=1411560894&perks=111235976,3230963543,4245865861,2923251173,4139916815
dimwishlist:item=1411560894&perks=111235976,3230963543,4245865861,2923251173,4232410959
dimwishlist:item=1411560894&perks=111235976,3230963543,4245865861,3673922083,4139916815
dimwishlist:item=1411560894&perks=111235976,3230963543,4245865861,3673922083,4232410959
dimwishlist:item=1411560894&perks=111235976,3230963543,4245865861,2889515627,4139916815
dimwishlist:item=1411560894&perks=111235976,3230963543,4245865861,2889515627,4232410959
dimwishlist:item=1411560894&perks=111235976,1709045111,3017780555,2890807135,4139916815
dimwishlist:item=1411560894&perks=111235976,1709045111,3017780555,2890807135,4232410959
dimwishlist:item=1411560894&perks=111235976,1709045111,3017780555,3581929919,4139916815
dimwishlist:item=1411560894&perks=111235976,1709045111,3017780555,3581929919,4232410959
dimwishlist:item=1411560894&perks=111235976,1709045111,3017780555,1015611457,4139916815
dimwishlist:item=1411560894&perks=111235976,1709045111,3017780555,1015611457,4232410959
dimwishlist:item=1411560894&perks=111235976,1709045111,3017780555,2923251173,4139916815
dimwishlist:item=1411560894&perks=111235976,1709045111,3017780555,2923251173,4232410959
dimwishlist:item=1411560894&perks=111235976,1709045111,3017780555,3673922083,4139916815
dimwishlist:item=1411560894&perks=111235976,1709045111,3017780555,3673922083,4232410959
dimwishlist:item=1411560894&perks=111235976,1709045111,3017780555,2889515627,4139916815
dimwishlist:item=1411560894&perks=111235976,1709045111,3017780555,2889515627,4232410959
dimwishlist:item=1411560894&perks=111235976,1709045111,4223976499,2890807135,4139916815
dimwishlist:item=1411560894&perks=111235976,1709045111,4223976499,2890807135,4232410959
dimwishlist:item=1411560894&perks=111235976,1709045111,4223976499,3581929919,4139916815
dimwishlist:item=1411560894&perks=111235976,1709045111,4223976499,3581929919,4232410959
dimwishlist:item=1411560894&perks=111235976,1709045111,4223976499,1015611457,4139916815
dimwishlist:item=1411560894&perks=111235976,1709045111,4223976499,1015611457,4232410959
dimwishlist:item=1411560894&perks=111235976,1709045111,4223976499,2923251173,4139916815
dimwishlist:item=1411560894&perks=111235976,1709045111,4223976499,2923251173,4232410959
dimwishlist:item=1411560894&perks=111235976,1709045111,4223976499,3673922083,4139916815
dimwishlist:item=1411560894&perks=111235976,1709045111,4223976499,3673922083,4232410959
dimwishlist:item=1411560894&perks=111235976,1709045111,4223976499,2889515627,4139916815
dimwishlist:item=1411560894&perks=111235976,1709045111,4223976499,2889515627,4232410959
dimwishlist:item=1411560894&perks=111235976,1709045111,1820235745,2890807135,4139916815
dimwishlist:item=1411560894&perks=111235976,1709045111,1820235745,2890807135,4232410959
dimwishlist:item=1411560894&perks=111235976,1709045111,1820235745,3581929919,4139916815
dimwishlist:item=1411560894&perks=111235976,1709045111,1820235745,3581929919,4232410959
dimwishlist:item=1411560894&perks=111235976,1709045111,1820235745,1015611457,4139916815
dimwishlist:item=1411560894&perks=111235976,1709045111,1820235745,1015611457,4232410959
dimwishlist:item=1411560894&perks=111235976,1709045111,1820235745,2923251173,4139916815
dimwishlist:item=1411560894&perks=111235976,1709045111,1820235745,2923251173,4232410959
dimwishlist:item=1411560894&perks=111235976,1709045111,1820235745,3673922083,4139916815
dimwishlist:item=1411560894&perks=111235976,1709045111,1820235745,3673922083,4232410959
dimwishlist:item=1411560894&perks=111235976,1709045111,1820235745,2889515627,4139916815
dimwishlist:item=1411560894&perks=111235976,1709045111,1820235745,2889515627,4232410959
dimwishlist:item=1411560894&perks=111235976,1709045111,4245865861,2890807135,4139916815
dimwishlist:item=1411560894&perks=111235976,1709045111,4245865861,2890807135,4232410959
dimwishlist:item=1411560894&perks=111235976,1709045111,4245865861,3581929919,4139916815
dimwishlist:item=1411560894&perks=111235976,1709045111,4245865861,3581929919,4232410959
dimwishlist:item=1411560894&perks=111235976,1709045111,4245865861,1015611457,4139916815
dimwishlist:item=1411560894&perks=111235976,1709045111,4245865861,1015611457,4232410959
dimwishlist:item=1411560894&perks=111235976,1709045111,4245865861,2923251173,4139916815
dimwishlist:item=1411560894&perks=111235976,1709045111,4245865861,2923251173,4232410959
dimwishlist:item=1411560894&perks=111235976,1709045111,4245865861,3673922083,4139916815
dimwishlist:item=1411560894&perks=111235976,1709045111,4245865861,3673922083,4232410959
dimwishlist:item=1411560894&perks=111235976,1709045111,4245865861,2889515627,4139916815
dimwishlist:item=1411560894&perks=111235976,1709045111,4245865861,2889515627,4232410959
dimwishlist:item=1411560894&perks=111235976,679225683,3017780555,2890807135,4139916815
dimwishlist:item=1411560894&perks=111235976,679225683,3017780555,2890807135,4232410959
dimwishlist:item=1411560894&perks=111235976,679225683,3017780555,3581929919,4139916815
dimwishlist:item=1411560894&perks=111235976,679225683,3017780555,3581929919,4232410959
dimwishlist:item=1411560894&perks=111235976,679225683,3017780555,1015611457,4139916815
dimwishlist:item=1411560894&perks=111235976,679225683,3017780555,1015611457,4232410959
dimwishlist:item=1411560894&perks=111235976,679225683,3017780555,2923251173,4139916815
dimwishlist:item=1411560894&perks=111235976,679225683,3017780555,2923251173,4232410959
dimwishlist:item=1411560894&perks=111235976,679225683,3017780555,3673922083,4139916815
dimwishlist:item=1411560894&perks=111235976,679225683,3017780555,3673922083,4232410959
dimwishlist:item=1411560894&perks=111235976,679225683,3017780555,2889515627,4139916815
dimwishlist:item=1411560894&perks=111235976,679225683,3017780555,2889515627,4232410959
dimwishlist:item=1411560894&perks=111235976,679225683,4223976499,2890807135,4139916815
dimwishlist:item=1411560894&perks=111235976,679225683,4223976499,2890807135,4232410959
dimwishlist:item=1411560894&perks=111235976,679225683,4223976499,3581929919,4139916815
dimwishlist:item=1411560894&perks=111235976,679225683,4223976499,3581929919,4232410959
dimwishlist:item=1411560894&perks=111235976,679225683,4223976499,1015611457,4139916815
dimwishlist:item=1411560894&perks=111235976,679225683,4223976499,1015611457,4232410959
dimwishlist:item=1411560894&perks=111235976,679225683,4223976499,2923251173,4139916815
dimwishlist:item=1411560894&perks=111235976,679225683,4223976499,2923251173,4232410959
dimwishlist:item=1411560894&perks=111235976,679225683,4223976499,3673922083,4139916815
dimwishlist:item=1411560894&perks=111235976,679225683,4223976499,3673922083,4232410959
dimwishlist:item=1411560894&perks=111235976,679225683,4223976499,2889515627,4139916815
dimwishlist:item=1411560894&perks=111235976,679225683,4223976499,2889515627,4232410959
dimwishlist:item=1411560894&perks=111235976,679225683,1820235745,2890807135,4139916815
dimwishlist:item=1411560894&perks=111235976,679225683,1820235745,2890807135,4232410959
dimwishlist:item=1411560894&perks=111235976,679225683,1820235745,3581929919,4139916815
dimwishlist:item=1411560894&perks=111235976,679225683,1820235745,3581929919,4232410959
dimwishlist:item=1411560894&perks=111235976,679225683,1820235745,1015611457,4139916815
dimwishlist:item=1411560894&perks=111235976,679225683,1820235745,1015611457,4232410959
dimwishlist:item=1411560894&perks=111235976,679225683,1820235745,2923251173,4139916815
dimwishlist:item=1411560894&perks=111235976,679225683,1820235745,2923251173,4232410959
dimwishlist:item=1411560894&perks=111235976,679225683,1820235745,3673922083,4139916815
dimwishlist:item=1411560894&perks=111235976,679225683,1820235745,3673922083,4232410959
dimwishlist:item=1411560894&perks=111235976,679225683,1820235745,2889515627,4139916815
dimwishlist:item=1411560894&perks=111235976,679225683,1820235745,2889515627,4232410959
dimwishlist:item=1411560894&perks=111235976,679225683,4245865861,2890807135,4139916815
dimwishlist:item=1411560894&perks=111235976,679225683,4245865861,2890807135,4232410959
dimwishlist:item=1411560894&perks=111235976,679225683,4245865861,3581929919,4139916815
dimwishlist:item=1411560894&perks=111235976,679225683,4245865861,3581929919,4232410959
dimwishlist:item=1411560894&perks=111235976,679225683,4245865861,1015611457,4139916815
dimwishlist:item=1411560894&perks=111235976,679225683,4245865861,1015611457,4232410959
dimwishlist:item=1411560894&perks=111235976,679225683,4245865861,2923251173,4139916815
dimwishlist:item=1411560894&perks=111235976,679225683,4245865861,2923251173,4232410959
dimwishlist:item=1411560894&perks=111235976,679225683,4245865861,3673922083,4139916815
dimwishlist:item=1411560894&perks=111235976,679225683,4245865861,3673922083,4232410959
dimwishlist:item=1411560894&perks=111235976,679225683,4245865861,2889515627,4139916815
dimwishlist:item=1411560894&perks=111235976,679225683,4245865861,2889515627,4232410959
dimwishlist:item=1411560894&perks=111235976,1807273211,3017780555,2890807135,4139916815
dimwishlist:item=1411560894&perks=111235976,1807273211,3017780555,2890807135,4232410959
dimwishlist:item=1411560894&perks=111235976,1807273211,3017780555,3581929919,4139916815
dimwishlist:item=1411560894&perks=111235976,1807273211,3017780555,3581929919,4232410959
dimwishlist:item=1411560894&perks=111235976,1807273211,3017780555,1015611457,4139916815
dimwishlist:item=1411560894&perks=111235976,1807273211,3017780555,1015611457,4232410959
dimwishlist:item=1411560894&perks=111235976,1807273211,3017780555,2923251173,4139916815
dimwishlist:item=1411560894&perks=111235976,1807273211,3017780555,2923251173,4232410959
dimwishlist:item=1411560894&perks=111235976,1807273211,3017780555,3673922083,4139916815
dimwishlist:item=1411560894&perks=111235976,1807273211,3017780555,3673922083,4232410959
dimwishlist:item=1411560894&perks=111235976,1807273211,3017780555,2889515627,4139916815
dimwishlist:item=1411560894&perks=111235976,1807273211,3017780555,2889515627,4232410959
dimwishlist:item=1411560894&perks=111235976,1807273211,4223976499,2890807135,4139916815
dimwishlist:item=1411560894&perks=111235976,1807273211,4223976499,2890807135,4232410959
dimwishlist:item=1411560894&perks=111235976,1807273211,4223976499,3581929919,4139916815
dimwishlist:item=1411560894&perks=111235976,1807273211,4223976499,3581929919,4232410959
dimwishlist:item=1411560894&perks=111235976,1807273211,4223976499,1015611457,4139916815
dimwishlist:item=1411560894&perks=111235976,1807273211,4223976499,1015611457,4232410959
dimwishlist:item=1411560894&perks=111235976,1807273211,4223976499,2923251173,4139916815
dimwishlist:item=1411560894&perks=111235976,1807273211,4223976499,2923251173,4232410959
dimwishlist:item=1411560894&perks=111235976,1807273211,4223976499,3673922083,4139916815
dimwishlist:item=1411560894&perks=111235976,1807273211,4223976499,3673922083,4232410959
dimwishlist:item=1411560894&perks=111235976,1807273211,4223976499,2889515627,4139916815
dimwishlist:item=1411560894&perks=111235976,1807273211,4223976499,2889515627,4232410959
dimwishlist:item=1411560894&perks=111235976,1807273211,1820235745,2890807135,4139916815
dimwishlist:item=1411560894&perks=111235976,1807273211,1820235745,2890807135,4232410959
dimwishlist:item=1411560894&perks=111235976,1807273211,1820235745,3581929919,4139916815
dimwishlist:item=1411560894&perks=111235976,1807273211,1820235745,3581929919,4232410959
dimwishlist:item=1411560894&perks=111235976,1807273211,1820235745,1015611457,4139916815
dimwishlist:item=1411560894&perks=111235976,1807273211,1820235745,1015611457,4232410959
dimwishlist:item=1411560894&perks=111235976,1807273211,1820235745,2923251173,4139916815
dimwishlist:item=1411560894&perks=111235976,1807273211,1820235745,2923251173,4232410959
dimwishlist:item=1411560894&perks=111235976,1807273211,1820235745,3673922083,4139916815
dimwishlist:item=1411560894&perks=111235976,1807273211,1820235745,3673922083,4232410959
dimwishlist:item=1411560894&perks=111235976,1807273211,1820235745,2889515627,4139916815
dimwishlist:item=1411560894&perks=111235976,1807273211,1820235745,2889515627,4232410959
dimwishlist:item=1411560894&perks=111235976,1807273211,4245865861,2890807135,4139916815
dimwishlist:item=1411560894&perks=111235976,1807273211,4245865861,2890807135,4232410959
dimwishlist:item=1411560894&perks=111235976,1807273211,4245865861,3581929919,4139916815
dimwishlist:item=1411560894&perks=111235976,1807273211,4245865861,3581929919,4232410959
dimwishlist:item=1411560894&perks=111235976,1807273211,4245865861,1015611457,4139916815
dimwishlist:item=1411560894&perks=111235976,1807273211,4245865861,1015611457,4232410959
dimwishlist:item=1411560894&perks=111235976,1807273211,4245865861,2923251173,4139916815
dimwishlist:item=1411560894&perks=111235976,1807273211,4245865861,2923251173,4232410959
dimwishlist:item=1411560894&perks=111235976,1807273211,4245865861,3673922083,4139916815
dimwishlist:item=1411560894&perks=111235976,1807273211,4245865861,3673922083,4232410959
dimwishlist:item=1411560894&perks=111235976,1807273211,4245865861,2889515627,4139916815
dimwishlist:item=1411560894&perks=111235976,1807273211,4245865861,2889515627,4232410959
dimwishlist:item=1411560894&perks=1482024992,1968497646,3017780555,2890807135,4139916815
dimwishlist:item=1411560894&perks=1482024992,1968497646,3017780555,2890807135,4232410959
dimwishlist:item=1411560894&perks=1482024992,1968497646,3017780555,3581929919,4139916815
dimwishlist:item=1411560894&perks=1482024992,1968497646,3017780555,3581929919,4232410959
dimwishlist:item=1411560894&perks=1482024992,1968497646,3017780555,1015611457,4139916815
dimwishlist:item=1411560894&perks=1482024992,1968497646,3017780555,1015611457,4232410959
dimwishlist:item=1411560894&perks=1482024992,1968497646,3017780555,2923251173,4139916815
dimwishlist:item=1411560894&perks=1482024992,1968497646,3017780555,2923251173,4232410959
dimwishlist:item=1411560894&perks=1482024992,1968497646,3017780555,3673922083,4139916815
dimwishlist:item=1411560894&perks=1482024992,1968497646,3017780555,3673922083,4232410959
dimwishlist:item=1411560894&perks=1482024992,1968497646,3017780555,2889515627,4139916815
dimwishlist:item=1411560894&perks=1482024992,1968497646,3017780555,2889515627,4232410959
dimwishlist:item=1411560894&perks=1482024992,1968497646,4223976499,2890807135,4139916815
dimwishlist:item=1411560894&perks=1482024992,1968497646,4223976499,2890807135,4232410959
dimwishlist:item=1411560894&perks=1482024992,1968497646,4223976499,3581929919,4139916815
dimwishlist:item=1411560894&perks=1482024992,1968497646,4223976499,3581929919,4232410959
dimwishlist:item=1411560894&perks=1482024992,1968497646,4223976499,1015611457,4139916815
dimwishlist:item=1411560894&perks=1482024992,1968497646,4223976499,1015611457,4232410959
dimwishlist:item=1411560894&perks=1482024992,1968497646,4223976499,2923251173,4139916815
dimwishlist:item=1411560894&perks=1482024992,1968497646,4223976499,2923251173,4232410959
dimwishlist:item=1411560894&perks=1482024992,1968497646,4223976499,3673922083,4139916815
dimwishlist:item=1411560894&perks=1482024992,1968497646,4223976499,3673922083,4232410959
dimwishlist:item=1411560894&perks=1482024992,1968497646,4223976499,2889515627,4139916815
dimwishlist:item=1411560894&perks=1482024992,1968497646,4223976499,2889515627,4232410959
dimwishlist:item=1411560894&perks=1482024992,1968497646,1820235745,2890807135,4139916815
dimwishlist:item=1411560894&perks=1482024992,1968497646,1820235745,2890807135,4232410959
dimwishlist:item=1411560894&perks=1482024992,1968497646,1820235745,3581929919,4139916815
dimwishlist:item=1411560894&perks=1482024992,1968497646,1820235745,3581929919,4232410959
dimwishlist:item=1411560894&perks=1482024992,1968497646,1820235745,1015611457,4139916815
dimwishlist:item=1411560894&perks=1482024992,1968497646,1820235745,1015611457,4232410959
dimwishlist:item=1411560894&perks=1482024992,1968497646,1820235745,2923251173,4139916815
dimwishlist:item=1411560894&perks=1482024992,1968497646,1820235745,2923251173,4232410959
dimwishlist:item=1411560894&perks=1482024992,1968497646,1820235745,3673922083,4139916815
dimwishlist:item=1411560894&perks=1482024992,1968497646,1820235745,3673922083,4232410959
dimwishlist:item=1411560894&perks=1482024992,1968497646,1820235745,2889515627,4139916815
dimwishlist:item=1411560894&perks=1482024992,1968497646,1820235745,2889515627,4232410959
dimwishlist:item=1411560894&perks=1482024992,1968497646,4245865861,2890807135,4139916815
dimwishlist:item=1411560894&perks=1482024992,1968497646,4245865861,2890807135,4232410959
dimwishlist:item=1411560894&perks=1482024992,1968497646,4245865861,3581929919,4139916815
dimwishlist:item=1411560894&perks=1482024992,1968497646,4245865861,3581929919,4232410959
dimwishlist:item=1411560894&perks=1482024992,1968497646,4245865861,1015611457,4139916815
dimwishlist:item=1411560894&perks=1482024992,1968497646,4245865861,1015611457,4232410959
dimwishlist:item=1411560894&perks=1482024992,1968497646,4245865861,2923251173,4139916815
dimwishlist:item=1411560894&perks=1482024992,1968497646,4245865861,2923251173,4232410959
dimwishlist:item=1411560894&perks=1482024992,1968497646,4245865861,3673922083,4139916815
dimwishlist:item=1411560894&perks=1482024992,1968497646,4245865861,3673922083,4232410959
dimwishlist:item=1411560894&perks=1482024992,1968497646,4245865861,2889515627,4139916815
dimwishlist:item=1411560894&perks=1482024992,1968497646,4245865861,2889515627,4232410959
dimwishlist:item=1411560894&perks=1482024992,2172195298,3017780555,2890807135,4139916815
dimwishlist:item=1411560894&perks=1482024992,2172195298,3017780555,2890807135,4232410959
dimwishlist:item=1411560894&perks=1482024992,2172195298,3017780555,3581929919,4139916815
dimwishlist:item=1411560894&perks=1482024992,2172195298,3017780555,3581929919,4232410959
dimwishlist:item=1411560894&perks=1482024992,2172195298,3017780555,1015611457,4139916815
dimwishlist:item=1411560894&perks=1482024992,2172195298,3017780555,1015611457,4232410959
dimwishlist:item=1411560894&perks=1482024992,2172195298,3017780555,2923251173,4139916815
dimwishlist:item=1411560894&perks=1482024992,2172195298,3017780555,2923251173,4232410959
dimwishlist:item=1411560894&perks=1482024992,2172195298,3017780555,3673922083,4139916815
dimwishlist:item=1411560894&perks=1482024992,2172195298,3017780555,3673922083,4232410959
dimwishlist:item=1411560894&perks=1482024992,2172195298,3017780555,2889515627,4139916815
dimwishlist:item=1411560894&perks=1482024992,2172195298,3017780555,2889515627,4232410959
dimwishlist:item=1411560894&perks=1482024992,2172195298,4223976499,2890807135,4139916815
dimwishlist:item=1411560894&perks=1482024992,2172195298,4223976499,2890807135,4232410959
dimwishlist:item=1411560894&perks=1482024992,2172195298,4223976499,3581929919,4139916815
dimwishlist:item=1411560894&perks=1482024992,2172195298,4223976499,3581929919,4232410959
dimwishlist:item=1411560894&perks=1482024992,2172195298,4223976499,1015611457,4139916815
dimwishlist:item=1411560894&perks=1482024992,2172195298,4223976499,1015611457,4232410959
dimwishlist:item=1411560894&perks=1482024992,2172195298,4223976499,2923251173,4139916815
dimwishlist:item=1411560894&perks=1482024992,2172195298,4223976499,2923251173,4232410959
dimwishlist:item=1411560894&perks=1482024992,2172195298,4223976499,3673922083,4139916815
dimwishlist:item=1411560894&perks=1482024992,2172195298,4223976499,3673922083,4232410959
dimwishlist:item=1411560894&perks=1482024992,2172195298,4223976499,2889515627,4139916815
dimwishlist:item=1411560894&perks=1482024992,2172195298,4223976499,2889515627,4232410959
dimwishlist:item=1411560894&perks=1482024992,2172195298,1820235745,2890807135,4139916815
dimwishlist:item=1411560894&perks=1482024992,2172195298,1820235745,2890807135,4232410959
dimwishlist:item=1411560894&perks=1482024992,2172195298,1820235745,3581929919,4139916815
dimwishlist:item=1411560894&perks=1482024992,2172195298,1820235745,3581929919,4232410959
dimwishlist:item=1411560894&perks=1482024992,2172195298,1820235745,1015611457,4139916815
dimwishlist:item=1411560894&perks=1482024992,2172195298,1820235745,1015611457,4232410959
dimwishlist:item=1411560894&perks=1482024992,2172195298,1820235745,2923251173,4139916815
dimwishlist:item=1411560894&perks=1482024992,2172195298,1820235745,2923251173,4232410959
dimwishlist:item=1411560894&perks=1482024992,2172195298,1820235745,3673922083,4139916815
dimwishlist:item=1411560894&perks=1482024992,2172195298,1820235745,3673922083,4232410959
dimwishlist:item=1411560894&perks=1482024992,2172195298,1820235745,2889515627,4139916815
dimwishlist:item=1411560894&perks=1482024992,2172195298,1820235745,2889515627,4232410959
dimwishlist:item=1411560894&perks=1482024992,2172195298,4245865861,2890807135,4139916815
dimwishlist:item=1411560894&perks=1482024992,2172195298,4245865861,2890807135,4232410959
dimwishlist:item=1411560894&perks=1482024992,2172195298,4245865861,3581929919,4139916815
dimwishlist:item=1411560894&perks=1482024992,2172195298,4245865861,3581929919,4232410959
dimwishlist:item=1411560894&perks=1482024992,2172195298,4245865861,1015611457,4139916815
dimwishlist:item=1411560894&perks=1482024992,2172195298,4245865861,1015611457,4232410959
dimwishlist:item=1411560894&perks=1482024992,2172195298,4245865861,2923251173,4139916815
dimwishlist:item=1411560894&perks=1482024992,2172195298,4245865861,2923251173,4232410959
dimwishlist:item=1411560894&perks=1482024992,2172195298,4245865861,3673922083,4139916815
dimwishlist:item=1411560894&perks=1482024992,2172195298,4245865861,3673922083,4232410959
dimwishlist:item=1411560894&perks=1482024992,2172195298,4245865861,2889515627,4139916815
dimwishlist:item=1411560894&perks=1482024992,2172195298,4245865861,2889515627,4232410959
dimwishlist:item=1411560894&perks=1482024992,3230963543,3017780555,2890807135,4139916815
dimwishlist:item=1411560894&perks=1482024992,3230963543,3017780555,2890807135,4232410959
dimwishlist:item=1411560894&perks=1482024992,3230963543,3017780555,3581929919,4139916815
dimwishlist:item=1411560894&perks=1482024992,3230963543,3017780555,3581929919,4232410959
dimwishlist:item=1411560894&perks=1482024992,3230963543,3017780555,1015611457,4139916815
dimwishlist:item=1411560894&perks=1482024992,3230963543,3017780555,1015611457,4232410959
dimwishlist:item=1411560894&perks=1482024992,3230963543,3017780555,2923251173,4139916815
dimwishlist:item=1411560894&perks=1482024992,3230963543,3017780555,2923251173,4232410959
dimwishlist:item=1411560894&perks=1482024992,3230963543,3017780555,3673922083,4139916815
dimwishlist:item=1411560894&perks=1482024992,3230963543,3017780555,3673922083,4232410959
dimwishlist:item=1411560894&perks=1482024992,3230963543,3017780555,2889515627,4139916815
dimwishlist:item=1411560894&perks=1482024992,3230963543,3017780555,2889515627,4232410959
dimwishlist:item=1411560894&perks=1482024992,3230963543,4223976499,2890807135,4139916815
dimwishlist:item=1411560894&perks=1482024992,3230963543,4223976499,2890807135,4232410959
dimwishlist:item=1411560894&perks=1482024992,3230963543,4223976499,3581929919,4139916815
dimwishlist:item=1411560894&perks=1482024992,3230963543,4223976499,3581929919,4232410959
dimwishlist:item=1411560894&perks=1482024992,3230963543,4223976499,1015611457,4139916815
dimwishlist:item=1411560894&perks=1482024992,3230963543,4223976499,1015611457,4232410959
dimwishlist:item=1411560894&perks=1482024992,3230963543,4223976499,2923251173,4139916815
dimwishlist:item=1411560894&perks=1482024992,3230963543,4223976499,2923251173,4232410959
dimwishlist:item=1411560894&perks=1482024992,3230963543,4223976499,3673922083,4139916815
dimwishlist:item=1411560894&perks=1482024992,3230963543,4223976499,3673922083,4232410959
dimwishlist:item=1411560894&perks=1482024992,3230963543,4223976499,2889515627,4139916815
dimwishlist:item=1411560894&perks=1482024992,3230963543,4223976499,2889515627,4232410959
dimwishlist:item=1411560894&perks=1482024992,3230963543,1820235745,2890807135,4139916815
dimwishlist:item=1411560894&perks=1482024992,3230963543,1820235745,2890807135,4232410959
dimwishlist:item=1411560894&perks=1482024992,3230963543,1820235745,3581929919,4139916815
dimwishlist:item=1411560894&perks=1482024992,3230963543,1820235745,3581929919,4232410959
dimwishlist:item=1411560894&perks=1482024992,3230963543,1820235745,1015611457,4139916815
dimwishlist:item=1411560894&perks=1482024992,3230963543,1820235745,1015611457,4232410959
dimwishlist:item=1411560894&perks=1482024992,3230963543,1820235745,2923251173,4139916815
dimwishlist:item=1411560894&perks=1482024992,3230963543,1820235745,2923251173,4232410959
dimwishlist:item=1411560894&perks=1482024992,3230963543,1820235745,3673922083,4139916815
dimwishlist:item=1411560894&perks=1482024992,3230963543,1820235745,3673922083,4232410959
dimwishlist:item=1411560894&perks=1482024992,3230963543,1820235745,2889515627,4139916815
dimwishlist:item=1411560894&perks=1482024992,3230963543,1820235745,2889515627,4232410959
dimwishlist:item=1411560894&perks=1482024992,3230963543,4245865861,2890807135,4139916815
dimwishlist:item=1411560894&perks=1482024992,3230963543,4245865861,2890807135,4232410959
dimwishlist:item=1411560894&perks=1482024992,3230963543,4245865861,3581929919,4139916815
dimwishlist:item=1411560894&perks=1482024992,3230963543,4245865861,3581929919,4232410959
dimwishlist:item=1411560894&perks=1482024992,3230963543,4245865861,1015611457,4139916815
dimwishlist:item=1411560894&perks=1482024992,3230963543,4245865861,1015611457,4232410959
dimwishlist:item=1411560894&perks=1482024992,3230963543,4245865861,2923251173,4139916815
dimwishlist:item=1411560894&perks=1482024992,3230963543,4245865861,2923251173,4232410959
dimwishlist:item=1411560894&perks=1482024992,3230963543,4245865861,3673922083,4139916815
dimwishlist:item=1411560894&perks=1482024992,3230963543,4245865861,3673922083,4232410959
dimwishlist:item=1411560894&perks=1482024992,3230963543,4245865861,2889515627,4139916815
dimwishlist:item=1411560894&perks=1482024992,3230963543,4245865861,2889515627,4232410959
dimwishlist:item=1411560894&perks=1482024992,1709045111,3017780555,2890807135,4139916815
dimwishlist:item=1411560894&perks=1482024992,1709045111,3017780555,2890807135,4232410959
dimwishlist:item=1411560894&perks=1482024992,1709045111,3017780555,3581929919,4139916815
dimwishlist:item=1411560894&perks=1482024992,1709045111,3017780555,3581929919,4232410959
dimwishlist:item=1411560894&perks=1482024992,1709045111,3017780555,1015611457,4139916815
dimwishlist:item=1411560894&perks=1482024992,1709045111,3017780555,1015611457,4232410959
dimwishlist:item=1411560894&perks=1482024992,1709045111,3017780555,2923251173,4139916815
dimwishlist:item=1411560894&perks=1482024992,1709045111,3017780555,2923251173,4232410959
dimwishlist:item=1411560894&perks=1482024992,1709045111,3017780555,3673922083,4139916815
dimwishlist:item=1411560894&perks=1482024992,1709045111,3017780555,3673922083,4232410959
dimwishlist:item=1411560894&perks=1482024992,1709045111,3017780555,2889515627,4139916815
dimwishlist:item=1411560894&perks=1482024992,1709045111,3017780555,2889515627,4232410959
dimwishlist:item=1411560894&perks=1482024992,1709045111,4223976499,2890807135,4139916815
dimwishlist:item=1411560894&perks=1482024992,1709045111,4223976499,2890807135,4232410959
dimwishlist:item=1411560894&perks=1482024992,1709045111,4223976499,3581929919,4139916815
dimwishlist:item=1411560894&perks=1482024992,1709045111,4223976499,3581929919,4232410959
dimwishlist:item=1411560894&perks=1482024992,1709045111,4223976499,1015611457,4139916815
dimwishlist:item=1411560894&perks=1482024992,1709045111,4223976499,1015611457,4232410959
dimwishlist:item=1411560894&perks=1482024992,1709045111,4223976499,2923251173,4139916815
dimwishlist:item=1411560894&perks=1482024992,1709045111,4223976499,2923251173,4232410959
dimwishlist:item=1411560894&perks=1482024992,1709045111,4223976499,3673922083,4139916815
dimwishlist:item=1411560894&perks=1482024992,1709045111,4223976499,3673922083,4232410959
dimwishlist:item=1411560894&perks=1482024992,1709045111,4223976499,2889515627,4139916815
dimwishlist:item=1411560894&perks=1482024992,1709045111,4223976499,2889515627,4232410959
dimwishlist:item=1411560894&perks=1482024992,1709045111,1820235745,2890807135,4139916815
dimwishlist:item=1411560894&perks=1482024992,1709045111,1820235745,2890807135,4232410959
dimwishlist:item=1411560894&perks=1482024992,1709045111,1820235745,3581929919,4139916815
dimwishlist:item=1411560894&perks=1482024992,1709045111,1820235745,3581929919,4232410959
dimwishlist:item=1411560894&perks=1482024992,1709045111,1820235745,1015611457,4139916815
dimwishlist:item=1411560894&perks=1482024992,1709045111,1820235745,1015611457,4232410959
dimwishlist:item=1411560894&perks=1482024992,1709045111,1820235745,2923251173,4139916815
dimwishlist:item=1411560894&perks=1482024992,1709045111,1820235745,2923251173,4232410959
dimwishlist:item=1411560894&perks=1482024992,1709045111,1820235745,3673922083,4139916815
dimwishlist:item=1411560894&perks=1482024992,1709045111,1820235745,3673922083,4232410959
dimwishlist:item=1411560894&perks=1482024992,1709045111,1820235745,2889515627,4139916815
dimwishlist:item=1411560894&perks=1482024992,1709045111,1820235745,2889515627,4232410959
dimwishlist:item=1411560894&perks=1482024992,1709045111,4245865861,2890807135,4139916815
dimwishlist:item=1411560894&perks=1482024992,1709045111,4245865861,2890807135,4232410959
dimwishlist:item=1411560894&perks=1482024992,1709045111,4245865861,3581929919,4139916815
dimwishlist:item=1411560894&perks=1482024992,1709045111,4245865861,3581929919,4232410959
dimwishlist:item=1411560894&perks=1482024992,1709045111,4245865861,1015611457,4139916815
dimwishlist:item=1411560894&perks=1482024992,1709045111,4245865861,1015611457,4232410959
dimwishlist:item=1411560894&perks=1482024992,1709045111,4245865861,2923251173,4139916815
dimwishlist:item=1411560894&perks=1482024992,1709045111,4245865861,2923251173,4232410959
dimwishlist:item=1411560894&perks=1482024992,1709045111,4245865861,3673922083,4139916815
dimwishlist:item=1411560894&perks=1482024992,1709045111,4245865861,3673922083,4232410959
dimwishlist:item=1411560894&perks=1482024992,1709045111,4245865861,2889515627,4139916815
dimwishlist:item=1411560894&perks=1482024992,1709045111,4245865861,2889515627,4232410959
dimwishlist:item=1411560894&perks=1482024992,679225683,3017780555,2890807135,4139916815
dimwishlist:item=1411560894&perks=1482024992,679225683,3017780555,2890807135,4232410959
dimwishlist:item=1411560894&perks=1482024992,679225683,3017780555,3581929919,4139916815
dimwishlist:item=1411560894&perks=1482024992,679225683,3017780555,3581929919,4232410959
dimwishlist:item=1411560894&perks=1482024992,679225683,3017780555,1015611457,4139916815
dimwishlist:item=1411560894&perks=1482024992,679225683,3017780555,1015611457,4232410959
dimwishlist:item=1411560894&perks=1482024992,679225683,3017780555,2923251173,4139916815
dimwishlist:item=1411560894&perks=1482024992,679225683,3017780555,2923251173,4232410959
dimwishlist:item=1411560894&perks=1482024992,679225683,3017780555,3673922083,4139916815
dimwishlist:item=1411560894&perks=1482024992,679225683,3017780555,3673922083,4232410959
dimwishlist:item=1411560894&perks=1482024992,679225683,3017780555,2889515627,4139916815
dimwishlist:item=1411560894&perks=1482024992,679225683,3017780555,2889515627,4232410959
dimwishlist:item=1411560894&perks=1482024992,679225683,4223976499,2890807135,4139916815
dimwishlist:item=1411560894&perks=1482024992,679225683,4223976499,2890807135,4232410959
dimwishlist:item=1411560894&perks=1482024992,679225683,4223976499,3581929919,4139916815
dimwishlist:item=1411560894&perks=1482024992,679225683,4223976499,3581929919,4232410959
dimwishlist:item=1411560894&perks=1482024992,679225683,4223976499,1015611457,4139916815
dimwishlist:item=1411560894&perks=1482024992,679225683,4223976499,1015611457,4232410959
dimwishlist:item=1411560894&perks=1482024992,679225683,4223976499,2923251173,4139916815
dimwishlist:item=1411560894&perks=1482024992,679225683,4223976499,2923251173,4232410959
dimwishlist:item=1411560894&perks=1482024992,679225683,4223976499,3673922083,4139916815
dimwishlist:item=1411560894&perks=1482024992,679225683,4223976499,3673922083,4232410959
dimwishlist:item=1411560894&perks=1482024992,679225683,4223976499,2889515627,4139916815
dimwishlist:item=1411560894&perks=1482024992,679225683,4223976499,2889515627,4232410959
dimwishlist:item=1411560894&perks=1482024992,679225683,1820235745,2890807135,4139916815
dimwishlist:item=1411560894&perks=1482024992,679225683,1820235745,2890807135,4232410959
dimwishlist:item=1411560894&perks=1482024992,679225683,1820235745,3581929919,4139916815
dimwishlist:item=1411560894&perks=1482024992,679225683,1820235745,3581929919,4232410959
dimwishlist:item=1411560894&perks=1482024992,679225683,1820235745,1015611457,4139916815
dimwishlist:item=1411560894&perks=1482024992,679225683,1820235745,1015611457,4232410959
dimwishlist:item=1411560894&perks=1482024992,679225683,1820235745,2923251173,4139916815
dimwishlist:item=1411560894&perks=1482024992,679225683,1820235745,2923251173,4232410959
dimwishlist:item=1411560894&perks=1482024992,679225683,1820235745,3673922083,4139916815
dimwishlist:item=1411560894&perks=1482024992,679225683,1820235745,3673922083,4232410959
dimwishlist:item=1411560894&perks=1482024992,679225683,1820235745,2889515627,4139916815
dimwishlist:item=1411560894&perks=1482024992,679225683,1820235745,2889515627,4232410959
dimwishlist:item=1411560894&perks=1482024992,679225683,4245865861,2890807135,4139916815
dimwishlist:item=1411560894&perks=1482024992,679225683,4245865861,2890807135,4232410959
dimwishlist:item=1411560894&perks=1482024992,679225683,4245865861,3581929919,4139916815
dimwishlist:item=1411560894&perks=1482024992,679225683,4245865861,3581929919,4232410959
dimwishlist:item=1411560894&perks=1482024992,679225683,4245865861,1015611457,4139916815
dimwishlist:item=1411560894&perks=1482024992,679225683,4245865861,1015611457,4232410959
dimwishlist:item=1411560894&perks=1482024992,679225683,4245865861,2923251173,4139916815
dimwishlist:item=1411560894&perks=1482024992,679225683,4245865861,2923251173,4232410959
dimwishlist:item=1411560894&perks=1482024992,679225683,4245865861,3673922083,4139916815
dimwishlist:item=1411560894&perks=1482024992,679225683,4245865861,3673922083,4232410959
dimwishlist:item=1411560894&perks=1482024992,679225683,4245865861,2889515627,4139916815
dimwishlist:item=1411560894&perks=1482024992,679225683,4245865861,2889515627,4232410959
dimwishlist:item=1411560894&perks=1482024992,1807273211,3017780555,2890807135,4139916815
dimwishlist:item=1411560894&perks=1482024992,1807273211,3017780555,2890807135,4232410959
dimwishlist:item=1411560894&perks=1482024992,1807273211,3017780555,3581929919,4139916815
dimwishlist:item=1411560894&perks=1482024992,1807273211,3017780555,3581929919,4232410959
dimwishlist:item=1411560894&perks=1482024992,1807273211,3017780555,1015611457,4139916815
dimwishlist:item=1411560894&perks=1482024992,1807273211,3017780555,1015611457,4232410959
dimwishlist:item=1411560894&perks=1482024992,1807273211,3017780555,2923251173,4139916815
dimwishlist:item=1411560894&perks=1482024992,1807273211,3017780555,2923251173,4232410959
dimwishlist:item=1411560894&perks=1482024992,1807273211,3017780555,3673922083,4139916815
dimwishlist:item=1411560894&perks=1482024992,1807273211,3017780555,3673922083,4232410959
dimwishlist:item=1411560894&perks=1482024992,1807273211,3017780555,2889515627,4139916815
dimwishlist:item=1411560894&perks=1482024992,1807273211,3017780555,2889515627,4232410959
dimwishlist:item=1411560894&perks=1482024992,1807273211,4223976499,2890807135,4139916815
dimwishlist:item=1411560894&perks=1482024992,1807273211,4223976499,2890807135,4232410959
dimwishlist:item=1411560894&perks=1482024992,1807273211,4223976499,3581929919,4139916815
dimwishlist:item=1411560894&perks=1482024992,1807273211,4223976499,3581929919,4232410959
dimwishlist:item=1411560894&perks=1482024992,1807273211,4223976499,1015611457,4139916815
dimwishlist:item=1411560894&perks=1482024992,1807273211,4223976499,1015611457,4232410959
dimwishlist:item=1411560894&perks=1482024992,1807273211,4223976499,2923251173,4139916815
dimwishlist:item=1411560894&perks=1482024992,1807273211,4223976499,2923251173,4232410959
dimwishlist:item=1411560894&perks=1482024992,1807273211,4223976499,3673922083,4139916815
dimwishlist:item=1411560894&perks=1482024992,1807273211,4223976499,3673922083,4232410959
dimwishlist:item=1411560894&perks=1482024992,1807273211,4223976499,2889515627,4139916815
dimwishlist:item=1411560894&perks=1482024992,1807273211,4223976499,2889515627,4232410959
dimwishlist:item=1411560894&perks=1482024992,1807273211,1820235745,2890807135,4139916815
dimwishlist:item=1411560894&perks=1482024992,1807273211,1820235745,2890807135,4232410959
dimwishlist:item=1411560894&perks=1482024992,1807273211,1820235745,3581929919,4139916815
dimwishlist:item=1411560894&perks=1482024992,1807273211,1820235745,3581929919,4232410959
dimwishlist:item=1411560894&perks=1482024992,1807273211,1820235745,1015611457,4139916815
dimwishlist:item=1411560894&perks=1482024992,1807273211,1820235745,1015611457,4232410959
dimwishlist:item=1411560894&perks=1482024992,1807273211,1820235745,2923251173,4139916815
dimwishlist:item=1411560894&perks=1482024992,1807273211,1820235745,2923251173,4232410959
dimwishlist:item=1411560894&perks=1482024992,1807273211,1820235745,3673922083,4139916815
dimwishlist:item=1411560894&perks=1482024992,1807273211,1820235745,3673922083,4232410959
dimwishlist:item=1411560894&perks=1482024992,1807273211,1820235745,2889515627,4139916815
dimwishlist:item=1411560894&perks=1482024992,1807273211,1820235745,2889515627,4232410959
dimwishlist:item=1411560894&perks=1482024992,1807273211,4245865861,2890807135,4139916815
dimwishlist:item=1411560894&perks=1482024992,1807273211,4245865861,2890807135,4232410959
dimwishlist:item=1411560894&perks=1482024992,1807273211,4245865861,3581929919,4139916815
dimwishlist:item=1411560894&perks=1482024992,1807273211,4245865861,3581929919,4232410959
dimwishlist:item=1411560894&perks=1482024992,1807273211,4245865861,1015611457,4139916815
dimwishlist:item=1411560894&perks=1482024992,1807273211,4245865861,1015611457,4232410959
dimwishlist:item=1411560894&perks=1482024992,1807273211,4245865861,2923251173,4139916815
dimwishlist:item=1411560894&perks=1482024992,1807273211,4245865861,2923251173,4232410959
dimwishlist:item=1411560894&perks=1482024992,1807273211,4245865861,3673922083,4139916815
dimwishlist:item=1411560894&perks=1482024992,1807273211,4245865861,3673922083,4232410959
dimwishlist:item=1411560894&perks=1482024992,1807273211,4245865861,2889515627,4139916815
dimwishlist:item=1411560894&perks=1482024992,1807273211,4245865861,2889515627,4232410959
dimwishlist:item=1411560894&perks=2860123632,1968497646,3017780555,2890807135,4139916815
dimwishlist:item=1411560894&perks=2860123632,1968497646,3017780555,2890807135,4232410959
dimwishlist:item=1411560894&perks=2860123632,1968497646,3017780555,3581929919,4139916815
dimwishlist:item=1411560894&perks=2860123632,1968497646,3017780555,3581929919,4232410959
dimwishlist:item=1411560894&perks=2860123632,1968497646,3017780555,1015611457,4139916815
dimwishlist:item=1411560894&perks=2860123632,1968497646,3017780555,1015611457,4232410959
dimwishlist:item=1411560894&perks=2860123632,1968497646,3017780555,2923251173,4139916815
dimwishlist:item=1411560894&perks=2860123632,1968497646,3017780555,2923251173,4232410959
dimwishlist:item=1411560894&perks=2860123632,1968497646,3017780555,3673922083,4139916815
dimwishlist:item=1411560894&perks=2860123632,1968497646,3017780555,3673922083,4232410959
dimwishlist:item=1411560894&perks=2860123632,1968497646,3017780555,2889515627,4139916815
dimwishlist:item=1411560894&perks=2860123632,1968497646,3017780555,2889515627,4232410959
dimwishlist:item=1411560894&perks=2860123632,1968497646,4223976499,2890807135,4139916815
dimwishlist:item=1411560894&perks=2860123632,1968497646,4223976499,2890807135,4232410959
dimwishlist:item=1411560894&perks=2860123632,1968497646,4223976499,3581929919,4139916815
dimwishlist:item=1411560894&perks=2860123632,1968497646,4223976499,3581929919,4232410959
dimwishlist:item=1411560894&perks=2860123632,1968497646,4223976499,1015611457,4139916815
dimwishlist:item=1411560894&perks=2860123632,1968497646,4223976499,1015611457,4232410959
dimwishlist:item=1411560894&perks=2860123632,1968497646,4223976499,2923251173,4139916815
dimwishlist:item=1411560894&perks=2860123632,1968497646,4223976499,2923251173,4232410959
dimwishlist:item=1411560894&perks=2860123632,1968497646,4223976499,3673922083,4139916815
dimwishlist:item=1411560894&perks=2860123632,1968497646,4223976499,3673922083,4232410959
dimwishlist:item=1411560894&perks=2860123632,1968497646,4223976499,2889515627,4139916815
dimwishlist:item=1411560894&perks=2860123632,1968497646,4223976499,2889515627,4232410959
dimwishlist:item=1411560894&perks=2860123632,1968497646,1820235745,2890807135,4139916815
dimwishlist:item=1411560894&perks=2860123632,1968497646,1820235745,2890807135,4232410959
dimwishlist:item=1411560894&perks=2860123632,1968497646,1820235745,3581929919,4139916815
dimwishlist:item=1411560894&perks=2860123632,1968497646,1820235745,3581929919,4232410959
dimwishlist:item=1411560894&perks=2860123632,1968497646,1820235745,1015611457,4139916815
dimwishlist:item=1411560894&perks=2860123632,1968497646,1820235745,1015611457,4232410959
dimwishlist:item=1411560894&perks=2860123632,1968497646,1820235745,2923251173,4139916815
dimwishlist:item=1411560894&perks=2860123632,1968497646,1820235745,2923251173,4232410959
dimwishlist:item=1411560894&perks=2860123632,1968497646,1820235745,3673922083,4139916815
dimwishlist:item=1411560894&perks=2860123632,1968497646,1820235745,3673922083,4232410959
dimwishlist:item=1411560894&perks=2860123632,1968497646,1820235745,2889515627,4139916815
dimwishlist:item=1411560894&perks=2860123632,1968497646,1820235745,2889515627,4232410959
dimwishlist:item=1411560894&perks=2860123632,1968497646,4245865861,2890807135,4139916815
dimwishlist:item=1411560894&perks=2860123632,1968497646,4245865861,2890807135,4232410959
dimwishlist:item=1411560894&perks=2860123632,1968497646,4245865861,3581929919,4139916815
dimwishlist:item=1411560894&perks=2860123632,1968497646,4245865861,3581929919,4232410959
dimwishlist:item=1411560894&perks=2860123632,1968497646,4245865861,1015611457,4139916815
dimwishlist:item=1411560894&perks=2860123632,1968497646,4245865861,1015611457,4232410959
dimwishlist:item=1411560894&perks=2860123632,1968497646,4245865861,2923251173,4139916815
dimwishlist:item=1411560894&perks=2860123632,1968497646,4245865861,2923251173,4232410959
dimwishlist:item=1411560894&perks=2860123632,1968497646,4245865861,3673922083,4139916815
dimwishlist:item=1411560894&perks=2860123632,1968497646,4245865861,3673922083,4232410959
dimwishlist:item=1411560894&perks=2860123632,1968497646,4245865861,2889515627,4139916815
dimwishlist:item=1411560894&perks=2860123632,1968497646,4245865861,2889515627,4232410959
dimwishlist:item=1411560894&perks=2860123632,2172195298,3017780555,2890807135,4139916815
dimwishlist:item=1411560894&perks=2860123632,2172195298,3017780555,2890807135,4232410959
dimwishlist:item=1411560894&perks=2860123632,2172195298,3017780555,3581929919,4139916815
dimwishlist:item=1411560894&perks=2860123632,2172195298,3017780555,3581929919,4232410959
dimwishlist:item=1411560894&perks=2860123632,2172195298,3017780555,1015611457,4139916815
dimwishlist:item=1411560894&perks=2860123632,2172195298,3017780555,1015611457,4232410959
dimwishlist:item=1411560894&perks=2860123632,2172195298,3017780555,2923251173,4139916815
dimwishlist:item=1411560894&perks=2860123632,2172195298,3017780555,2923251173,4232410959
dimwishlist:item=1411560894&perks=2860123632,2172195298,3017780555,3673922083,4139916815
dimwishlist:item=1411560894&perks=2860123632,2172195298,3017780555,3673922083,4232410959
dimwishlist:item=1411560894&perks=2860123632,2172195298,3017780555,2889515627,4139916815
dimwishlist:item=1411560894&perks=2860123632,2172195298,3017780555,2889515627,4232410959
dimwishlist:item=1411560894&perks=2860123632,2172195298,4223976499,2890807135,4139916815
dimwishlist:item=1411560894&perks=2860123632,2172195298,4223976499,2890807135,4232410959
dimwishlist:item=1411560894&perks=2860123632,2172195298,4223976499,3581929919,4139916815
dimwishlist:item=1411560894&perks=2860123632,2172195298,4223976499,3581929919,4232410959
dimwishlist:item=1411560894&perks=2860123632,2172195298,4223976499,1015611457,4139916815
dimwishlist:item=1411560894&perks=2860123632,2172195298,4223976499,1015611457,4232410959
dimwishlist:item=1411560894&perks=2860123632,2172195298,4223976499,2923251173,4139916815
dimwishlist:item=1411560894&perks=2860123632,2172195298,4223976499,2923251173,4232410959
dimwishlist:item=1411560894&perks=2860123632,2172195298,4223976499,3673922083,4139916815
dimwishlist:item=1411560894&perks=2860123632,2172195298,4223976499,3673922083,4232410959
dimwishlist:item=1411560894&perks=2860123632,2172195298,4223976499,2889515627,4139916815
dimwishlist:item=1411560894&perks=2860123632,2172195298,4223976499,2889515627,4232410959
dimwishlist:item=1411560894&perks=2860123632,2172195298,1820235745,2890807135,4139916815
dimwishlist:item=1411560894&perks=2860123632,2172195298,1820235745,2890807135,4232410959
dimwishlist:item=1411560894&perks=2860123632,2172195298,1820235745,3581929919,4139916815
dimwishlist:item=1411560894&perks=2860123632,2172195298,1820235745,3581929919,4232410959
dimwishlist:item=1411560894&perks=2860123632,2172195298,1820235745,1015611457,4139916815
dimwishlist:item=1411560894&perks=2860123632,2172195298,1820235745,1015611457,4232410959
dimwishlist:item=1411560894&perks=2860123632,2172195298,1820235745,2923251173,4139916815
dimwishlist:item=1411560894&perks=2860123632,2172195298,1820235745,2923251173,4232410959
dimwishlist:item=1411560894&perks=2860123632,2172195298,1820235745,3673922083,4139916815
dimwishlist:item=1411560894&perks=2860123632,2172195298,1820235745,3673922083,4232410959
dimwishlist:item=1411560894&perks=2860123632,2172195298,1820235745,2889515627,4139916815
dimwishlist:item=1411560894&perks=2860123632,2172195298,1820235745,2889515627,4232410959
dimwishlist:item=1411560894&perks=2860123632,2172195298,4245865861,2890807135,4139916815
dimwishlist:item=1411560894&perks=2860123632,2172195298,4245865861,2890807135,4232410959
dimwishlist:item=1411560894&perks=2860123632,2172195298,4245865861,3581929919,4139916815
dimwishlist:item=1411560894&perks=2860123632,2172195298,4245865861,3581929919,4232410959
dimwishlist:item=1411560894&perks=2860123632,2172195298,4245865861,1015611457,4139916815
dimwishlist:item=1411560894&perks=2860123632,2172195298,4245865861,1015611457,4232410959
dimwishlist:item=1411560894&perks=2860123632,2172195298,4245865861,2923251173,4139916815
dimwishlist:item=1411560894&perks=2860123632,2172195298,4245865861,2923251173,4232410959
dimwishlist:item=1411560894&perks=2860123632,2172195298,4245865861,3673922083,4139916815
dimwishlist:item=1411560894&perks=2860123632,2172195298,4245865861,3673922083,4232410959
dimwishlist:item=1411560894&perks=2860123632,2172195298,4245865861,2889515627,4139916815
dimwishlist:item=1411560894&perks=2860123632,2172195298,4245865861,2889515627,4232410959
dimwishlist:item=1411560894&perks=2860123632,3230963543,3017780555,2890807135,4139916815
dimwishlist:item=1411560894&perks=2860123632,3230963543,3017780555,2890807135,4232410959
dimwishlist:item=1411560894&perks=2860123632,3230963543,3017780555,3581929919,4139916815
dimwishlist:item=1411560894&perks=2860123632,3230963543,3017780555,3581929919,4232410959
dimwishlist:item=1411560894&perks=2860123632,3230963543,3017780555,1015611457,4139916815
dimwishlist:item=1411560894&perks=2860123632,3230963543,3017780555,1015611457,4232410959
dimwishlist:item=1411560894&perks=2860123632,3230963543,3017780555,2923251173,4139916815
dimwishlist:item=1411560894&perks=2860123632,3230963543,3017780555,2923251173,4232410959
dimwishlist:item=1411560894&perks=2860123632,3230963543,3017780555,3673922083,4139916815
dimwishlist:item=1411560894&perks=2860123632,3230963543,3017780555,3673922083,4232410959
dimwishlist:item=1411560894&perks=2860123632,3230963543,3017780555,2889515627,4139916815
dimwishlist:item=1411560894&perks=2860123632,3230963543,3017780555,2889515627,4232410959
dimwishlist:item=1411560894&perks=2860123632,3230963543,4223976499,2890807135,4139916815
dimwishlist:item=1411560894&perks=2860123632,3230963543,4223976499,2890807135,4232410959
dimwishlist:item=1411560894&perks=2860123632,3230963543,4223976499,3581929919,4139916815
dimwishlist:item=1411560894&perks=2860123632,3230963543,4223976499,3581929919,4232410959
dimwishlist:item=1411560894&perks=2860123632,3230963543,4223976499,1015611457,4139916815
dimwishlist:item=1411560894&perks=2860123632,3230963543,4223976499,1015611457,4232410959
dimwishlist:item=1411560894&perks=2860123632,3230963543,4223976499,2923251173,4139916815
dimwishlist:item=1411560894&perks=2860123632,3230963543,4223976499,2923251173,4232410959
dimwishlist:item=1411560894&perks=2860123632,3230963543,4223976499,3673922083,4139916815
dimwishlist:item=1411560894&perks=2860123632,3230963543,4223976499,3673922083,4232410959
dimwishlist:item=1411560894&perks=2860123632,3230963543,4223976499,2889515627,4139916815
dimwishlist:item=1411560894&perks=2860123632,3230963543,4223976499,2889515627,4232410959
dimwishlist:item=1411560894&perks=2860123632,3230963543,1820235745,2890807135,4139916815
dimwishlist:item=1411560894&perks=2860123632,3230963543,1820235745,2890807135,4232410959
dimwishlist:item=1411560894&perks=2860123632,3230963543,1820235745,3581929919,4139916815
dimwishlist:item=1411560894&perks=2860123632,3230963543,1820235745,3581929919,4232410959
dimwishlist:item=1411560894&perks=2860123632,3230963543,1820235745,1015611457,4139916815
dimwishlist:item=1411560894&perks=2860123632,3230963543,1820235745,1015611457,4232410959
dimwishlist:item=1411560894&perks=2860123632,3230963543,1820235745,2923251173,4139916815
dimwishlist:item=1411560894&perks=2860123632,3230963543,1820235745,2923251173,4232410959
dimwishlist:item=1411560894&perks=2860123632,3230963543,1820235745,3673922083,4139916815
dimwishlist:item=1411560894&perks=2860123632,3230963543,1820235745,3673922083,4232410959
dimwishlist:item=1411560894&perks=2860123632,3230963543,1820235745,2889515627,4139916815
dimwishlist:item=1411560894&perks=2860123632,3230963543,1820235745,2889515627,4232410959
dimwishlist:item=1411560894&perks=2860123632,3230963543,4245865861,2890807135,4139916815
dimwishlist:item=1411560894&perks=2860123632,3230963543,4245865861,2890807135,4232410959
dimwishlist:item=1411560894&perks=2860123632,3230963543,4245865861,3581929919,4139916815
dimwishlist:item=1411560894&perks=2860123632,3230963543,4245865861,3581929919,4232410959
dimwishlist:item=1411560894&perks=2860123632,3230963543,4245865861,1015611457,4139916815
dimwishlist:item=1411560894&perks=2860123632,3230963543,4245865861,1015611457,4232410959
dimwishlist:item=1411560894&perks=2860123632,3230963543,4245865861,2923251173,4139916815
dimwishlist:item=1411560894&perks=2860123632,3230963543,4245865861,2923251173,4232410959
dimwishlist:item=1411560894&perks=2860123632,3230963543,4245865861,3673922083,4139916815
dimwishlist:item=1411560894&perks=2860123632,3230963543,4245865861,3673922083,4232410959
dimwishlist:item=1411560894&perks=2860123632,3230963543,4245865861,2889515627,4139916815
dimwishlist:item=1411560894&perks=2860123632,3230963543,4245865861,2889515627,4232410959
dimwishlist:item=1411560894&perks=2860123632,1709045111,3017780555,2890807135,4139916815
dimwishlist:item=1411560894&perks=2860123632,1709045111,3017780555,2890807135,4232410959
dimwishlist:item=1411560894&perks=2860123632,1709045111,3017780555,3581929919,4139916815
dimwishlist:item=1411560894&perks=2860123632,1709045111,3017780555,3581929919,4232410959
dimwishlist:item=1411560894&perks=2860123632,1709045111,3017780555,1015611457,4139916815
dimwishlist:item=1411560894&perks=2860123632,1709045111,3017780555,1015611457,4232410959
dimwishlist:item=1411560894&perks=2860123632,1709045111,3017780555,2923251173,4139916815
dimwishlist:item=1411560894&perks=2860123632,1709045111,3017780555,2923251173,4232410959
dimwishlist:item=1411560894&perks=2860123632,1709045111,3017780555,3673922083,4139916815
dimwishlist:item=1411560894&perks=2860123632,1709045111,3017780555,3673922083,4232410959
dimwishlist:item=1411560894&perks=2860123632,1709045111,3017780555,2889515627,4139916815
dimwishlist:item=1411560894&perks=2860123632,1709045111,3017780555,2889515627,4232410959
dimwishlist:item=1411560894&perks=2860123632,1709045111,4223976499,2890807135,4139916815
dimwishlist:item=1411560894&perks=2860123632,1709045111,4223976499,2890807135,4232410959
dimwishlist:item=1411560894&perks=2860123632,1709045111,4223976499,3581929919,4139916815
dimwishlist:item=1411560894&perks=2860123632,1709045111,4223976499,3581929919,4232410959
dimwishlist:item=1411560894&perks=2860123632,1709045111,4223976499,1015611457,4139916815
dimwishlist:item=1411560894&perks=2860123632,1709045111,4223976499,1015611457,4232410959
dimwishlist:item=1411560894&perks=2860123632,1709045111,4223976499,2923251173,4139916815
dimwishlist:item=1411560894&perks=2860123632,1709045111,4223976499,2923251173,4232410959
dimwishlist:item=1411560894&perks=2860123632,1709045111,4223976499,3673922083,4139916815
dimwishlist:item=1411560894&perks=2860123632,1709045111,4223976499,3673922083,4232410959
dimwishlist:item=1411560894&perks=2860123632,1709045111,4223976499,2889515627,4139916815
dimwishlist:item=1411560894&perks=2860123632,1709045111,4223976499,2889515627,4232410959
dimwishlist:item=1411560894&perks=2860123632,1709045111,1820235745,2890807135,4139916815
dimwishlist:item=1411560894&perks=2860123632,1709045111,1820235745,2890807135,4232410959
dimwishlist:item=1411560894&perks=2860123632,1709045111,1820235745,3581929919,4139916815
dimwishlist:item=1411560894&perks=2860123632,1709045111,1820235745,3581929919,4232410959
dimwishlist:item=1411560894&perks=2860123632,1709045111,1820235745,1015611457,4139916815
dimwishlist:item=1411560894&perks=2860123632,1709045111,1820235745,1015611457,4232410959
dimwishlist:item=1411560894&perks=2860123632,1709045111,1820235745,2923251173,4139916815
dimwishlist:item=1411560894&perks=2860123632,1709045111,1820235745,2923251173,4232410959
dimwishlist:item=1411560894&perks=2860123632,1709045111,1820235745,3673922083,4139916815
dimwishlist:item=1411560894&perks=2860123632,1709045111,1820235745,3673922083,4232410959
dimwishlist:item=1411560894&perks=2860123632,1709045111,1820235745,2889515627,4139916815
dimwishlist:item=1411560894&perks=2860123632,1709045111,1820235745,2889515627,4232410959
dimwishlist:item=1411560894&perks=2860123632,1709045111,4245865861,2890807135,4139916815
dimwishlist:item=1411560894&perks=2860123632,1709045111,4245865861,2890807135,4232410959
dimwishlist:item=1411560894&perks=2860123632,1709045111,4245865861,3581929919,4139916815
dimwishlist:item=1411560894&perks=2860123632,1709045111,4245865861,3581929919,4232410959
dimwishlist:item=1411560894&perks=2860123632,1709045111,4245865861,1015611457,4139916815
dimwishlist:item=1411560894&perks=2860123632,1709045111,4245865861,1015611457,4232410959
dimwishlist:item=1411560894&perks=2860123632,1709045111,4245865861,2923251173,4139916815
dimwishlist:item=1411560894&perks=2860123632,1709045111,4245865861,2923251173,4232410959
dimwishlist:item=1411560894&perks=2860123632,1709045111,4245865861,3673922083,4139916815
dimwishlist:item=1411560894&perks=2860123632,1709045111,4245865861,3673922083,4232410959
dimwishlist:item=1411560894&perks=2860123632,1709045111,4245865861,2889515627,4139916815
dimwishlist:item=1411560894&perks=2860123632,1709045111,4245865861,2889515627,4232410959
dimwishlist:item=1411560894&perks=2860123632,679225683,3017780555,2890807135,4139916815
dimwishlist:item=1411560894&perks=2860123632,679225683,3017780555,2890807135,4232410959
dimwishlist:item=1411560894&perks=2860123632,679225683,3017780555,3581929919,4139916815
dimwishlist:item=1411560894&perks=2860123632,679225683,3017780555,3581929919,4232410959
dimwishlist:item=1411560894&perks=2860123632,679225683,3017780555,1015611457,4139916815
dimwishlist:item=1411560894&perks=2860123632,679225683,3017780555,1015611457,4232410959
dimwishlist:item=1411560894&perks=2860123632,679225683,3017780555,2923251173,4139916815
dimwishlist:item=1411560894&perks=2860123632,679225683,3017780555,2923251173,4232410959
dimwishlist:item=1411560894&perks=2860123632,679225683,3017780555,3673922083,4139916815
dimwishlist:item=1411560894&perks=2860123632,679225683,3017780555,3673922083,4232410959
dimwishlist:item=1411560894&perks=2860123632,679225683,3017780555,2889515627,4139916815
dimwishlist:item=1411560894&perks=2860123632,679225683,3017780555,2889515627,4232410959
dimwishlist:item=1411560894&perks=2860123632,679225683,4223976499,2890807135,4139916815
dimwishlist:item=1411560894&perks=2860123632,679225683,4223976499,2890807135,4232410959
dimwishlist:item=1411560894&perks=2860123632,679225683,4223976499,3581929919,4139916815
dimwishlist:item=1411560894&perks=2860123632,679225683,4223976499,3581929919,4232410959
dimwishlist:item=1411560894&perks=2860123632,679225683,4223976499,1015611457,4139916815
dimwishlist:item=1411560894&perks=2860123632,679225683,4223976499,1015611457,4232410959
dimwishlist:item=1411560894&perks=2860123632,679225683,4223976499,2923251173,4139916815
dimwishlist:item=1411560894&perks=2860123632,679225683,4223976499,2923251173,4232410959
dimwishlist:item=1411560894&perks=2860123632,679225683,4223976499,3673922083,4139916815
dimwishlist:item=1411560894&perks=2860123632,679225683,4223976499,3673922083,4232410959
dimwishlist:item=1411560894&perks=2860123632,679225683,4223976499,2889515627,4139916815
dimwishlist:item=1411560894&perks=2860123632,679225683,4223976499,2889515627,4232410959
dimwishlist:item=1411560894&perks=2860123632,679225683,1820235745,2890807135,4139916815
dimwishlist:item=1411560894&perks=2860123632,679225683,1820235745,2890807135,4232410959
dimwishlist:item=1411560894&perks=2860123632,679225683,1820235745,3581929919,4139916815
dimwishlist:item=1411560894&perks=2860123632,679225683,1820235745,3581929919,4232410959
dimwishlist:item=1411560894&perks=2860123632,679225683,1820235745,1015611457,4139916815
dimwishlist:item=1411560894&perks=2860123632,679225683,1820235745,1015611457,4232410959
dimwishlist:item=1411560894&perks=2860123632,679225683,1820235745,2923251173,4139916815
dimwishlist:item=1411560894&perks=2860123632,679225683,1820235745,2923251173,4232410959
dimwishlist:item=1411560894&perks=2860123632,679225683,1820235745,3673922083,4139916815
dimwishlist:item=1411560894&perks=2860123632,679225683,1820235745,3673922083,4232410959
dimwishlist:item=1411560894&perks=2860123632,679225683,1820235745,2889515627,4139916815
dimwishlist:item=1411560894&perks=2860123632,679225683,1820235745,2889515627,4232410959
dimwishlist:item=1411560894&perks=2860123632,679225683,4245865861,2890807135,4139916815
dimwishlist:item=1411560894&perks=2860123632,679225683,4245865861,2890807135,4232410959
dimwishlist:item=1411560894&perks=2860123632,679225683,4245865861,3581929919,4139916815
dimwishlist:item=1411560894&perks=2860123632,679225683,4245865861,3581929919,4232410959
dimwishlist:item=1411560894&perks=2860123632,679225683,4245865861,1015611457,4139916815
dimwishlist:item=1411560894&perks=2860123632,679225683,4245865861,1015611457,4232410959
dimwishlist:item=1411560894&perks=2860123632,679225683,4245865861,2923251173,4139916815
dimwishlist:item=1411560894&perks=2860123632,679225683,4245865861,2923251173,4232410959
dimwishlist:item=1411560894&perks=2860123632,679225683,4245865861,3673922083,4139916815
dimwishlist:item=1411560894&perks=2860123632,679225683,4245865861,3673922083,4232410959
dimwishlist:item=1411560894&perks=2860123632,679225683,4245865861,2889515627,4139916815
dimwishlist:item=1411560894&perks=2860123632,679225683,4245865861,2889515627,4232410959
dimwishlist:item=1411560894&perks=2860123632,1807273211,3017780555,2890807135,4139916815
dimwishlist:item=1411560894&perks=2860123632,1807273211,3017780555,2890807135,4232410959
dimwishlist:item=1411560894&perks=2860123632,1807273211,3017780555,3581929919,4139916815
dimwishlist:item=1411560894&perks=2860123632,1807273211,3017780555,3581929919,4232410959
dimwishlist:item=1411560894&perks=2860123632,1807273211,3017780555,1015611457,4139916815
dimwishlist:item=1411560894&perks=2860123632,1807273211,3017780555,1015611457,4232410959
dimwishlist:item=1411560894&perks=2860123632,1807273211,3017780555,2923251173,4139916815
dimwishlist:item=1411560894&perks=2860123632,1807273211,3017780555,2923251173,4232410959
dimwishlist:item=1411560894&perks=2860123632,1807273211,3017780555,3673922083,4139916815
dimwishlist:item=1411560894&perks=2860123632,1807273211,3017780555,3673922083,4232410959
dimwishlist:item=1411560894&perks=2860123632,1807273211,3017780555,2889515627,4139916815
dimwishlist:item=1411560894&perks=2860123632,1807273211,3017780555,2889515627,4232410959
dimwishlist:item=1411560894&perks=2860123632,1807273211,4223976499,2890807135,4139916815
dimwishlist:item=1411560894&perks=2860123632,1807273211,4223976499,2890807135,4232410959
dimwishlist:item=1411560894&perks=2860123632,1807273211,4223976499,3581929919,4139916815
dimwishlist:item=1411560894&perks=2860123632,1807273211,4223976499,3581929919,4232410959
dimwishlist:item=1411560894&perks=2860123632,1807273211,4223976499,1015611457,4139916815
dimwishlist:item=1411560894&perks=2860123632,1807273211,4223976499,1015611457,4232410959
dimwishlist:item=1411560894&perks=2860123632,1807273211,4223976499,2923251173,4139916815
dimwishlist:item=1411560894&perks=2860123632,1807273211,4223976499,2923251173,4232410959
dimwishlist:item=1411560894&perks=2860123632,1807273211,4223976499,3673922083,4139916815
dimwishlist:item=1411560894&perks=2860123632,1807273211,4223976499,3673922083,4232410959
dimwishlist:item=1411560894&perks=2860123632,1807273211,4223976499,2889515627,4139916815
dimwishlist:item=1411560894&perks=2860123632,1807273211,4223976499,2889515627,4232410959
dimwishlist:item=1411560894&perks=2860123632,1807273211,1820235745,2890807135,4139916815
dimwishlist:item=1411560894&perks=2860123632,1807273211,1820235745,2890807135,4232410959
dimwishlist:item=1411560894&perks=2860123632,1807273211,1820235745,3581929919,4139916815
dimwishlist:item=1411560894&perks=2860123632,1807273211,1820235745,3581929919,4232410959
dimwishlist:item=1411560894&perks=2860123632,1807273211,1820235745,1015611457,4139916815
dimwishlist:item=1411560894&perks=2860123632,1807273211,1820235745,1015611457,4232410959
dimwishlist:item=1411560894&perks=2860123632,1807273211,1820235745,2923251173,4139916815
dimwishlist:item=1411560894&perks=2860123632,1807273211,1820235745,2923251173,4232410959
dimwishlist:item=1411560894&perks=2860123632,1807273211,1820235745,3673922083,4139916815
dimwishlist:item=1411560894&perks=2860123632,1807273211,1820235745,3673922083,4232410959
dimwishlist:item=1411560894&perks=2860123632,1807273211,1820235745,2889515627,4139916815
dimwishlist:item=1411560894&perks=2860123632,1807273211,1820235745,2889515627,4232410959
dimwishlist:item=1411560894&perks=2860123632,1807273211,4245865861,2890807135,4139916815
dimwishlist:item=1411560894&perks=2860123632,1807273211,4245865861,2890807135,4232410959
dimwishlist:item=1411560894&perks=2860123632,1807273211,4245865861,3581929919,4139916815
dimwishlist:item=1411560894&perks=2860123632,1807273211,4245865861,3581929919,4232410959
dimwishlist:item=1411560894&perks=2860123632,1807273211,4245865861,1015611457,4139916815
dimwishlist:item=1411560894&perks=2860123632,1807273211,4245865861,1015611457,4232410959
dimwishlist:item=1411560894&perks=2860123632,1807273211,4245865861,2923251173,4139916815
dimwishlist:item=1411560894&perks=2860123632,1807273211,4245865861,2923251173,4232410959
dimwishlist:item=1411560894&perks=2860123632,1807273211,4245865861,3673922083,4139916815
dimwishlist:item=1411560894&perks=2860123632,1807273211,4245865861,3673922083,4232410959
dimwishlist:item=1411560894&perks=2860123632,1807273211,4245865861,2889515627,4139916815
dimwishlist:item=1411560894&perks=2860123632,1807273211,4245865861,2889515627,4232410959


// Ahab Char - PERKS PVE (god-pve,pve)
//notes: MW=RANGE>RELOAD>STABILITY>HANDLING tags:god-pve,pve
dimwishlist:item=1411560894&perks=2890807135,4139916815
dimwishlist:item=1411560894&perks=2890807135,4232410959
dimwishlist:item=1411560894&perks=3581929919,4139916815
dimwishlist:item=1411560894&perks=3581929919,4232410959
dimwishlist:item=1411560894&perks=1015611457,4139916815
dimwishlist:item=1411560894&perks=1015611457,4232410959
dimwishlist:item=1411560894&perks=2923251173,4139916815
dimwishlist:item=1411560894&perks=2923251173,4232410959
dimwishlist:item=1411560894&perks=3673922083,4139916815
dimwishlist:item=1411560894&perks=3673922083,4232410959
dimwishlist:item=1411560894&perks=2889515627,4139916815
dimwishlist:item=1411560894&perks=2889515627,4232410959


// Stars in Shadow - GOD PVE (god-pve)
//notes: MW=RELOAD>RANGE>HANDLING>STABILITY tags:god-pve
dimwishlist:item=3602242905&perks=839105230,106909392,3017780555,2890807135
dimwishlist:item=3602242905&perks=839105230,106909392,3017780555,3581929919
dimwishlist:item=3602242905&perks=839105230,106909392,3017780555,4293542123
dimwishlist:item=3602242905&perks=839105230,106909392,3017780555,2675184851
dimwishlist:item=3602242905&perks=839105230,106909392,3017780555,31345821
dimwishlist:item=3602242905&perks=839105230,106909392,3017780555,639190697
dimwishlist:item=3602242905&perks=839105230,106909392,3017780555,1015611457
dimwishlist:item=3602242905&perks=839105230,106909392,3017780555,2923251173
dimwishlist:item=3602242905&perks=839105230,106909392,4223976499,2890807135
dimwishlist:item=3602242905&perks=839105230,106909392,4223976499,3581929919
dimwishlist:item=3602242905&perks=839105230,106909392,4223976499,4293542123
dimwishlist:item=3602242905&perks=839105230,106909392,4223976499,2675184851
dimwishlist:item=3602242905&perks=839105230,106909392,4223976499,31345821
dimwishlist:item=3602242905&perks=839105230,106909392,4223976499,639190697
dimwishlist:item=3602242905&perks=839105230,106909392,4223976499,1015611457
dimwishlist:item=3602242905&perks=839105230,106909392,4223976499,2923251173
dimwishlist:item=3602242905&perks=839105230,106909392,247725512,2890807135
dimwishlist:item=3602242905&perks=839105230,106909392,247725512,3581929919
dimwishlist:item=3602242905&perks=839105230,106909392,247725512,4293542123
dimwishlist:item=3602242905&perks=839105230,106909392,247725512,2675184851
dimwishlist:item=3602242905&perks=839105230,106909392,247725512,31345821
dimwishlist:item=3602242905&perks=839105230,106909392,247725512,639190697
dimwishlist:item=3602242905&perks=839105230,106909392,247725512,1015611457
dimwishlist:item=3602242905&perks=839105230,106909392,247725512,2923251173
dimwishlist:item=3602242905&perks=839105230,106909392,2938480696,2890807135
dimwishlist:item=3602242905&perks=839105230,106909392,2938480696,3581929919
dimwishlist:item=3602242905&perks=839105230,106909392,2938480696,4293542123
dimwishlist:item=3602242905&perks=839105230,106909392,2938480696,2675184851
dimwishlist:item=3602242905&perks=839105230,106909392,2938480696,31345821
dimwishlist:item=3602242905&perks=839105230,106909392,2938480696,639190697
dimwishlist:item=3602242905&perks=839105230,106909392,2938480696,1015611457
dimwishlist:item=3602242905&perks=839105230,106909392,2938480696,2923251173
dimwishlist:item=3602242905&perks=839105230,1783397184,3017780555,2890807135
dimwishlist:item=3602242905&perks=839105230,1783397184,3017780555,3581929919
dimwishlist:item=3602242905&perks=839105230,1783397184,3017780555,4293542123
dimwishlist:item=3602242905&perks=839105230,1783397184,3017780555,2675184851
dimwishlist:item=3602242905&perks=839105230,1783397184,3017780555,31345821
dimwishlist:item=3602242905&perks=839105230,1783397184,3017780555,639190697
dimwishlist:item=3602242905&perks=839105230,1783397184,3017780555,1015611457
dimwishlist:item=3602242905&perks=839105230,1783397184,3017780555,2923251173
dimwishlist:item=3602242905&perks=839105230,1783397184,4223976499,2890807135
dimwishlist:item=3602242905&perks=839105230,1783397184,4223976499,3581929919
dimwishlist:item=3602242905&perks=839105230,1783397184,4223976499,4293542123
dimwishlist:item=3602242905&perks=839105230,1783397184,4223976499,2675184851
dimwishlist:item=3602242905&perks=839105230,1783397184,4223976499,31345821
dimwishlist:item=3602242905&perks=839105230,1783397184,4223976499,639190697
dimwishlist:item=3602242905&perks=839105230,1783397184,4223976499,1015611457
dimwishlist:item=3602242905&perks=839105230,1783397184,4223976499,2923251173
dimwishlist:item=3602242905&perks=839105230,1783397184,247725512,2890807135
dimwishlist:item=3602242905&perks=839105230,1783397184,247725512,3581929919
dimwishlist:item=3602242905&perks=839105230,1783397184,247725512,4293542123
dimwishlist:item=3602242905&perks=839105230,1783397184,247725512,2675184851
dimwishlist:item=3602242905&perks=839105230,1783397184,247725512,31345821
dimwishlist:item=3602242905&perks=839105230,1783397184,247725512,639190697
dimwishlist:item=3602242905&perks=839105230,1783397184,247725512,1015611457
dimwishlist:item=3602242905&perks=839105230,1783397184,247725512,2923251173
dimwishlist:item=3602242905&perks=839105230,1783397184,2938480696,2890807135
dimwishlist:item=3602242905&perks=839105230,1783397184,2938480696,3581929919
dimwishlist:item=3602242905&perks=839105230,1783397184,2938480696,4293542123
dimwishlist:item=3602242905&perks=839105230,1783397184,2938480696,2675184851
dimwishlist:item=3602242905&perks=839105230,1783397184,2938480696,31345821
dimwishlist:item=3602242905&perks=839105230,1783397184,2938480696,639190697
dimwishlist:item=3602242905&perks=839105230,1783397184,2938480696,1015611457
dimwishlist:item=3602242905&perks=839105230,1783397184,2938480696,2923251173
dimwishlist:item=3602242905&perks=839105230,3230963543,3017780555,2890807135
dimwishlist:item=3602242905&perks=839105230,3230963543,3017780555,3581929919
dimwishlist:item=3602242905&perks=839105230,3230963543,3017780555,4293542123
dimwishlist:item=3602242905&perks=839105230,3230963543,3017780555,2675184851
dimwishlist:item=3602242905&perks=839105230,3230963543,3017780555,31345821
dimwishlist:item=3602242905&perks=839105230,3230963543,3017780555,639190697
dimwishlist:item=3602242905&perks=839105230,3230963543,3017780555,1015611457
dimwishlist:item=3602242905&perks=839105230,3230963543,3017780555,2923251173
dimwishlist:item=3602242905&perks=839105230,3230963543,4223976499,2890807135
dimwishlist:item=3602242905&perks=839105230,3230963543,4223976499,3581929919
dimwishlist:item=3602242905&perks=839105230,3230963543,4223976499,4293542123
dimwishlist:item=3602242905&perks=839105230,3230963543,4223976499,2675184851
dimwishlist:item=3602242905&perks=839105230,3230963543,4223976499,31345821
dimwishlist:item=3602242905&perks=839105230,3230963543,4223976499,639190697
dimwishlist:item=3602242905&perks=839105230,3230963543,4223976499,1015611457
dimwishlist:item=3602242905&perks=839105230,3230963543,4223976499,2923251173
dimwishlist:item=3602242905&perks=839105230,3230963543,247725512,2890807135
dimwishlist:item=3602242905&perks=839105230,3230963543,247725512,3581929919
dimwishlist:item=3602242905&perks=839105230,3230963543,247725512,4293542123
dimwishlist:item=3602242905&perks=839105230,3230963543,247725512,2675184851
dimwishlist:item=3602242905&perks=839105230,3230963543,247725512,31345821
dimwishlist:item=3602242905&perks=839105230,3230963543,247725512,639190697
dimwishlist:item=3602242905&perks=839105230,3230963543,247725512,1015611457
dimwishlist:item=3602242905&perks=839105230,3230963543,247725512,2923251173
dimwishlist:item=3602242905&perks=839105230,3230963543,2938480696,2890807135
dimwishlist:item=3602242905&perks=839105230,3230963543,2938480696,3581929919
dimwishlist:item=3602242905&perks=839105230,3230963543,2938480696,4293542123
dimwishlist:item=3602242905&perks=839105230,3230963543,2938480696,2675184851
dimwishlist:item=3602242905&perks=839105230,3230963543,2938480696,31345821
dimwishlist:item=3602242905&perks=839105230,3230963543,2938480696,639190697
dimwishlist:item=3602242905&perks=839105230,3230963543,2938480696,1015611457
dimwishlist:item=3602242905&perks=839105230,3230963543,2938480696,2923251173
dimwishlist:item=3602242905&perks=839105230,1709045111,3017780555,2890807135
dimwishlist:item=3602242905&perks=839105230,1709045111,3017780555,3581929919
dimwishlist:item=3602242905&perks=839105230,1709045111,3017780555,4293542123
dimwishlist:item=3602242905&perks=839105230,1709045111,3017780555,2675184851
dimwishlist:item=3602242905&perks=839105230,1709045111,3017780555,31345821
dimwishlist:item=3602242905&perks=839105230,1709045111,3017780555,639190697
dimwishlist:item=3602242905&perks=839105230,1709045111,3017780555,1015611457
dimwishlist:item=3602242905&perks=839105230,1709045111,3017780555,2923251173
dimwishlist:item=3602242905&perks=839105230,1709045111,4223976499,2890807135
dimwishlist:item=3602242905&perks=839105230,1709045111,4223976499,3581929919
dimwishlist:item=3602242905&perks=839105230,1709045111,4223976499,4293542123
dimwishlist:item=3602242905&perks=839105230,1709045111,4223976499,2675184851
dimwishlist:item=3602242905&perks=839105230,1709045111,4223976499,31345821
dimwishlist:item=3602242905&perks=839105230,1709045111,4223976499,639190697
dimwishlist:item=3602242905&perks=839105230,1709045111,4223976499,1015611457
dimwishlist:item=3602242905&perks=839105230,1709045111,4223976499,2923251173
dimwishlist:item=3602242905&perks=839105230,1709045111,247725512,2890807135
dimwishlist:item=3602242905&perks=839105230,1709045111,247725512,3581929919
dimwishlist:item=3602242905&perks=839105230,1709045111,247725512,4293542123
dimwishlist:item=3602242905&perks=839105230,1709045111,247725512,2675184851
dimwishlist:item=3602242905&perks=839105230,1709045111,247725512,31345821
dimwishlist:item=3602242905&perks=839105230,1709045111,247725512,639190697
dimwishlist:item=3602242905&perks=839105230,1709045111,247725512,1015611457
dimwishlist:item=3602242905&perks=839105230,1709045111,247725512,2923251173
dimwishlist:item=3602242905&perks=839105230,1709045111,2938480696,2890807135
dimwishlist:item=3602242905&perks=839105230,1709045111,2938480696,3581929919
dimwishlist:item=3602242905&perks=839105230,1709045111,2938480696,4293542123
dimwishlist:item=3602242905&perks=839105230,1709045111,2938480696,2675184851
dimwishlist:item=3602242905&perks=839105230,1709045111,2938480696,31345821
dimwishlist:item=3602242905&perks=839105230,1709045111,2938480696,639190697
dimwishlist:item=3602242905&perks=839105230,1709045111,2938480696,1015611457
dimwishlist:item=3602242905&perks=839105230,1709045111,2938480696,2923251173
dimwishlist:item=3602242905&perks=839105230,1087426260,3017780555,2890807135
dimwishlist:item=3602242905&perks=839105230,1087426260,3017780555,3581929919
dimwishlist:item=3602242905&perks=839105230,1087426260,3017780555,4293542123
dimwishlist:item=3602242905&perks=839105230,1087426260,3017780555,2675184851
dimwishlist:item=3602242905&perks=839105230,1087426260,3017780555,31345821
dimwishlist:item=3602242905&perks=839105230,1087426260,3017780555,639190697
dimwishlist:item=3602242905&perks=839105230,1087426260,3017780555,1015611457
dimwishlist:item=3602242905&perks=839105230,1087426260,3017780555,2923251173
dimwishlist:item=3602242905&perks=839105230,1087426260,4223976499,2890807135
dimwishlist:item=3602242905&perks=839105230,1087426260,4223976499,3581929919
dimwishlist:item=3602242905&perks=839105230,1087426260,4223976499,4293542123
dimwishlist:item=3602242905&perks=839105230,1087426260,4223976499,2675184851
dimwishlist:item=3602242905&perks=839105230,1087426260,4223976499,31345821
dimwishlist:item=3602242905&perks=839105230,1087426260,4223976499,639190697
dimwishlist:item=3602242905&perks=839105230,1087426260,4223976499,1015611457
dimwishlist:item=3602242905&perks=839105230,1087426260,4223976499,2923251173
dimwishlist:item=3602242905&perks=839105230,1087426260,247725512,2890807135
dimwishlist:item=3602242905&perks=839105230,1087426260,247725512,3581929919
dimwishlist:item=3602242905&perks=839105230,1087426260,247725512,4293542123
dimwishlist:item=3602242905&perks=839105230,1087426260,247725512,2675184851
dimwishlist:item=3602242905&perks=839105230,1087426260,247725512,31345821
dimwishlist:item=3602242905&perks=839105230,1087426260,247725512,639190697
dimwishlist:item=3602242905&perks=839105230,1087426260,247725512,1015611457
dimwishlist:item=3602242905&perks=839105230,1087426260,247725512,2923251173
dimwishlist:item=3602242905&perks=839105230,1087426260,2938480696,2890807135
dimwishlist:item=3602242905&perks=839105230,1087426260,2938480696,3581929919
dimwishlist:item=3602242905&perks=839105230,1087426260,2938480696,4293542123
dimwishlist:item=3602242905&perks=839105230,1087426260,2938480696,2675184851
dimwishlist:item=3602242905&perks=839105230,1087426260,2938480696,31345821
dimwishlist:item=3602242905&perks=839105230,1087426260,2938480696,639190697
dimwishlist:item=3602242905&perks=839105230,1087426260,2938480696,1015611457
dimwishlist:item=3602242905&perks=839105230,1087426260,2938480696,2923251173
dimwishlist:item=3602242905&perks=839105230,1065371964,3017780555,2890807135
dimwishlist:item=3602242905&perks=839105230,1065371964,3017780555,3581929919
dimwishlist:item=3602242905&perks=839105230,1065371964,3017780555,4293542123
dimwishlist:item=3602242905&perks=839105230,1065371964,3017780555,2675184851
dimwishlist:item=3602242905&perks=839105230,1065371964,3017780555,31345821
dimwishlist:item=3602242905&perks=839105230,1065371964,3017780555,639190697
dimwishlist:item=3602242905&perks=839105230,1065371964,3017780555,1015611457
dimwishlist:item=3602242905&perks=839105230,1065371964,3017780555,2923251173
dimwishlist:item=3602242905&perks=839105230,1065371964,4223976499,2890807135
dimwishlist:item=3602242905&perks=839105230,1065371964,4223976499,3581929919
dimwishlist:item=3602242905&perks=839105230,1065371964,4223976499,4293542123
dimwishlist:item=3602242905&perks=839105230,1065371964,4223976499,2675184851
dimwishlist:item=3602242905&perks=839105230,1065371964,4223976499,31345821
dimwishlist:item=3602242905&perks=839105230,1065371964,4223976499,639190697
dimwishlist:item=3602242905&perks=839105230,1065371964,4223976499,1015611457
dimwishlist:item=3602242905&perks=839105230,1065371964,4223976499,2923251173
dimwishlist:item=3602242905&perks=839105230,1065371964,247725512,2890807135
dimwishlist:item=3602242905&perks=839105230,1065371964,247725512,3581929919
dimwishlist:item=3602242905&perks=839105230,1065371964,247725512,4293542123
dimwishlist:item=3602242905&perks=839105230,1065371964,247725512,2675184851
dimwishlist:item=3602242905&perks=839105230,1065371964,247725512,31345821
dimwishlist:item=3602242905&perks=839105230,1065371964,247725512,639190697
dimwishlist:item=3602242905&perks=839105230,1065371964,247725512,1015611457
dimwishlist:item=3602242905&perks=839105230,1065371964,247725512,2923251173
dimwishlist:item=3602242905&perks=839105230,1065371964,2938480696,2890807135
dimwishlist:item=3602242905&perks=839105230,1065371964,2938480696,3581929919
dimwishlist:item=3602242905&perks=839105230,1065371964,2938480696,4293542123
dimwishlist:item=3602242905&perks=839105230,1065371964,2938480696,2675184851
dimwishlist:item=3602242905&perks=839105230,1065371964,2938480696,31345821
dimwishlist:item=3602242905&perks=839105230,1065371964,2938480696,639190697
dimwishlist:item=3602242905&perks=839105230,1065371964,2938480696,1015611457
dimwishlist:item=3602242905&perks=839105230,1065371964,2938480696,2923251173
dimwishlist:item=3602242905&perks=3048246338,106909392,3017780555,2890807135
dimwishlist:item=3602242905&perks=3048246338,106909392,3017780555,3581929919
dimwishlist:item=3602242905&perks=3048246338,106909392,3017780555,4293542123
dimwishlist:item=3602242905&perks=3048246338,106909392,3017780555,2675184851
dimwishlist:item=3602242905&perks=3048246338,106909392,3017780555,31345821
dimwishlist:item=3602242905&perks=3048246338,106909392,3017780555,639190697
dimwishlist:item=3602242905&perks=3048246338,106909392,3017780555,1015611457
dimwishlist:item=3602242905&perks=3048246338,106909392,3017780555,2923251173
dimwishlist:item=3602242905&perks=3048246338,106909392,4223976499,2890807135
dimwishlist:item=3602242905&perks=3048246338,106909392,4223976499,3581929919
dimwishlist:item=3602242905&perks=3048246338,106909392,4223976499,4293542123
dimwishlist:item=3602242905&perks=3048246338,106909392,4223976499,2675184851
dimwishlist:item=3602242905&perks=3048246338,106909392,4223976499,31345821
dimwishlist:item=3602242905&perks=3048246338,106909392,4223976499,639190697
dimwishlist:item=3602242905&perks=3048246338,106909392,4223976499,1015611457
dimwishlist:item=3602242905&perks=3048246338,106909392,4223976499,2923251173
dimwishlist:item=3602242905&perks=3048246338,106909392,247725512,2890807135
dimwishlist:item=3602242905&perks=3048246338,106909392,247725512,3581929919
dimwishlist:item=3602242905&perks=3048246338,106909392,247725512,4293542123
dimwishlist:item=3602242905&perks=3048246338,106909392,247725512,2675184851
dimwishlist:item=3602242905&perks=3048246338,106909392,247725512,31345821
dimwishlist:item=3602242905&perks=3048246338,106909392,247725512,639190697
dimwishlist:item=3602242905&perks=3048246338,106909392,247725512,1015611457
dimwishlist:item=3602242905&perks=3048246338,106909392,247725512,2923251173
dimwishlist:item=3602242905&perks=3048246338,106909392,2938480696,2890807135
dimwishlist:item=3602242905&perks=3048246338,106909392,2938480696,3581929919
dimwishlist:item=3602242905&perks=3048246338,106909392,2938480696,4293542123
dimwishlist:item=3602242905&perks=3048246338,106909392,2938480696,2675184851
dimwishlist:item=3602242905&perks=3048246338,106909392,2938480696,31345821
dimwishlist:item=3602242905&perks=3048246338,106909392,2938480696,639190697
dimwishlist:item=3602242905&perks=3048246338,106909392,2938480696,1015611457
dimwishlist:item=3602242905&perks=3048246338,106909392,2938480696,2923251173
dimwishlist:item=3602242905&perks=3048246338,1783397184,3017780555,2890807135
dimwishlist:item=3602242905&perks=3048246338,1783397184,3017780555,3581929919
dimwishlist:item=3602242905&perks=3048246338,1783397184,3017780555,4293542123
dimwishlist:item=3602242905&perks=3048246338,1783397184,3017780555,2675184851
dimwishlist:item=3602242905&perks=3048246338,1783397184,3017780555,31345821
dimwishlist:item=3602242905&perks=3048246338,1783397184,3017780555,639190697
dimwishlist:item=3602242905&perks=3048246338,1783397184,3017780555,1015611457
dimwishlist:item=3602242905&perks=3048246338,1783397184,3017780555,2923251173
dimwishlist:item=3602242905&perks=3048246338,1783397184,4223976499,2890807135
dimwishlist:item=3602242905&perks=3048246338,1783397184,4223976499,3581929919
dimwishlist:item=3602242905&perks=3048246338,1783397184,4223976499,4293542123
dimwishlist:item=3602242905&perks=3048246338,1783397184,4223976499,2675184851
dimwishlist:item=3602242905&perks=3048246338,1783397184,4223976499,31345821
dimwishlist:item=3602242905&perks=3048246338,1783397184,4223976499,639190697
dimwishlist:item=3602242905&perks=3048246338,1783397184,4223976499,1015611457
dimwishlist:item=3602242905&perks=3048246338,1783397184,4223976499,2923251173
dimwishlist:item=3602242905&perks=3048246338,1783397184,247725512,2890807135
dimwishlist:item=3602242905&perks=3048246338,1783397184,247725512,3581929919
dimwishlist:item=3602242905&perks=3048246338,1783397184,247725512,4293542123
dimwishlist:item=3602242905&perks=3048246338,1783397184,247725512,2675184851
dimwishlist:item=3602242905&perks=3048246338,1783397184,247725512,31345821
dimwishlist:item=3602242905&perks=3048246338,1783397184,247725512,639190697
dimwishlist:item=3602242905&perks=3048246338,1783397184,247725512,1015611457
dimwishlist:item=3602242905&perks=3048246338,1783397184,247725512,2923251173
dimwishlist:item=3602242905&perks=3048246338,1783397184,2938480696,2890807135
dimwishlist:item=3602242905&perks=3048246338,1783397184,2938480696,3581929919
dimwishlist:item=3602242905&perks=3048246338,1783397184,2938480696,4293542123
dimwishlist:item=3602242905&perks=3048246338,1783397184,2938480696,2675184851
dimwishlist:item=3602242905&perks=3048246338,1783397184,2938480696,31345821
dimwishlist:item=3602242905&perks=3048246338,1783397184,2938480696,639190697
dimwishlist:item=3602242905&perks=3048246338,1783397184,2938480696,1015611457
dimwishlist:item=3602242905&perks=3048246338,1783397184,2938480696,2923251173
dimwishlist:item=3602242905&perks=3048246338,3230963543,3017780555,2890807135
dimwishlist:item=3602242905&perks=3048246338,3230963543,3017780555,3581929919
dimwishlist:item=3602242905&perks=3048246338,3230963543,3017780555,4293542123
dimwishlist:item=3602242905&perks=3048246338,3230963543,3017780555,2675184851
dimwishlist:item=3602242905&perks=3048246338,3230963543,3017780555,31345821
dimwishlist:item=3602242905&perks=3048246338,3230963543,3017780555,639190697
dimwishlist:item=3602242905&perks=3048246338,3230963543,3017780555,1015611457
dimwishlist:item=3602242905&perks=3048246338,3230963543,3017780555,2923251173
dimwishlist:item=3602242905&perks=3048246338,3230963543,4223976499,2890807135
dimwishlist:item=3602242905&perks=3048246338,3230963543,4223976499,3581929919
dimwishlist:item=3602242905&perks=3048246338,3230963543,4223976499,4293542123
dimwishlist:item=3602242905&perks=3048246338,3230963543,4223976499,2675184851
dimwishlist:item=3602242905&perks=3048246338,3230963543,4223976499,31345821
dimwishlist:item=3602242905&perks=3048246338,3230963543,4223976499,639190697
dimwishlist:item=3602242905&perks=3048246338,3230963543,4223976499,1015611457
dimwishlist:item=3602242905&perks=3048246338,3230963543,4223976499,2923251173
dimwishlist:item=3602242905&perks=3048246338,3230963543,247725512,2890807135
dimwishlist:item=3602242905&perks=3048246338,3230963543,247725512,3581929919
dimwishlist:item=3602242905&perks=3048246338,3230963543,247725512,4293542123
dimwishlist:item=3602242905&perks=3048246338,3230963543,247725512,2675184851
dimwishlist:item=3602242905&perks=3048246338,3230963543,247725512,31345821
dimwishlist:item=3602242905&perks=3048246338,3230963543,247725512,639190697
dimwishlist:item=3602242905&perks=3048246338,3230963543,247725512,1015611457
dimwishlist:item=3602242905&perks=3048246338,3230963543,247725512,2923251173
dimwishlist:item=3602242905&perks=3048246338,3230963543,2938480696,2890807135
dimwishlist:item=3602242905&perks=3048246338,3230963543,2938480696,3581929919
dimwishlist:item=3602242905&perks=3048246338,3230963543,2938480696,4293542123
dimwishlist:item=3602242905&perks=3048246338,3230963543,2938480696,2675184851
dimwishlist:item=3602242905&perks=3048246338,3230963543,2938480696,31345821
dimwishlist:item=3602242905&perks=3048246338,3230963543,2938480696,639190697
dimwishlist:item=3602242905&perks=3048246338,3230963543,2938480696,1015611457
dimwishlist:item=3602242905&perks=3048246338,3230963543,2938480696,2923251173
dimwishlist:item=3602242905&perks=3048246338,1709045111,3017780555,2890807135
dimwishlist:item=3602242905&perks=3048246338,1709045111,3017780555,3581929919
dimwishlist:item=3602242905&perks=3048246338,1709045111,3017780555,4293542123
dimwishlist:item=3602242905&perks=3048246338,1709045111,3017780555,2675184851
dimwishlist:item=3602242905&perks=3048246338,1709045111,3017780555,31345821
dimwishlist:item=3602242905&perks=3048246338,1709045111,3017780555,639190697
dimwishlist:item=3602242905&perks=3048246338,1709045111,3017780555,1015611457
dimwishlist:item=3602242905&perks=3048246338,1709045111,3017780555,2923251173
dimwishlist:item=3602242905&perks=3048246338,1709045111,4223976499,2890807135
dimwishlist:item=3602242905&perks=3048246338,1709045111,4223976499,3581929919
dimwishlist:item=3602242905&perks=3048246338,1709045111,4223976499,4293542123
dimwishlist:item=3602242905&perks=3048246338,1709045111,4223976499,2675184851
dimwishlist:item=3602242905&perks=3048246338,1709045111,4223976499,31345821
dimwishlist:item=3602242905&perks=3048246338,1709045111,4223976499,639190697
dimwishlist:item=3602242905&perks=3048246338,1709045111,4223976499,1015611457
dimwishlist:item=3602242905&perks=3048246338,1709045111,4223976499,2923251173
dimwishlist:item=3602242905&perks=3048246338,1709045111,247725512,2890807135
dimwishlist:item=3602242905&perks=3048246338,1709045111,247725512,3581929919
dimwishlist:item=3602242905&perks=3048246338,1709045111,247725512,4293542123
dimwishlist:item=3602242905&perks=3048246338,1709045111,247725512,2675184851
dimwishlist:item=3602242905&perks=3048246338,1709045111,247725512,31345821
dimwishlist:item=3602242905&perks=3048246338,1709045111,247725512,639190697
dimwishlist:item=3602242905&perks=3048246338,1709045111,247725512,1015611457
dimwishlist:item=3602242905&perks=3048246338,1709045111,247725512,2923251173
dimwishlist:item=3602242905&perks=3048246338,1709045111,2938480696,2890807135
dimwishlist:item=3602242905&perks=3048246338,1709045111,2938480696,3581929919
dimwishlist:item=3602242905&perks=3048246338,1709045111,2938480696,4293542123
dimwishlist:item=3602242905&perks=3048246338,1709045111,2938480696,2675184851
dimwishlist:item=3602242905&perks=3048246338,1709045111,2938480696,31345821
dimwishlist:item=3602242905&perks=3048246338,1709045111,2938480696,639190697
dimwishlist:item=3602242905&perks=3048246338,1709045111,2938480696,1015611457
dimwishlist:item=3602242905&perks=3048246338,1709045111,2938480696,2923251173
dimwishlist:item=3602242905&perks=3048246338,1087426260,3017780555,2890807135
dimwishlist:item=3602242905&perks=3048246338,1087426260,3017780555,3581929919
dimwishlist:item=3602242905&perks=3048246338,1087426260,3017780555,4293542123
dimwishlist:item=3602242905&perks=3048246338,1087426260,3017780555,2675184851
dimwishlist:item=3602242905&perks=3048246338,1087426260,3017780555,31345821
dimwishlist:item=3602242905&perks=3048246338,1087426260,3017780555,639190697
dimwishlist:item=3602242905&perks=3048246338,1087426260,3017780555,1015611457
dimwishlist:item=3602242905&perks=3048246338,1087426260,3017780555,2923251173
dimwishlist:item=3602242905&perks=3048246338,1087426260,4223976499,2890807135
dimwishlist:item=3602242905&perks=3048246338,1087426260,4223976499,3581929919
dimwishlist:item=3602242905&perks=3048246338,1087426260,4223976499,4293542123
dimwishlist:item=3602242905&perks=3048246338,1087426260,4223976499,2675184851
dimwishlist:item=3602242905&perks=3048246338,1087426260,4223976499,31345821
dimwishlist:item=3602242905&perks=3048246338,1087426260,4223976499,639190697
dimwishlist:item=3602242905&perks=3048246338,1087426260,4223976499,1015611457
dimwishlist:item=3602242905&perks=3048246338,1087426260,4223976499,2923251173
dimwishlist:item=3602242905&perks=3048246338,1087426260,247725512,2890807135
dimwishlist:item=3602242905&perks=3048246338,1087426260,247725512,3581929919
dimwishlist:item=3602242905&perks=3048246338,1087426260,247725512,4293542123
dimwishlist:item=3602242905&perks=3048246338,1087426260,247725512,2675184851
dimwishlist:item=3602242905&perks=3048246338,1087426260,247725512,31345821
dimwishlist:item=3602242905&perks=3048246338,1087426260,247725512,639190697
dimwishlist:item=3602242905&perks=3048246338,1087426260,247725512,1015611457
dimwishlist:item=3602242905&perks=3048246338,1087426260,247725512,2923251173
dimwishlist:item=3602242905&perks=3048246338,1087426260,2938480696,2890807135
dimwishlist:item=3602242905&perks=3048246338,1087426260,2938480696,3581929919
dimwishlist:item=3602242905&perks=3048246338,1087426260,2938480696,4293542123
dimwishlist:item=3602242905&perks=3048246338,1087426260,2938480696,2675184851
dimwishlist:item=3602242905&perks=3048246338,1087426260,2938480696,31345821
dimwishlist:item=3602242905&perks=3048246338,1087426260,2938480696,639190697
dimwishlist:item=3602242905&perks=3048246338,1087426260,2938480696,1015611457
dimwishlist:item=3602242905&perks=3048246338,1087426260,2938480696,2923251173
dimwishlist:item=3602242905&perks=3048246338,1065371964,3017780555,2890807135
dimwishlist:item=3602242905&perks=3048246338,1065371964,3017780555,3581929919
dimwishlist:item=3602242905&perks=3048246338,1065371964,3017780555,4293542123
dimwishlist:item=3602242905&perks=3048246338,1065371964,3017780555,2675184851
dimwishlist:item=3602242905&perks=3048246338,1065371964,3017780555,31345821
dimwishlist:item=3602242905&perks=3048246338,1065371964,3017780555,639190697
dimwishlist:item=3602242905&perks=3048246338,1065371964,3017780555,1015611457
dimwishlist:item=3602242905&perks=3048246338,1065371964,3017780555,2923251173
dimwishlist:item=3602242905&perks=3048246338,1065371964,4223976499,2890807135
dimwishlist:item=3602242905&perks=3048246338,1065371964,4223976499,3581929919
dimwishlist:item=3602242905&perks=3048246338,1065371964,4223976499,4293542123
dimwishlist:item=3602242905&perks=3048246338,1065371964,4223976499,2675184851
dimwishlist:item=3602242905&perks=3048246338,1065371964,4223976499,31345821
dimwishlist:item=3602242905&perks=3048246338,1065371964,4223976499,639190697
dimwishlist:item=3602242905&perks=3048246338,1065371964,4223976499,1015611457
dimwishlist:item=3602242905&perks=3048246338,1065371964,4223976499,2923251173
dimwishlist:item=3602242905&perks=3048246338,1065371964,247725512,2890807135
dimwishlist:item=3602242905&perks=3048246338,1065371964,247725512,3581929919
dimwishlist:item=3602242905&perks=3048246338,1065371964,247725512,4293542123
dimwishlist:item=3602242905&perks=3048246338,1065371964,247725512,2675184851
dimwishlist:item=3602242905&perks=3048246338,1065371964,247725512,31345821
dimwishlist:item=3602242905&perks=3048246338,1065371964,247725512,639190697
dimwishlist:item=3602242905&perks=3048246338,1065371964,247725512,1015611457
dimwishlist:item=3602242905&perks=3048246338,1065371964,247725512,2923251173
dimwishlist:item=3602242905&perks=3048246338,1065371964,2938480696,2890807135
dimwishlist:item=3602242905&perks=3048246338,1065371964,2938480696,3581929919
dimwishlist:item=3602242905&perks=3048246338,1065371964,2938480696,4293542123
dimwishlist:item=3602242905&perks=3048246338,1065371964,2938480696,2675184851
dimwishlist:item=3602242905&perks=3048246338,1065371964,2938480696,31345821
dimwishlist:item=3602242905&perks=3048246338,1065371964,2938480696,639190697
dimwishlist:item=3602242905&perks=3048246338,1065371964,2938480696,1015611457
dimwishlist:item=3602242905&perks=3048246338,1065371964,2938480696,2923251173
dimwishlist:item=3602242905&perks=1482024992,106909392,3017780555,2890807135
dimwishlist:item=3602242905&perks=1482024992,106909392,3017780555,3581929919
dimwishlist:item=3602242905&perks=1482024992,106909392,3017780555,4293542123
dimwishlist:item=3602242905&perks=1482024992,106909392,3017780555,2675184851
dimwishlist:item=3602242905&perks=1482024992,106909392,3017780555,31345821
dimwishlist:item=3602242905&perks=1482024992,106909392,3017780555,639190697
dimwishlist:item=3602242905&perks=1482024992,106909392,3017780555,1015611457
dimwishlist:item=3602242905&perks=1482024992,106909392,3017780555,2923251173
dimwishlist:item=3602242905&perks=1482024992,106909392,4223976499,2890807135
dimwishlist:item=3602242905&perks=1482024992,106909392,4223976499,3581929919
dimwishlist:item=3602242905&perks=1482024992,106909392,4223976499,4293542123
dimwishlist:item=3602242905&perks=1482024992,106909392,4223976499,2675184851
dimwishlist:item=3602242905&perks=1482024992,106909392,4223976499,31345821
dimwishlist:item=3602242905&perks=1482024992,106909392,4223976499,639190697
dimwishlist:item=3602242905&perks=1482024992,106909392,4223976499,1015611457
dimwishlist:item=3602242905&perks=1482024992,106909392,4223976499,2923251173
dimwishlist:item=3602242905&perks=1482024992,106909392,247725512,2890807135
dimwishlist:item=3602242905&perks=1482024992,106909392,247725512,3581929919
dimwishlist:item=3602242905&perks=1482024992,106909392,247725512,4293542123
dimwishlist:item=3602242905&perks=1482024992,106909392,247725512,2675184851
dimwishlist:item=3602242905&perks=1482024992,106909392,247725512,31345821
dimwishlist:item=3602242905&perks=1482024992,106909392,247725512,639190697
dimwishlist:item=3602242905&perks=1482024992,106909392,247725512,1015611457
dimwishlist:item=3602242905&perks=1482024992,106909392,247725512,2923251173
dimwishlist:item=3602242905&perks=1482024992,106909392,2938480696,2890807135
dimwishlist:item=3602242905&perks=1482024992,106909392,2938480696,3581929919
dimwishlist:item=3602242905&perks=1482024992,106909392,2938480696,4293542123
dimwishlist:item=3602242905&perks=1482024992,106909392,2938480696,2675184851
dimwishlist:item=3602242905&perks=1482024992,106909392,2938480696,31345821
dimwishlist:item=3602242905&perks=1482024992,106909392,2938480696,639190697
dimwishlist:item=3602242905&perks=1482024992,106909392,2938480696,1015611457
dimwishlist:item=3602242905&perks=1482024992,106909392,2938480696,2923251173
dimwishlist:item=3602242905&perks=1482024992,1783397184,3017780555,2890807135
dimwishlist:item=3602242905&perks=1482024992,1783397184,3017780555,3581929919
dimwishlist:item=3602242905&perks=1482024992,1783397184,3017780555,4293542123
dimwishlist:item=3602242905&perks=1482024992,1783397184,3017780555,2675184851
dimwishlist:item=3602242905&perks=1482024992,1783397184,3017780555,31345821
dimwishlist:item=3602242905&perks=1482024992,1783397184,3017780555,639190697
dimwishlist:item=3602242905&perks=1482024992,1783397184,3017780555,1015611457
dimwishlist:item=3602242905&perks=1482024992,1783397184,3017780555,2923251173
dimwishlist:item=3602242905&perks=1482024992,1783397184,4223976499,2890807135
dimwishlist:item=3602242905&perks=1482024992,1783397184,4223976499,3581929919
dimwishlist:item=3602242905&perks=1482024992,1783397184,4223976499,4293542123
dimwishlist:item=3602242905&perks=1482024992,1783397184,4223976499,2675184851
dimwishlist:item=3602242905&perks=1482024992,1783397184,4223976499,31345821
dimwishlist:item=3602242905&perks=1482024992,1783397184,4223976499,639190697
dimwishlist:item=3602242905&perks=1482024992,1783397184,4223976499,1015611457
dimwishlist:item=3602242905&perks=1482024992,1783397184,4223976499,2923251173
dimwishlist:item=3602242905&perks=1482024992,1783397184,247725512,2890807135
dimwishlist:item=3602242905&perks=1482024992,1783397184,247725512,3581929919
dimwishlist:item=3602242905&perks=1482024992,1783397184,247725512,4293542123
dimwishlist:item=3602242905&perks=1482024992,1783397184,247725512,2675184851
dimwishlist:item=3602242905&perks=1482024992,1783397184,247725512,31345821
dimwishlist:item=3602242905&perks=1482024992,1783397184,247725512,639190697
dimwishlist:item=3602242905&perks=1482024992,1783397184,247725512,1015611457
dimwishlist:item=3602242905&perks=1482024992,1783397184,247725512,2923251173
dimwishlist:item=3602242905&perks=1482024992,1783397184,2938480696,2890807135
dimwishlist:item=3602242905&perks=1482024992,1783397184,2938480696,3581929919
dimwishlist:item=3602242905&perks=1482024992,1783397184,2938480696,4293542123
dimwishlist:item=3602242905&perks=1482024992,1783397184,2938480696,2675184851
dimwishlist:item=3602242905&perks=1482024992,1783397184,2938480696,31345821
dimwishlist:item=3602242905&perks=1482024992,1783397184,2938480696,639190697
dimwishlist:item=3602242905&perks=1482024992,1783397184,2938480696,1015611457
dimwishlist:item=3602242905&perks=1482024992,1783397184,2938480696,2923251173
dimwishlist:item=3602242905&perks=1482024992,3230963543,3017780555,2890807135
dimwishlist:item=3602242905&perks=1482024992,3230963543,3017780555,3581929919
dimwishlist:item=3602242905&perks=1482024992,3230963543,3017780555,4293542123
dimwishlist:item=3602242905&perks=1482024992,3230963543,3017780555,2675184851
dimwishlist:item=3602242905&perks=1482024992,3230963543,3017780555,31345821
dimwishlist:item=3602242905&perks=1482024992,3230963543,3017780555,639190697
dimwishlist:item=3602242905&perks=1482024992,3230963543,3017780555,1015611457
dimwishlist:item=3602242905&perks=1482024992,3230963543,3017780555,2923251173
dimwishlist:item=3602242905&perks=1482024992,3230963543,4223976499,2890807135
dimwishlist:item=3602242905&perks=1482024992,3230963543,4223976499,3581929919
dimwishlist:item=3602242905&perks=1482024992,3230963543,4223976499,4293542123
dimwishlist:item=3602242905&perks=1482024992,3230963543,4223976499,2675184851
dimwishlist:item=3602242905&perks=1482024992,3230963543,4223976499,31345821
dimwishlist:item=3602242905&perks=1482024992,3230963543,4223976499,639190697
dimwishlist:item=3602242905&perks=1482024992,3230963543,4223976499,1015611457
dimwishlist:item=3602242905&perks=1482024992,3230963543,4223976499,2923251173
dimwishlist:item=3602242905&perks=1482024992,3230963543,247725512,2890807135
dimwishlist:item=3602242905&perks=1482024992,3230963543,247725512,3581929919
dimwishlist:item=3602242905&perks=1482024992,3230963543,247725512,4293542123
dimwishlist:item=3602242905&perks=1482024992,3230963543,247725512,2675184851
dimwishlist:item=3602242905&perks=1482024992,3230963543,247725512,31345821
dimwishlist:item=3602242905&perks=1482024992,3230963543,247725512,639190697
dimwishlist:item=3602242905&perks=1482024992,3230963543,247725512,1015611457
dimwishlist:item=3602242905&perks=1482024992,3230963543,247725512,2923251173
dimwishlist:item=3602242905&perks=1482024992,3230963543,2938480696,2890807135
dimwishlist:item=3602242905&perks=1482024992,3230963543,2938480696,3581929919
dimwishlist:item=3602242905&perks=1482024992,3230963543,2938480696,4293542123
dimwishlist:item=3602242905&perks=1482024992,3230963543,2938480696,2675184851
dimwishlist:item=3602242905&perks=1482024992,3230963543,2938480696,31345821
dimwishlist:item=3602242905&perks=1482024992,3230963543,2938480696,639190697
dimwishlist:item=3602242905&perks=1482024992,3230963543,2938480696,1015611457
dimwishlist:item=3602242905&perks=1482024992,3230963543,2938480696,2923251173
dimwishlist:item=3602242905&perks=1482024992,1709045111,3017780555,2890807135
dimwishlist:item=3602242905&perks=1482024992,1709045111,3017780555,3581929919
dimwishlist:item=3602242905&perks=1482024992,1709045111,3017780555,4293542123
dimwishlist:item=3602242905&perks=1482024992,1709045111,3017780555,2675184851
dimwishlist:item=3602242905&perks=1482024992,1709045111,3017780555,31345821
dimwishlist:item=3602242905&perks=1482024992,1709045111,3017780555,639190697
dimwishlist:item=3602242905&perks=1482024992,1709045111,3017780555,1015611457
dimwishlist:item=3602242905&perks=1482024992,1709045111,3017780555,2923251173
dimwishlist:item=3602242905&perks=1482024992,1709045111,4223976499,2890807135
dimwishlist:item=3602242905&perks=1482024992,1709045111,4223976499,3581929919
dimwishlist:item=3602242905&perks=1482024992,1709045111,4223976499,4293542123
dimwishlist:item=3602242905&perks=1482024992,1709045111,4223976499,2675184851
dimwishlist:item=3602242905&perks=1482024992,1709045111,4223976499,31345821
dimwishlist:item=3602242905&perks=1482024992,1709045111,4223976499,639190697
dimwishlist:item=3602242905&perks=1482024992,1709045111,4223976499,1015611457
dimwishlist:item=3602242905&perks=1482024992,1709045111,4223976499,2923251173
dimwishlist:item=3602242905&perks=1482024992,1709045111,247725512,2890807135
dimwishlist:item=3602242905&perks=1482024992,1709045111,247725512,3581929919
dimwishlist:item=3602242905&perks=1482024992,1709045111,247725512,4293542123
dimwishlist:item=3602242905&perks=1482024992,1709045111,247725512,2675184851
dimwishlist:item=3602242905&perks=1482024992,1709045111,247725512,31345821
dimwishlist:item=3602242905&perks=1482024992,1709045111,247725512,639190697
dimwishlist:item=3602242905&perks=1482024992,1709045111,247725512,1015611457
dimwishlist:item=3602242905&perks=1482024992,1709045111,247725512,2923251173
dimwishlist:item=3602242905&perks=1482024992,1709045111,2938480696,2890807135
dimwishlist:item=3602242905&perks=1482024992,1709045111,2938480696,3581929919
dimwishlist:item=3602242905&perks=1482024992,1709045111,2938480696,4293542123
dimwishlist:item=3602242905&perks=1482024992,1709045111,2938480696,2675184851
dimwishlist:item=3602242905&perks=1482024992,1709045111,2938480696,31345821
dimwishlist:item=3602242905&perks=1482024992,1709045111,2938480696,639190697
dimwishlist:item=3602242905&perks=1482024992,1709045111,2938480696,1015611457
dimwishlist:item=3602242905&perks=1482024992,1709045111,2938480696,2923251173
dimwishlist:item=3602242905&perks=1482024992,1087426260,3017780555,2890807135
dimwishlist:item=3602242905&perks=1482024992,1087426260,3017780555,3581929919
dimwishlist:item=3602242905&perks=1482024992,1087426260,3017780555,4293542123
dimwishlist:item=3602242905&perks=1482024992,1087426260,3017780555,2675184851
dimwishlist:item=3602242905&perks=1482024992,1087426260,3017780555,31345821
dimwishlist:item=3602242905&perks=1482024992,1087426260,3017780555,639190697
dimwishlist:item=3602242905&perks=1482024992,1087426260,3017780555,1015611457
dimwishlist:item=3602242905&perks=1482024992,1087426260,3017780555,2923251173
dimwishlist:item=3602242905&perks=1482024992,1087426260,4223976499,2890807135
dimwishlist:item=3602242905&perks=1482024992,1087426260,4223976499,3581929919
dimwishlist:item=3602242905&perks=1482024992,1087426260,4223976499,4293542123
dimwishlist:item=3602242905&perks=1482024992,1087426260,4223976499,2675184851
dimwishlist:item=3602242905&perks=1482024992,1087426260,4223976499,31345821
dimwishlist:item=3602242905&perks=1482024992,1087426260,4223976499,639190697
dimwishlist:item=3602242905&perks=1482024992,1087426260,4223976499,1015611457
dimwishlist:item=3602242905&perks=1482024992,1087426260,4223976499,2923251173
dimwishlist:item=3602242905&perks=1482024992,1087426260,247725512,2890807135
dimwishlist:item=3602242905&perks=1482024992,1087426260,247725512,3581929919
dimwishlist:item=3602242905&perks=1482024992,1087426260,247725512,4293542123
dimwishlist:item=3602242905&perks=1482024992,1087426260,247725512,2675184851
dimwishlist:item=3602242905&perks=1482024992,1087426260,247725512,31345821
dimwishlist:item=3602242905&perks=1482024992,1087426260,247725512,639190697
dimwishlist:item=3602242905&perks=1482024992,1087426260,247725512,1015611457
dimwishlist:item=3602242905&perks=1482024992,1087426260,247725512,2923251173
dimwishlist:item=3602242905&perks=1482024992,1087426260,2938480696,2890807135
dimwishlist:item=3602242905&perks=1482024992,1087426260,2938480696,3581929919
dimwishlist:item=3602242905&perks=1482024992,1087426260,2938480696,4293542123
dimwishlist:item=3602242905&perks=1482024992,1087426260,2938480696,2675184851
dimwishlist:item=3602242905&perks=1482024992,1087426260,2938480696,31345821
dimwishlist:item=3602242905&perks=1482024992,1087426260,2938480696,639190697
dimwishlist:item=3602242905&perks=1482024992,1087426260,2938480696,1015611457
dimwishlist:item=3602242905&perks=1482024992,1087426260,2938480696,2923251173
dimwishlist:item=3602242905&perks=1482024992,1065371964,3017780555,2890807135
dimwishlist:item=3602242905&perks=1482024992,1065371964,3017780555,3581929919
dimwishlist:item=3602242905&perks=1482024992,1065371964,3017780555,4293542123
dimwishlist:item=3602242905&perks=1482024992,1065371964,3017780555,2675184851
dimwishlist:item=3602242905&perks=1482024992,1065371964,3017780555,31345821
dimwishlist:item=3602242905&perks=1482024992,1065371964,3017780555,639190697
dimwishlist:item=3602242905&perks=1482024992,1065371964,3017780555,1015611457
dimwishlist:item=3602242905&perks=1482024992,1065371964,3017780555,2923251173
dimwishlist:item=3602242905&perks=1482024992,1065371964,4223976499,2890807135
dimwishlist:item=3602242905&perks=1482024992,1065371964,4223976499,3581929919
dimwishlist:item=3602242905&perks=1482024992,1065371964,4223976499,4293542123
dimwishlist:item=3602242905&perks=1482024992,1065371964,4223976499,2675184851
dimwishlist:item=3602242905&perks=1482024992,1065371964,4223976499,31345821
dimwishlist:item=3602242905&perks=1482024992,1065371964,4223976499,639190697
dimwishlist:item=3602242905&perks=1482024992,1065371964,4223976499,1015611457
dimwishlist:item=3602242905&perks=1482024992,1065371964,4223976499,2923251173
dimwishlist:item=3602242905&perks=1482024992,1065371964,247725512,2890807135
dimwishlist:item=3602242905&perks=1482024992,1065371964,247725512,3581929919
dimwishlist:item=3602242905&perks=1482024992,1065371964,247725512,4293542123
dimwishlist:item=3602242905&perks=1482024992,1065371964,247725512,2675184851
dimwishlist:item=3602242905&perks=1482024992,1065371964,247725512,31345821
dimwishlist:item=3602242905&perks=1482024992,1065371964,247725512,639190697
dimwishlist:item=3602242905&perks=1482024992,1065371964,247725512,1015611457
dimwishlist:item=3602242905&perks=1482024992,1065371964,247725512,2923251173
dimwishlist:item=3602242905&perks=1482024992,1065371964,2938480696,2890807135
dimwishlist:item=3602242905&perks=1482024992,1065371964,2938480696,3581929919
dimwishlist:item=3602242905&perks=1482024992,1065371964,2938480696,4293542123
dimwishlist:item=3602242905&perks=1482024992,1065371964,2938480696,2675184851
dimwishlist:item=3602242905&perks=1482024992,1065371964,2938480696,31345821
dimwishlist:item=3602242905&perks=1482024992,1065371964,2938480696,639190697
dimwishlist:item=3602242905&perks=1482024992,1065371964,2938480696,1015611457
dimwishlist:item=3602242905&perks=1482024992,1065371964,2938480696,2923251173
dimwishlist:item=3602242905&perks=2860123632,106909392,3017780555,2890807135
dimwishlist:item=3602242905&perks=2860123632,106909392,3017780555,3581929919
dimwishlist:item=3602242905&perks=2860123632,106909392,3017780555,4293542123
dimwishlist:item=3602242905&perks=2860123632,106909392,3017780555,2675184851
dimwishlist:item=3602242905&perks=2860123632,106909392,3017780555,31345821
dimwishlist:item=3602242905&perks=2860123632,106909392,3017780555,639190697
dimwishlist:item=3602242905&perks=2860123632,106909392,3017780555,1015611457
dimwishlist:item=3602242905&perks=2860123632,106909392,3017780555,2923251173
dimwishlist:item=3602242905&perks=2860123632,106909392,4223976499,2890807135
dimwishlist:item=3602242905&perks=2860123632,106909392,4223976499,3581929919
dimwishlist:item=3602242905&perks=2860123632,106909392,4223976499,4293542123
dimwishlist:item=3602242905&perks=2860123632,106909392,4223976499,2675184851
dimwishlist:item=3602242905&perks=2860123632,106909392,4223976499,31345821
dimwishlist:item=3602242905&perks=2860123632,106909392,4223976499,639190697
dimwishlist:item=3602242905&perks=2860123632,106909392,4223976499,1015611457
dimwishlist:item=3602242905&perks=2860123632,106909392,4223976499,2923251173
dimwishlist:item=3602242905&perks=2860123632,106909392,247725512,2890807135
dimwishlist:item=3602242905&perks=2860123632,106909392,247725512,3581929919
dimwishlist:item=3602242905&perks=2860123632,106909392,247725512,4293542123
dimwishlist:item=3602242905&perks=2860123632,106909392,247725512,2675184851
dimwishlist:item=3602242905&perks=2860123632,106909392,247725512,31345821
dimwishlist:item=3602242905&perks=2860123632,106909392,247725512,639190697
dimwishlist:item=3602242905&perks=2860123632,106909392,247725512,1015611457
dimwishlist:item=3602242905&perks=2860123632,106909392,247725512,2923251173
dimwishlist:item=3602242905&perks=2860123632,106909392,2938480696,2890807135
dimwishlist:item=3602242905&perks=2860123632,106909392,2938480696,3581929919
dimwishlist:item=3602242905&perks=2860123632,106909392,2938480696,4293542123
dimwishlist:item=3602242905&perks=2860123632,106909392,2938480696,2675184851
dimwishlist:item=3602242905&perks=2860123632,106909392,2938480696,31345821
dimwishlist:item=3602242905&perks=2860123632,106909392,2938480696,639190697
dimwishlist:item=3602242905&perks=2860123632,106909392,2938480696,1015611457
dimwishlist:item=3602242905&perks=2860123632,106909392,2938480696,2923251173
dimwishlist:item=3602242905&perks=2860123632,1783397184,3017780555,2890807135
dimwishlist:item=3602242905&perks=2860123632,1783397184,3017780555,3581929919
dimwishlist:item=3602242905&perks=2860123632,1783397184,3017780555,4293542123
dimwishlist:item=3602242905&perks=2860123632,1783397184,3017780555,2675184851
dimwishlist:item=3602242905&perks=2860123632,1783397184,3017780555,31345821
dimwishlist:item=3602242905&perks=2860123632,1783397184,3017780555,639190697
dimwishlist:item=3602242905&perks=2860123632,1783397184,3017780555,1015611457
dimwishlist:item=3602242905&perks=2860123632,1783397184,3017780555,2923251173
dimwishlist:item=3602242905&perks=2860123632,1783397184,4223976499,2890807135
dimwishlist:item=3602242905&perks=2860123632,1783397184,4223976499,3581929919
dimwishlist:item=3602242905&perks=2860123632,1783397184,4223976499,4293542123
dimwishlist:item=3602242905&perks=2860123632,1783397184,4223976499,2675184851
dimwishlist:item=3602242905&perks=2860123632,1783397184,4223976499,31345821
dimwishlist:item=3602242905&perks=2860123632,1783397184,4223976499,639190697
dimwishlist:item=3602242905&perks=2860123632,1783397184,4223976499,1015611457
dimwishlist:item=3602242905&perks=2860123632,1783397184,4223976499,2923251173
dimwishlist:item=3602242905&perks=2860123632,1783397184,247725512,2890807135
dimwishlist:item=3602242905&perks=2860123632,1783397184,247725512,3581929919
dimwishlist:item=3602242905&perks=2860123632,1783397184,247725512,4293542123
dimwishlist:item=3602242905&perks=2860123632,1783397184,247725512,2675184851
dimwishlist:item=3602242905&perks=2860123632,1783397184,247725512,31345821
dimwishlist:item=3602242905&perks=2860123632,1783397184,247725512,639190697
dimwishlist:item=3602242905&perks=2860123632,1783397184,247725512,1015611457
dimwishlist:item=3602242905&perks=2860123632,1783397184,247725512,2923251173
dimwishlist:item=3602242905&perks=2860123632,1783397184,2938480696,2890807135
dimwishlist:item=3602242905&perks=2860123632,1783397184,2938480696,3581929919
dimwishlist:item=3602242905&perks=2860123632,1783397184,2938480696,4293542123
dimwishlist:item=3602242905&perks=2860123632,1783397184,2938480696,2675184851
dimwishlist:item=3602242905&perks=2860123632,1783397184,2938480696,31345821
dimwishlist:item=3602242905&perks=2860123632,1783397184,2938480696,639190697
dimwishlist:item=3602242905&perks=2860123632,1783397184,2938480696,1015611457
dimwishlist:item=3602242905&perks=2860123632,1783397184,2938480696,2923251173
dimwishlist:item=3602242905&perks=2860123632,3230963543,3017780555,2890807135
dimwishlist:item=3602242905&perks=2860123632,3230963543,3017780555,3581929919
dimwishlist:item=3602242905&perks=2860123632,3230963543,3017780555,4293542123
dimwishlist:item=3602242905&perks=2860123632,3230963543,3017780555,2675184851
dimwishlist:item=3602242905&perks=2860123632,3230963543,3017780555,31345821
dimwishlist:item=3602242905&perks=2860123632,3230963543,3017780555,639190697
dimwishlist:item=3602242905&perks=2860123632,3230963543,3017780555,1015611457
dimwishlist:item=3602242905&perks=2860123632,3230963543,3017780555,2923251173
dimwishlist:item=3602242905&perks=2860123632,3230963543,4223976499,2890807135
dimwishlist:item=3602242905&perks=2860123632,3230963543,4223976499,3581929919
dimwishlist:item=3602242905&perks=2860123632,3230963543,4223976499,4293542123
dimwishlist:item=3602242905&perks=2860123632,3230963543,4223976499,2675184851
dimwishlist:item=3602242905&perks=2860123632,3230963543,4223976499,31345821
dimwishlist:item=3602242905&perks=2860123632,3230963543,4223976499,639190697
dimwishlist:item=3602242905&perks=2860123632,3230963543,4223976499,1015611457
dimwishlist:item=3602242905&perks=2860123632,3230963543,4223976499,2923251173
dimwishlist:item=3602242905&perks=2860123632,3230963543,247725512,2890807135
dimwishlist:item=3602242905&perks=2860123632,3230963543,247725512,3581929919
dimwishlist:item=3602242905&perks=2860123632,3230963543,247725512,4293542123
dimwishlist:item=3602242905&perks=2860123632,3230963543,247725512,2675184851
dimwishlist:item=3602242905&perks=2860123632,3230963543,247725512,31345821
dimwishlist:item=3602242905&perks=2860123632,3230963543,247725512,639190697
dimwishlist:item=3602242905&perks=2860123632,3230963543,247725512,1015611457
dimwishlist:item=3602242905&perks=2860123632,3230963543,247725512,2923251173
dimwishlist:item=3602242905&perks=2860123632,3230963543,2938480696,2890807135
dimwishlist:item=3602242905&perks=2860123632,3230963543,2938480696,3581929919
dimwishlist:item=3602242905&perks=2860123632,3230963543,2938480696,4293542123
dimwishlist:item=3602242905&perks=2860123632,3230963543,2938480696,2675184851
dimwishlist:item=3602242905&perks=2860123632,3230963543,2938480696,31345821
dimwishlist:item=3602242905&perks=2860123632,3230963543,2938480696,639190697
dimwishlist:item=3602242905&perks=2860123632,3230963543,2938480696,1015611457
dimwishlist:item=3602242905&perks=2860123632,3230963543,2938480696,2923251173
dimwishlist:item=3602242905&perks=2860123632,1709045111,3017780555,2890807135
dimwishlist:item=3602242905&perks=2860123632,1709045111,3017780555,3581929919
dimwishlist:item=3602242905&perks=2860123632,1709045111,3017780555,4293542123
dimwishlist:item=3602242905&perks=2860123632,1709045111,3017780555,2675184851
dimwishlist:item=3602242905&perks=2860123632,1709045111,3017780555,31345821
dimwishlist:item=3602242905&perks=2860123632,1709045111,3017780555,639190697
dimwishlist:item=3602242905&perks=2860123632,1709045111,3017780555,1015611457
dimwishlist:item=3602242905&perks=2860123632,1709045111,3017780555,2923251173
dimwishlist:item=3602242905&perks=2860123632,1709045111,4223976499,2890807135
dimwishlist:item=3602242905&perks=2860123632,1709045111,4223976499,3581929919
dimwishlist:item=3602242905&perks=2860123632,1709045111,4223976499,4293542123
dimwishlist:item=3602242905&perks=2860123632,1709045111,4223976499,2675184851
dimwishlist:item=3602242905&perks=2860123632,1709045111,4223976499,31345821
dimwishlist:item=3602242905&perks=2860123632,1709045111,4223976499,639190697
dimwishlist:item=3602242905&perks=2860123632,1709045111,4223976499,1015611457
dimwishlist:item=3602242905&perks=2860123632,1709045111,4223976499,2923251173
dimwishlist:item=3602242905&perks=2860123632,1709045111,247725512,2890807135
dimwishlist:item=3602242905&perks=2860123632,1709045111,247725512,3581929919
dimwishlist:item=3602242905&perks=2860123632,1709045111,247725512,4293542123
dimwishlist:item=3602242905&perks=2860123632,1709045111,247725512,2675184851
dimwishlist:item=3602242905&perks=2860123632,1709045111,247725512,31345821
dimwishlist:item=3602242905&perks=2860123632,1709045111,247725512,639190697
dimwishlist:item=3602242905&perks=2860123632,1709045111,247725512,1015611457
dimwishlist:item=3602242905&perks=2860123632,1709045111,247725512,2923251173
dimwishlist:item=3602242905&perks=2860123632,1709045111,2938480696,2890807135
dimwishlist:item=3602242905&perks=2860123632,1709045111,2938480696,3581929919
dimwishlist:item=3602242905&perks=2860123632,1709045111,2938480696,4293542123
dimwishlist:item=3602242905&perks=2860123632,1709045111,2938480696,2675184851
dimwishlist:item=3602242905&perks=2860123632,1709045111,2938480696,31345821
dimwishlist:item=3602242905&perks=2860123632,1709045111,2938480696,639190697
dimwishlist:item=3602242905&perks=2860123632,1709045111,2938480696,1015611457
dimwishlist:item=3602242905&perks=2860123632,1709045111,2938480696,2923251173
dimwishlist:item=3602242905&perks=2860123632,1087426260,3017780555,2890807135
dimwishlist:item=3602242905&perks=2860123632,1087426260,3017780555,3581929919
dimwishlist:item=3602242905&perks=2860123632,1087426260,3017780555,4293542123
dimwishlist:item=3602242905&perks=2860123632,1087426260,3017780555,2675184851
dimwishlist:item=3602242905&perks=2860123632,1087426260,3017780555,31345821
dimwishlist:item=3602242905&perks=2860123632,1087426260,3017780555,639190697
dimwishlist:item=3602242905&perks=2860123632,1087426260,3017780555,1015611457
dimwishlist:item=3602242905&perks=2860123632,1087426260,3017780555,2923251173
dimwishlist:item=3602242905&perks=2860123632,1087426260,4223976499,2890807135
dimwishlist:item=3602242905&perks=2860123632,1087426260,4223976499,3581929919
dimwishlist:item=3602242905&perks=2860123632,1087426260,4223976499,4293542123
dimwishlist:item=3602242905&perks=2860123632,1087426260,4223976499,2675184851
dimwishlist:item=3602242905&perks=2860123632,1087426260,4223976499,31345821
dimwishlist:item=3602242905&perks=2860123632,1087426260,4223976499,639190697
dimwishlist:item=3602242905&perks=2860123632,1087426260,4223976499,1015611457
dimwishlist:item=3602242905&perks=2860123632,1087426260,4223976499,2923251173
dimwishlist:item=3602242905&perks=2860123632,1087426260,247725512,2890807135
dimwishlist:item=3602242905&perks=2860123632,1087426260,247725512,3581929919
dimwishlist:item=3602242905&perks=2860123632,1087426260,247725512,4293542123
dimwishlist:item=3602242905&perks=2860123632,1087426260,247725512,2675184851
dimwishlist:item=3602242905&perks=2860123632,1087426260,247725512,31345821
dimwishlist:item=3602242905&perks=2860123632,1087426260,247725512,639190697
dimwishlist:item=3602242905&perks=2860123632,1087426260,247725512,1015611457
dimwishlist:item=3602242905&perks=2860123632,1087426260,247725512,2923251173
dimwishlist:item=3602242905&perks=2860123632,1087426260,2938480696,2890807135
dimwishlist:item=3602242905&perks=2860123632,1087426260,2938480696,3581929919
dimwishlist:item=3602242905&perks=2860123632,1087426260,2938480696,4293542123
dimwishlist:item=3602242905&perks=2860123632,1087426260,2938480696,2675184851
dimwishlist:item=3602242905&perks=2860123632,1087426260,2938480696,31345821
dimwishlist:item=3602242905&perks=2860123632,1087426260,2938480696,639190697
dimwishlist:item=3602242905&perks=2860123632,1087426260,2938480696,1015611457
dimwishlist:item=3602242905&perks=2860123632,1087426260,2938480696,2923251173
dimwishlist:item=3602242905&perks=2860123632,1065371964,3017780555,2890807135
dimwishlist:item=3602242905&perks=2860123632,1065371964,3017780555,3581929919
dimwishlist:item=3602242905&perks=2860123632,1065371964,3017780555,4293542123
dimwishlist:item=3602242905&perks=2860123632,1065371964,3017780555,2675184851
dimwishlist:item=3602242905&perks=2860123632,1065371964,3017780555,31345821
dimwishlist:item=3602242905&perks=2860123632,1065371964,3017780555,639190697
dimwishlist:item=3602242905&perks=2860123632,1065371964,3017780555,1015611457
dimwishlist:item=3602242905&perks=2860123632,1065371964,3017780555,2923251173
dimwishlist:item=3602242905&perks=2860123632,1065371964,4223976499,2890807135
dimwishlist:item=3602242905&perks=2860123632,1065371964,4223976499,3581929919
dimwishlist:item=3602242905&perks=2860123632,1065371964,4223976499,4293542123
dimwishlist:item=3602242905&perks=2860123632,1065371964,4223976499,2675184851
dimwishlist:item=3602242905&perks=2860123632,1065371964,4223976499,31345821
dimwishlist:item=3602242905&perks=2860123632,1065371964,4223976499,639190697
dimwishlist:item=3602242905&perks=2860123632,1065371964,4223976499,1015611457
dimwishlist:item=3602242905&perks=2860123632,1065371964,4223976499,2923251173
dimwishlist:item=3602242905&perks=2860123632,1065371964,247725512,2890807135
dimwishlist:item=3602242905&perks=2860123632,1065371964,247725512,3581929919
dimwishlist:item=3602242905&perks=2860123632,1065371964,247725512,4293542123
dimwishlist:item=3602242905&perks=2860123632,1065371964,247725512,2675184851
dimwishlist:item=3602242905&perks=2860123632,1065371964,247725512,31345821
dimwishlist:item=3602242905&perks=2860123632,1065371964,247725512,639190697
dimwishlist:item=3602242905&perks=2860123632,1065371964,247725512,1015611457
dimwishlist:item=3602242905&perks=2860123632,1065371964,247725512,2923251173
dimwishlist:item=3602242905&perks=2860123632,1065371964,2938480696,2890807135
dimwishlist:item=3602242905&perks=2860123632,1065371964,2938480696,3581929919
dimwishlist:item=3602242905&perks=2860123632,1065371964,2938480696,4293542123
dimwishlist:item=3602242905&perks=2860123632,1065371964,2938480696,2675184851
dimwishlist:item=3602242905&perks=2860123632,1065371964,2938480696,31345821
dimwishlist:item=3602242905&perks=2860123632,1065371964,2938480696,639190697
dimwishlist:item=3602242905&perks=2860123632,1065371964,2938480696,1015611457
dimwishlist:item=3602242905&perks=2860123632,1065371964,2938480696,2923251173
dimwishlist:item=3602242905&perks=4090651448,106909392,3017780555,2890807135
dimwishlist:item=3602242905&perks=4090651448,106909392,3017780555,3581929919
dimwishlist:item=3602242905&perks=4090651448,106909392,3017780555,4293542123
dimwishlist:item=3602242905&perks=4090651448,106909392,3017780555,2675184851
dimwishlist:item=3602242905&perks=4090651448,106909392,3017780555,31345821
dimwishlist:item=3602242905&perks=4090651448,106909392,3017780555,639190697
dimwishlist:item=3602242905&perks=4090651448,106909392,3017780555,1015611457
dimwishlist:item=3602242905&perks=4090651448,106909392,3017780555,2923251173
dimwishlist:item=3602242905&perks=4090651448,106909392,4223976499,2890807135
dimwishlist:item=3602242905&perks=4090651448,106909392,4223976499,3581929919
dimwishlist:item=3602242905&perks=4090651448,106909392,4223976499,4293542123
dimwishlist:item=3602242905&perks=4090651448,106909392,4223976499,2675184851
dimwishlist:item=3602242905&perks=4090651448,106909392,4223976499,31345821
dimwishlist:item=3602242905&perks=4090651448,106909392,4223976499,639190697
dimwishlist:item=3602242905&perks=4090651448,106909392,4223976499,1015611457
dimwishlist:item=3602242905&perks=4090651448,106909392,4223976499,2923251173
dimwishlist:item=3602242905&perks=4090651448,106909392,247725512,2890807135
dimwishlist:item=3602242905&perks=4090651448,106909392,247725512,3581929919
dimwishlist:item=3602242905&perks=4090651448,106909392,247725512,4293542123
dimwishlist:item=3602242905&perks=4090651448,106909392,247725512,2675184851
dimwishlist:item=3602242905&perks=4090651448,106909392,247725512,31345821
dimwishlist:item=3602242905&perks=4090651448,106909392,247725512,639190697
dimwishlist:item=3602242905&perks=4090651448,106909392,247725512,1015611457
dimwishlist:item=3602242905&perks=4090651448,106909392,247725512,2923251173
dimwishlist:item=3602242905&perks=4090651448,106909392,2938480696,2890807135
dimwishlist:item=3602242905&perks=4090651448,106909392,2938480696,3581929919
dimwishlist:item=3602242905&perks=4090651448,106909392,2938480696,4293542123
dimwishlist:item=3602242905&perks=4090651448,106909392,2938480696,2675184851
dimwishlist:item=3602242905&perks=4090651448,106909392,2938480696,31345821
dimwishlist:item=3602242905&perks=4090651448,106909392,2938480696,639190697
dimwishlist:item=3602242905&perks=4090651448,106909392,2938480696,1015611457
dimwishlist:item=3602242905&perks=4090651448,106909392,2938480696,2923251173
dimwishlist:item=3602242905&perks=4090651448,1783397184,3017780555,2890807135
dimwishlist:item=3602242905&perks=4090651448,1783397184,3017780555,3581929919
dimwishlist:item=3602242905&perks=4090651448,1783397184,3017780555,4293542123
dimwishlist:item=3602242905&perks=4090651448,1783397184,3017780555,2675184851
dimwishlist:item=3602242905&perks=4090651448,1783397184,3017780555,31345821
dimwishlist:item=3602242905&perks=4090651448,1783397184,3017780555,639190697
dimwishlist:item=3602242905&perks=4090651448,1783397184,3017780555,1015611457
dimwishlist:item=3602242905&perks=4090651448,1783397184,3017780555,2923251173
dimwishlist:item=3602242905&perks=4090651448,1783397184,4223976499,2890807135
dimwishlist:item=3602242905&perks=4090651448,1783397184,4223976499,3581929919
dimwishlist:item=3602242905&perks=4090651448,1783397184,4223976499,4293542123
dimwishlist:item=3602242905&perks=4090651448,1783397184,4223976499,2675184851
dimwishlist:item=3602242905&perks=4090651448,1783397184,4223976499,31345821
dimwishlist:item=3602242905&perks=4090651448,1783397184,4223976499,639190697
dimwishlist:item=3602242905&perks=4090651448,1783397184,4223976499,1015611457
dimwishlist:item=3602242905&perks=4090651448,1783397184,4223976499,2923251173
dimwishlist:item=3602242905&perks=4090651448,1783397184,247725512,2890807135
dimwishlist:item=3602242905&perks=4090651448,1783397184,247725512,3581929919
dimwishlist:item=3602242905&perks=4090651448,1783397184,247725512,4293542123
dimwishlist:item=3602242905&perks=4090651448,1783397184,247725512,2675184851
dimwishlist:item=3602242905&perks=4090651448,1783397184,247725512,31345821
dimwishlist:item=3602242905&perks=4090651448,1783397184,247725512,639190697
dimwishlist:item=3602242905&perks=4090651448,1783397184,247725512,1015611457
dimwishlist:item=3602242905&perks=4090651448,1783397184,247725512,2923251173
dimwishlist:item=3602242905&perks=4090651448,1783397184,2938480696,2890807135
dimwishlist:item=3602242905&perks=4090651448,1783397184,2938480696,3581929919
dimwishlist:item=3602242905&perks=4090651448,1783397184,2938480696,4293542123
dimwishlist:item=3602242905&perks=4090651448,1783397184,2938480696,2675184851
dimwishlist:item=3602242905&perks=4090651448,1783397184,2938480696,31345821
dimwishlist:item=3602242905&perks=4090651448,1783397184,2938480696,639190697
dimwishlist:item=3602242905&perks=4090651448,1783397184,2938480696,1015611457
dimwishlist:item=3602242905&perks=4090651448,1783397184,2938480696,2923251173
dimwishlist:item=3602242905&perks=4090651448,3230963543,3017780555,2890807135
dimwishlist:item=3602242905&perks=4090651448,3230963543,3017780555,3581929919
dimwishlist:item=3602242905&perks=4090651448,3230963543,3017780555,4293542123
dimwishlist:item=3602242905&perks=4090651448,3230963543,3017780555,2675184851
dimwishlist:item=3602242905&perks=4090651448,3230963543,3017780555,31345821
dimwishlist:item=3602242905&perks=4090651448,3230963543,3017780555,639190697
dimwishlist:item=3602242905&perks=4090651448,3230963543,3017780555,1015611457
dimwishlist:item=3602242905&perks=4090651448,3230963543,3017780555,2923251173
dimwishlist:item=3602242905&perks=4090651448,3230963543,4223976499,2890807135
dimwishlist:item=3602242905&perks=4090651448,3230963543,4223976499,3581929919
dimwishlist:item=3602242905&perks=4090651448,3230963543,4223976499,4293542123
dimwishlist:item=3602242905&perks=4090651448,3230963543,4223976499,2675184851
dimwishlist:item=3602242905&perks=4090651448,3230963543,4223976499,31345821
dimwishlist:item=3602242905&perks=4090651448,3230963543,4223976499,639190697
dimwishlist:item=3602242905&perks=4090651448,3230963543,4223976499,1015611457
dimwishlist:item=3602242905&perks=4090651448,3230963543,4223976499,2923251173
dimwishlist:item=3602242905&perks=4090651448,3230963543,247725512,2890807135
dimwishlist:item=3602242905&perks=4090651448,3230963543,247725512,3581929919
dimwishlist:item=3602242905&perks=4090651448,3230963543,247725512,4293542123
dimwishlist:item=3602242905&perks=4090651448,3230963543,247725512,2675184851
dimwishlist:item=3602242905&perks=4090651448,3230963543,247725512,31345821
dimwishlist:item=3602242905&perks=4090651448,3230963543,247725512,639190697
dimwishlist:item=3602242905&perks=4090651448,3230963543,247725512,1015611457
dimwishlist:item=3602242905&perks=4090651448,3230963543,247725512,2923251173
dimwishlist:item=3602242905&perks=4090651448,3230963543,2938480696,2890807135
dimwishlist:item=3602242905&perks=4090651448,3230963543,2938480696,3581929919
dimwishlist:item=3602242905&perks=4090651448,3230963543,2938480696,4293542123
dimwishlist:item=3602242905&perks=4090651448,3230963543,2938480696,2675184851
dimwishlist:item=3602242905&perks=4090651448,3230963543,2938480696,31345821
dimwishlist:item=3602242905&perks=4090651448,3230963543,2938480696,639190697
dimwishlist:item=3602242905&perks=4090651448,3230963543,2938480696,1015611457
dimwishlist:item=3602242905&perks=4090651448,3230963543,2938480696,2923251173
dimwishlist:item=3602242905&perks=4090651448,1709045111,3017780555,2890807135
dimwishlist:item=3602242905&perks=4090651448,1709045111,3017780555,3581929919
dimwishlist:item=3602242905&perks=4090651448,1709045111,3017780555,4293542123
dimwishlist:item=3602242905&perks=4090651448,1709045111,3017780555,2675184851
dimwishlist:item=3602242905&perks=4090651448,1709045111,3017780555,31345821
dimwishlist:item=3602242905&perks=4090651448,1709045111,3017780555,639190697
dimwishlist:item=3602242905&perks=4090651448,1709045111,3017780555,1015611457
dimwishlist:item=3602242905&perks=4090651448,1709045111,3017780555,2923251173
dimwishlist:item=3602242905&perks=4090651448,1709045111,4223976499,2890807135
dimwishlist:item=3602242905&perks=4090651448,1709045111,4223976499,3581929919
dimwishlist:item=3602242905&perks=4090651448,1709045111,4223976499,4293542123
dimwishlist:item=3602242905&perks=4090651448,1709045111,4223976499,2675184851
dimwishlist:item=3602242905&perks=4090651448,1709045111,4223976499,31345821
dimwishlist:item=3602242905&perks=4090651448,1709045111,4223976499,639190697
dimwishlist:item=3602242905&perks=4090651448,1709045111,4223976499,1015611457
dimwishlist:item=3602242905&perks=4090651448,1709045111,4223976499,2923251173
dimwishlist:item=3602242905&perks=4090651448,1709045111,247725512,2890807135
dimwishlist:item=3602242905&perks=4090651448,1709045111,247725512,3581929919
dimwishlist:item=3602242905&perks=4090651448,1709045111,247725512,4293542123
dimwishlist:item=3602242905&perks=4090651448,1709045111,247725512,2675184851
dimwishlist:item=3602242905&perks=4090651448,1709045111,247725512,31345821
dimwishlist:item=3602242905&perks=4090651448,1709045111,247725512,639190697
dimwishlist:item=3602242905&perks=4090651448,1709045111,247725512,1015611457
dimwishlist:item=3602242905&perks=4090651448,1709045111,247725512,2923251173
dimwishlist:item=3602242905&perks=4090651448,1709045111,2938480696,2890807135
dimwishlist:item=3602242905&perks=4090651448,1709045111,2938480696,3581929919
dimwishlist:item=3602242905&perks=4090651448,1709045111,2938480696,4293542123
dimwishlist:item=3602242905&perks=4090651448,1709045111,2938480696,2675184851
dimwishlist:item=3602242905&perks=4090651448,1709045111,2938480696,31345821
dimwishlist:item=3602242905&perks=4090651448,1709045111,2938480696,639190697
dimwishlist:item=3602242905&perks=4090651448,1709045111,2938480696,1015611457
dimwishlist:item=3602242905&perks=4090651448,1709045111,2938480696,2923251173
dimwishlist:item=3602242905&perks=4090651448,1087426260,3017780555,2890807135
dimwishlist:item=3602242905&perks=4090651448,1087426260,3017780555,3581929919
dimwishlist:item=3602242905&perks=4090651448,1087426260,3017780555,4293542123
dimwishlist:item=3602242905&perks=4090651448,1087426260,3017780555,2675184851
dimwishlist:item=3602242905&perks=4090651448,1087426260,3017780555,31345821
dimwishlist:item=3602242905&perks=4090651448,1087426260,3017780555,639190697
dimwishlist:item=3602242905&perks=4090651448,1087426260,3017780555,1015611457
dimwishlist:item=3602242905&perks=4090651448,1087426260,3017780555,2923251173
dimwishlist:item=3602242905&perks=4090651448,1087426260,4223976499,2890807135
dimwishlist:item=3602242905&perks=4090651448,1087426260,4223976499,3581929919
dimwishlist:item=3602242905&perks=4090651448,1087426260,4223976499,4293542123
dimwishlist:item=3602242905&perks=4090651448,1087426260,4223976499,2675184851
dimwishlist:item=3602242905&perks=4090651448,1087426260,4223976499,31345821
dimwishlist:item=3602242905&perks=4090651448,1087426260,4223976499,639190697
dimwishlist:item=3602242905&perks=4090651448,1087426260,4223976499,1015611457
dimwishlist:item=3602242905&perks=4090651448,1087426260,4223976499,2923251173
dimwishlist:item=3602242905&perks=4090651448,1087426260,247725512,2890807135
dimwishlist:item=3602242905&perks=4090651448,1087426260,247725512,3581929919
dimwishlist:item=3602242905&perks=4090651448,1087426260,247725512,4293542123
dimwishlist:item=3602242905&perks=4090651448,1087426260,247725512,2675184851
dimwishlist:item=3602242905&perks=4090651448,1087426260,247725512,31345821
dimwishlist:item=3602242905&perks=4090651448,1087426260,247725512,639190697
dimwishlist:item=3602242905&perks=4090651448,1087426260,247725512,1015611457
dimwishlist:item=3602242905&perks=4090651448,1087426260,247725512,2923251173
dimwishlist:item=3602242905&perks=4090651448,1087426260,2938480696,2890807135
dimwishlist:item=3602242905&perks=4090651448,1087426260,2938480696,3581929919
dimwishlist:item=3602242905&perks=4090651448,1087426260,2938480696,4293542123
dimwishlist:item=3602242905&perks=4090651448,1087426260,2938480696,2675184851
dimwishlist:item=3602242905&perks=4090651448,1087426260,2938480696,31345821
dimwishlist:item=3602242905&perks=4090651448,1087426260,2938480696,639190697
dimwishlist:item=3602242905&perks=4090651448,1087426260,2938480696,1015611457
dimwishlist:item=3602242905&perks=4090651448,1087426260,2938480696,2923251173
dimwishlist:item=3602242905&perks=4090651448,1065371964,3017780555,2890807135
dimwishlist:item=3602242905&perks=4090651448,1065371964,3017780555,3581929919
dimwishlist:item=3602242905&perks=4090651448,1065371964,3017780555,4293542123
dimwishlist:item=3602242905&perks=4090651448,1065371964,3017780555,2675184851
dimwishlist:item=3602242905&perks=4090651448,1065371964,3017780555,31345821
dimwishlist:item=3602242905&perks=4090651448,1065371964,3017780555,639190697
dimwishlist:item=3602242905&perks=4090651448,1065371964,3017780555,1015611457
dimwishlist:item=3602242905&perks=4090651448,1065371964,3017780555,2923251173
dimwishlist:item=3602242905&perks=4090651448,1065371964,4223976499,2890807135
dimwishlist:item=3602242905&perks=4090651448,1065371964,4223976499,3581929919
dimwishlist:item=3602242905&perks=4090651448,1065371964,4223976499,4293542123
dimwishlist:item=3602242905&perks=4090651448,1065371964,4223976499,2675184851
dimwishlist:item=3602242905&perks=4090651448,1065371964,4223976499,31345821
dimwishlist:item=3602242905&perks=4090651448,1065371964,4223976499,639190697
dimwishlist:item=3602242905&perks=4090651448,1065371964,4223976499,1015611457
dimwishlist:item=3602242905&perks=4090651448,1065371964,4223976499,2923251173
dimwishlist:item=3602242905&perks=4090651448,1065371964,247725512,2890807135
dimwishlist:item=3602242905&perks=4090651448,1065371964,247725512,3581929919
dimwishlist:item=3602242905&perks=4090651448,1065371964,247725512,4293542123
dimwishlist:item=3602242905&perks=4090651448,1065371964,247725512,2675184851
dimwishlist:item=3602242905&perks=4090651448,1065371964,247725512,31345821
dimwishlist:item=3602242905&perks=4090651448,1065371964,247725512,639190697
dimwishlist:item=3602242905&perks=4090651448,1065371964,247725512,1015611457
dimwishlist:item=3602242905&perks=4090651448,1065371964,247725512,2923251173
dimwishlist:item=3602242905&perks=4090651448,1065371964,2938480696,2890807135
dimwishlist:item=3602242905&perks=4090651448,1065371964,2938480696,3581929919
dimwishlist:item=3602242905&perks=4090651448,1065371964,2938480696,4293542123
dimwishlist:item=3602242905&perks=4090651448,1065371964,2938480696,2675184851
dimwishlist:item=3602242905&perks=4090651448,1065371964,2938480696,31345821
dimwishlist:item=3602242905&perks=4090651448,1065371964,2938480696,639190697
dimwishlist:item=3602242905&perks=4090651448,1065371964,2938480696,1015611457
dimwishlist:item=3602242905&perks=4090651448,1065371964,2938480696,2923251173
dimwishlist:item=3602242905&perks=111235976,106909392,3017780555,2890807135
dimwishlist:item=3602242905&perks=111235976,106909392,3017780555,3581929919
dimwishlist:item=3602242905&perks=111235976,106909392,3017780555,4293542123
dimwishlist:item=3602242905&perks=111235976,106909392,3017780555,2675184851
dimwishlist:item=3602242905&perks=111235976,106909392,3017780555,31345821
dimwishlist:item=3602242905&perks=111235976,106909392,3017780555,639190697
dimwishlist:item=3602242905&perks=111235976,106909392,3017780555,1015611457
dimwishlist:item=3602242905&perks=111235976,106909392,3017780555,2923251173
dimwishlist:item=3602242905&perks=111235976,106909392,4223976499,2890807135
dimwishlist:item=3602242905&perks=111235976,106909392,4223976499,3581929919
dimwishlist:item=3602242905&perks=111235976,106909392,4223976499,4293542123
dimwishlist:item=3602242905&perks=111235976,106909392,4223976499,2675184851
dimwishlist:item=3602242905&perks=111235976,106909392,4223976499,31345821
dimwishlist:item=3602242905&perks=111235976,106909392,4223976499,639190697
dimwishlist:item=3602242905&perks=111235976,106909392,4223976499,1015611457
dimwishlist:item=3602242905&perks=111235976,106909392,4223976499,2923251173
dimwishlist:item=3602242905&perks=111235976,106909392,247725512,2890807135
dimwishlist:item=3602242905&perks=111235976,106909392,247725512,3581929919
dimwishlist:item=3602242905&perks=111235976,106909392,247725512,4293542123
dimwishlist:item=3602242905&perks=111235976,106909392,247725512,2675184851
dimwishlist:item=3602242905&perks=111235976,106909392,247725512,31345821
dimwishlist:item=3602242905&perks=111235976,106909392,247725512,639190697
dimwishlist:item=3602242905&perks=111235976,106909392,247725512,1015611457
dimwishlist:item=3602242905&perks=111235976,106909392,247725512,2923251173
dimwishlist:item=3602242905&perks=111235976,106909392,2938480696,2890807135
dimwishlist:item=3602242905&perks=111235976,106909392,2938480696,3581929919
dimwishlist:item=3602242905&perks=111235976,106909392,2938480696,4293542123
dimwishlist:item=3602242905&perks=111235976,106909392,2938480696,2675184851
dimwishlist:item=3602242905&perks=111235976,106909392,2938480696,31345821
dimwishlist:item=3602242905&perks=111235976,106909392,2938480696,639190697
dimwishlist:item=3602242905&perks=111235976,106909392,2938480696,1015611457
dimwishlist:item=3602242905&perks=111235976,106909392,2938480696,2923251173
dimwishlist:item=3602242905&perks=111235976,1783397184,3017780555,2890807135
dimwishlist:item=3602242905&perks=111235976,1783397184,3017780555,3581929919
dimwishlist:item=3602242905&perks=111235976,1783397184,3017780555,4293542123
dimwishlist:item=3602242905&perks=111235976,1783397184,3017780555,2675184851
dimwishlist:item=3602242905&perks=111235976,1783397184,3017780555,31345821
dimwishlist:item=3602242905&perks=111235976,1783397184,3017780555,639190697
dimwishlist:item=3602242905&perks=111235976,1783397184,3017780555,1015611457
dimwishlist:item=3602242905&perks=111235976,1783397184,3017780555,2923251173
dimwishlist:item=3602242905&perks=111235976,1783397184,4223976499,2890807135
dimwishlist:item=3602242905&perks=111235976,1783397184,4223976499,3581929919
dimwishlist:item=3602242905&perks=111235976,1783397184,4223976499,4293542123
dimwishlist:item=3602242905&perks=111235976,1783397184,4223976499,2675184851
dimwishlist:item=3602242905&perks=111235976,1783397184,4223976499,31345821
dimwishlist:item=3602242905&perks=111235976,1783397184,4223976499,639190697
dimwishlist:item=3602242905&perks=111235976,1783397184,4223976499,1015611457
dimwishlist:item=3602242905&perks=111235976,1783397184,4223976499,2923251173
dimwishlist:item=3602242905&perks=111235976,1783397184,247725512,2890807135
dimwishlist:item=3602242905&perks=111235976,1783397184,247725512,3581929919
dimwishlist:item=3602242905&perks=111235976,1783397184,247725512,4293542123
dimwishlist:item=3602242905&perks=111235976,1783397184,247725512,2675184851
dimwishlist:item=3602242905&perks=111235976,1783397184,247725512,31345821
dimwishlist:item=3602242905&perks=111235976,1783397184,247725512,639190697
dimwishlist:item=3602242905&perks=111235976,1783397184,247725512,1015611457
dimwishlist:item=3602242905&perks=111235976,1783397184,247725512,2923251173
dimwishlist:item=3602242905&perks=111235976,1783397184,2938480696,2890807135
dimwishlist:item=3602242905&perks=111235976,1783397184,2938480696,3581929919
dimwishlist:item=3602242905&perks=111235976,1783397184,2938480696,4293542123
dimwishlist:item=3602242905&perks=111235976,1783397184,2938480696,2675184851
dimwishlist:item=3602242905&perks=111235976,1783397184,2938480696,31345821
dimwishlist:item=3602242905&perks=111235976,1783397184,2938480696,639190697
dimwishlist:item=3602242905&perks=111235976,1783397184,2938480696,1015611457
dimwishlist:item=3602242905&perks=111235976,1783397184,2938480696,2923251173
dimwishlist:item=3602242905&perks=111235976,3230963543,3017780555,2890807135
dimwishlist:item=3602242905&perks=111235976,3230963543,3017780555,3581929919
dimwishlist:item=3602242905&perks=111235976,3230963543,3017780555,4293542123
dimwishlist:item=3602242905&perks=111235976,3230963543,3017780555,2675184851
dimwishlist:item=3602242905&perks=111235976,3230963543,3017780555,31345821
dimwishlist:item=3602242905&perks=111235976,3230963543,3017780555,639190697
dimwishlist:item=3602242905&perks=111235976,3230963543,3017780555,1015611457
dimwishlist:item=3602242905&perks=111235976,3230963543,3017780555,2923251173
dimwishlist:item=3602242905&perks=111235976,3230963543,4223976499,2890807135
dimwishlist:item=3602242905&perks=111235976,3230963543,4223976499,3581929919
dimwishlist:item=3602242905&perks=111235976,3230963543,4223976499,4293542123
dimwishlist:item=3602242905&perks=111235976,3230963543,4223976499,2675184851
dimwishlist:item=3602242905&perks=111235976,3230963543,4223976499,31345821
dimwishlist:item=3602242905&perks=111235976,3230963543,4223976499,639190697
dimwishlist:item=3602242905&perks=111235976,3230963543,4223976499,1015611457
dimwishlist:item=3602242905&perks=111235976,3230963543,4223976499,2923251173
dimwishlist:item=3602242905&perks=111235976,3230963543,247725512,2890807135
dimwishlist:item=3602242905&perks=111235976,3230963543,247725512,3581929919
dimwishlist:item=3602242905&perks=111235976,3230963543,247725512,4293542123
dimwishlist:item=3602242905&perks=111235976,3230963543,247725512,2675184851
dimwishlist:item=3602242905&perks=111235976,3230963543,247725512,31345821
dimwishlist:item=3602242905&perks=111235976,3230963543,247725512,639190697
dimwishlist:item=3602242905&perks=111235976,3230963543,247725512,1015611457
dimwishlist:item=3602242905&perks=111235976,3230963543,247725512,2923251173
dimwishlist:item=3602242905&perks=111235976,3230963543,2938480696,2890807135
dimwishlist:item=3602242905&perks=111235976,3230963543,2938480696,3581929919
dimwishlist:item=3602242905&perks=111235976,3230963543,2938480696,4293542123
dimwishlist:item=3602242905&perks=111235976,3230963543,2938480696,2675184851
dimwishlist:item=3602242905&perks=111235976,3230963543,2938480696,31345821
dimwishlist:item=3602242905&perks=111235976,3230963543,2938480696,639190697
dimwishlist:item=3602242905&perks=111235976,3230963543,2938480696,1015611457
dimwishlist:item=3602242905&perks=111235976,3230963543,2938480696,2923251173
dimwishlist:item=3602242905&perks=111235976,1709045111,3017780555,2890807135
dimwishlist:item=3602242905&perks=111235976,1709045111,3017780555,3581929919
dimwishlist:item=3602242905&perks=111235976,1709045111,3017780555,4293542123
dimwishlist:item=3602242905&perks=111235976,1709045111,3017780555,2675184851
dimwishlist:item=3602242905&perks=111235976,1709045111,3017780555,31345821
dimwishlist:item=3602242905&perks=111235976,1709045111,3017780555,639190697
dimwishlist:item=3602242905&perks=111235976,1709045111,3017780555,1015611457
dimwishlist:item=3602242905&perks=111235976,1709045111,3017780555,2923251173
dimwishlist:item=3602242905&perks=111235976,1709045111,4223976499,2890807135
dimwishlist:item=3602242905&perks=111235976,1709045111,4223976499,3581929919
dimwishlist:item=3602242905&perks=111235976,1709045111,4223976499,4293542123
dimwishlist:item=3602242905&perks=111235976,1709045111,4223976499,2675184851
dimwishlist:item=3602242905&perks=111235976,1709045111,4223976499,31345821
dimwishlist:item=3602242905&perks=111235976,1709045111,4223976499,639190697
dimwishlist:item=3602242905&perks=111235976,1709045111,4223976499,1015611457
dimwishlist:item=3602242905&perks=111235976,1709045111,4223976499,2923251173
dimwishlist:item=3602242905&perks=111235976,1709045111,247725512,2890807135
dimwishlist:item=3602242905&perks=111235976,1709045111,247725512,3581929919
dimwishlist:item=3602242905&perks=111235976,1709045111,247725512,4293542123
dimwishlist:item=3602242905&perks=111235976,1709045111,247725512,2675184851
dimwishlist:item=3602242905&perks=111235976,1709045111,247725512,31345821
dimwishlist:item=3602242905&perks=111235976,1709045111,247725512,639190697
dimwishlist:item=3602242905&perks=111235976,1709045111,247725512,1015611457
dimwishlist:item=3602242905&perks=111235976,1709045111,247725512,2923251173
dimwishlist:item=3602242905&perks=111235976,1709045111,2938480696,2890807135
dimwishlist:item=3602242905&perks=111235976,1709045111,2938480696,3581929919
dimwishlist:item=3602242905&perks=111235976,1709045111,2938480696,4293542123
dimwishlist:item=3602242905&perks=111235976,1709045111,2938480696,2675184851
dimwishlist:item=3602242905&perks=111235976,1709045111,2938480696,31345821
dimwishlist:item=3602242905&perks=111235976,1709045111,2938480696,639190697
dimwishlist:item=3602242905&perks=111235976,1709045111,2938480696,1015611457
dimwishlist:item=3602242905&perks=111235976,1709045111,2938480696,2923251173
dimwishlist:item=3602242905&perks=111235976,1087426260,3017780555,2890807135
dimwishlist:item=3602242905&perks=111235976,1087426260,3017780555,3581929919
dimwishlist:item=3602242905&perks=111235976,1087426260,3017780555,4293542123
dimwishlist:item=3602242905&perks=111235976,1087426260,3017780555,2675184851
dimwishlist:item=3602242905&perks=111235976,1087426260,3017780555,31345821
dimwishlist:item=3602242905&perks=111235976,1087426260,3017780555,639190697
dimwishlist:item=3602242905&perks=111235976,1087426260,3017780555,1015611457
dimwishlist:item=3602242905&perks=111235976,1087426260,3017780555,2923251173
dimwishlist:item=3602242905&perks=111235976,1087426260,4223976499,2890807135
dimwishlist:item=3602242905&perks=111235976,1087426260,4223976499,3581929919
dimwishlist:item=3602242905&perks=111235976,1087426260,4223976499,4293542123
dimwishlist:item=3602242905&perks=111235976,1087426260,4223976499,2675184851
dimwishlist:item=3602242905&perks=111235976,1087426260,4223976499,31345821
dimwishlist:item=3602242905&perks=111235976,1087426260,4223976499,639190697
dimwishlist:item=3602242905&perks=111235976,1087426260,4223976499,1015611457
dimwishlist:item=3602242905&perks=111235976,1087426260,4223976499,2923251173
dimwishlist:item=3602242905&perks=111235976,1087426260,247725512,2890807135
dimwishlist:item=3602242905&perks=111235976,1087426260,247725512,3581929919
dimwishlist:item=3602242905&perks=111235976,1087426260,247725512,4293542123
dimwishlist:item=3602242905&perks=111235976,1087426260,247725512,2675184851
dimwishlist:item=3602242905&perks=111235976,1087426260,247725512,31345821
dimwishlist:item=3602242905&perks=111235976,1087426260,247725512,639190697
dimwishlist:item=3602242905&perks=111235976,1087426260,247725512,1015611457
dimwishlist:item=3602242905&perks=111235976,1087426260,247725512,2923251173
dimwishlist:item=3602242905&perks=111235976,1087426260,2938480696,2890807135
dimwishlist:item=3602242905&perks=111235976,1087426260,2938480696,3581929919
dimwishlist:item=3602242905&perks=111235976,1087426260,2938480696,4293542123
dimwishlist:item=3602242905&perks=111235976,1087426260,2938480696,2675184851
dimwishlist:item=3602242905&perks=111235976,1087426260,2938480696,31345821
dimwishlist:item=3602242905&perks=111235976,1087426260,2938480696,639190697
dimwishlist:item=3602242905&perks=111235976,1087426260,2938480696,1015611457
dimwishlist:item=3602242905&perks=111235976,1087426260,2938480696,2923251173
dimwishlist:item=3602242905&perks=111235976,1065371964,3017780555,2890807135
dimwishlist:item=3602242905&perks=111235976,1065371964,3017780555,3581929919
dimwishlist:item=3602242905&perks=111235976,1065371964,3017780555,4293542123
dimwishlist:item=3602242905&perks=111235976,1065371964,3017780555,2675184851
dimwishlist:item=3602242905&perks=111235976,1065371964,3017780555,31345821
dimwishlist:item=3602242905&perks=111235976,1065371964,3017780555,639190697
dimwishlist:item=3602242905&perks=111235976,1065371964,3017780555,1015611457
dimwishlist:item=3602242905&perks=111235976,1065371964,3017780555,2923251173
dimwishlist:item=3602242905&perks=111235976,1065371964,4223976499,2890807135
dimwishlist:item=3602242905&perks=111235976,1065371964,4223976499,3581929919
dimwishlist:item=3602242905&perks=111235976,1065371964,4223976499,4293542123
dimwishlist:item=3602242905&perks=111235976,1065371964,4223976499,2675184851
dimwishlist:item=3602242905&perks=111235976,1065371964,4223976499,31345821
dimwishlist:item=3602242905&perks=111235976,1065371964,4223976499,639190697
dimwishlist:item=3602242905&perks=111235976,1065371964,4223976499,1015611457
dimwishlist:item=3602242905&perks=111235976,1065371964,4223976499,2923251173
dimwishlist:item=3602242905&perks=111235976,1065371964,247725512,2890807135
dimwishlist:item=3602242905&perks=111235976,1065371964,247725512,3581929919
dimwishlist:item=3602242905&perks=111235976,1065371964,247725512,4293542123
dimwishlist:item=3602242905&perks=111235976,1065371964,247725512,2675184851
dimwishlist:item=3602242905&perks=111235976,1065371964,247725512,31345821
dimwishlist:item=3602242905&perks=111235976,1065371964,247725512,639190697
dimwishlist:item=3602242905&perks=111235976,1065371964,247725512,1015611457
dimwishlist:item=3602242905&perks=111235976,1065371964,247725512,2923251173
dimwishlist:item=3602242905&perks=111235976,1065371964,2938480696,2890807135
dimwishlist:item=3602242905&perks=111235976,1065371964,2938480696,3581929919
dimwishlist:item=3602242905&perks=111235976,1065371964,2938480696,4293542123
dimwishlist:item=3602242905&perks=111235976,1065371964,2938480696,2675184851
dimwishlist:item=3602242905&perks=111235976,1065371964,2938480696,31345821
dimwishlist:item=3602242905&perks=111235976,1065371964,2938480696,639190697
dimwishlist:item=3602242905&perks=111235976,1065371964,2938480696,1015611457
dimwishlist:item=3602242905&perks=111235976,1065371964,2938480696,2923251173


// Stars in Shadow - PERKS PVE (god-pve,pve)
//notes: MW=RELOAD>RANGE>HANDLING>STABILITY tags:god-pve,pve
dimwishlist:item=3602242905&perks=3017780555,2890807135
dimwishlist:item=3602242905&perks=3017780555,3581929919
dimwishlist:item=3602242905&perks=3017780555,4293542123
dimwishlist:item=3602242905&perks=3017780555,2675184851
dimwishlist:item=3602242905&perks=3017780555,31345821
dimwishlist:item=3602242905&perks=3017780555,639190697
dimwishlist:item=3602242905&perks=3017780555,1015611457
dimwishlist:item=3602242905&perks=3017780555,2923251173
dimwishlist:item=3602242905&perks=4223976499,2890807135
dimwishlist:item=3602242905&perks=4223976499,3581929919
dimwishlist:item=3602242905&perks=4223976499,4293542123
dimwishlist:item=3602242905&perks=4223976499,2675184851
dimwishlist:item=3602242905&perks=4223976499,31345821
dimwishlist:item=3602242905&perks=4223976499,639190697
dimwishlist:item=3602242905&perks=4223976499,1015611457
dimwishlist:item=3602242905&perks=4223976499,2923251173
dimwishlist:item=3602242905&perks=247725512,2890807135
dimwishlist:item=3602242905&perks=247725512,3581929919
dimwishlist:item=3602242905&perks=247725512,4293542123
dimwishlist:item=3602242905&perks=247725512,2675184851
dimwishlist:item=3602242905&perks=247725512,31345821
dimwishlist:item=3602242905&perks=247725512,639190697
dimwishlist:item=3602242905&perks=247725512,1015611457
dimwishlist:item=3602242905&perks=247725512,2923251173
dimwishlist:item=3602242905&perks=2938480696,2890807135
dimwishlist:item=3602242905&perks=2938480696,3581929919
dimwishlist:item=3602242905&perks=2938480696,4293542123
dimwishlist:item=3602242905&perks=2938480696,2675184851
dimwishlist:item=3602242905&perks=2938480696,31345821
dimwishlist:item=3602242905&perks=2938480696,639190697
dimwishlist:item=3602242905&perks=2938480696,1015611457
dimwishlist:item=3602242905&perks=2938480696,2923251173


// Stars in Shadow - GOD PVP (god-pvp)
//notes: MW=RANGE>RELOAD>HANDLING>STABILITY tags:god-pvp
dimwishlist:item=3602242905&perks=839105230,3142289711,3017780555,31345821
dimwishlist:item=3602242905&perks=839105230,3142289711,3017780555,639190697
dimwishlist:item=3602242905&perks=839105230,3142289711,3017780555,460017080
dimwishlist:item=3602242905&perks=839105230,3142289711,3017780555,4045335048
dimwishlist:item=3602242905&perks=839105230,3142289711,3017780555,1015611457
dimwishlist:item=3602242905&perks=839105230,3142289711,3017780555,2923251173
dimwishlist:item=3602242905&perks=839105230,3142289711,4223976499,31345821
dimwishlist:item=3602242905&perks=839105230,3142289711,4223976499,639190697
dimwishlist:item=3602242905&perks=839105230,3142289711,4223976499,460017080
dimwishlist:item=3602242905&perks=839105230,3142289711,4223976499,4045335048
dimwishlist:item=3602242905&perks=839105230,3142289711,4223976499,1015611457
dimwishlist:item=3602242905&perks=839105230,3142289711,4223976499,2923251173
dimwishlist:item=3602242905&perks=839105230,3142289711,247725512,31345821
dimwishlist:item=3602242905&perks=839105230,3142289711,247725512,639190697
dimwishlist:item=3602242905&perks=839105230,3142289711,247725512,460017080
dimwishlist:item=3602242905&perks=839105230,3142289711,247725512,4045335048
dimwishlist:item=3602242905&perks=839105230,3142289711,247725512,1015611457
dimwishlist:item=3602242905&perks=839105230,3142289711,247725512,2923251173
dimwishlist:item=3602242905&perks=839105230,3142289711,2938480696,31345821
dimwishlist:item=3602242905&perks=839105230,3142289711,2938480696,639190697
dimwishlist:item=3602242905&perks=839105230,3142289711,2938480696,460017080
dimwishlist:item=3602242905&perks=839105230,3142289711,2938480696,4045335048
dimwishlist:item=3602242905&perks=839105230,3142289711,2938480696,1015611457
dimwishlist:item=3602242905&perks=839105230,3142289711,2938480696,2923251173
dimwishlist:item=3602242905&perks=839105230,3142289711,2387244414,31345821
dimwishlist:item=3602242905&perks=839105230,3142289711,2387244414,639190697
dimwishlist:item=3602242905&perks=839105230,3142289711,2387244414,460017080
dimwishlist:item=3602242905&perks=839105230,3142289711,2387244414,4045335048
dimwishlist:item=3602242905&perks=839105230,3142289711,2387244414,1015611457
dimwishlist:item=3602242905&perks=839105230,3142289711,2387244414,2923251173
dimwishlist:item=3602242905&perks=839105230,3142289711,1748774930,31345821
dimwishlist:item=3602242905&perks=839105230,3142289711,1748774930,639190697
dimwishlist:item=3602242905&perks=839105230,3142289711,1748774930,460017080
dimwishlist:item=3602242905&perks=839105230,3142289711,1748774930,4045335048
dimwishlist:item=3602242905&perks=839105230,3142289711,1748774930,1015611457
dimwishlist:item=3602242905&perks=839105230,3142289711,1748774930,2923251173
dimwishlist:item=3602242905&perks=839105230,3267421167,3017780555,31345821
dimwishlist:item=3602242905&perks=839105230,3267421167,3017780555,639190697
dimwishlist:item=3602242905&perks=839105230,3267421167,3017780555,460017080
dimwishlist:item=3602242905&perks=839105230,3267421167,3017780555,4045335048
dimwishlist:item=3602242905&perks=839105230,3267421167,3017780555,1015611457
dimwishlist:item=3602242905&perks=839105230,3267421167,3017780555,2923251173
dimwishlist:item=3602242905&perks=839105230,3267421167,4223976499,31345821
dimwishlist:item=3602242905&perks=839105230,3267421167,4223976499,639190697
dimwishlist:item=3602242905&perks=839105230,3267421167,4223976499,460017080
dimwishlist:item=3602242905&perks=839105230,3267421167,4223976499,4045335048
dimwishlist:item=3602242905&perks=839105230,3267421167,4223976499,1015611457
dimwishlist:item=3602242905&perks=839105230,3267421167,4223976499,2923251173
dimwishlist:item=3602242905&perks=839105230,3267421167,247725512,31345821
dimwishlist:item=3602242905&perks=839105230,3267421167,247725512,639190697
dimwishlist:item=3602242905&perks=839105230,3267421167,247725512,460017080
dimwishlist:item=3602242905&perks=839105230,3267421167,247725512,4045335048
dimwishlist:item=3602242905&perks=839105230,3267421167,247725512,1015611457
dimwishlist:item=3602242905&perks=839105230,3267421167,247725512,2923251173
dimwishlist:item=3602242905&perks=839105230,3267421167,2938480696,31345821
dimwishlist:item=3602242905&perks=839105230,3267421167,2938480696,639190697
dimwishlist:item=3602242905&perks=839105230,3267421167,2938480696,460017080
dimwishlist:item=3602242905&perks=839105230,3267421167,2938480696,4045335048
dimwishlist:item=3602242905&perks=839105230,3267421167,2938480696,1015611457
dimwishlist:item=3602242905&perks=839105230,3267421167,2938480696,2923251173
dimwishlist:item=3602242905&perks=839105230,3267421167,2387244414,31345821
dimwishlist:item=3602242905&perks=839105230,3267421167,2387244414,639190697
dimwishlist:item=3602242905&perks=839105230,3267421167,2387244414,460017080
dimwishlist:item=3602242905&perks=839105230,3267421167,2387244414,4045335048
dimwishlist:item=3602242905&perks=839105230,3267421167,2387244414,1015611457
dimwishlist:item=3602242905&perks=839105230,3267421167,2387244414,2923251173
dimwishlist:item=3602242905&perks=839105230,3267421167,1748774930,31345821
dimwishlist:item=3602242905&perks=839105230,3267421167,1748774930,639190697
dimwishlist:item=3602242905&perks=839105230,3267421167,1748774930,460017080
dimwishlist:item=3602242905&perks=839105230,3267421167,1748774930,4045335048
dimwishlist:item=3602242905&perks=839105230,3267421167,1748774930,1015611457
dimwishlist:item=3602242905&perks=839105230,3267421167,1748774930,2923251173
dimwishlist:item=3602242905&perks=839105230,3230963543,3017780555,31345821
dimwishlist:item=3602242905&perks=839105230,3230963543,3017780555,639190697
dimwishlist:item=3602242905&perks=839105230,3230963543,3017780555,460017080
dimwishlist:item=3602242905&perks=839105230,3230963543,3017780555,4045335048
dimwishlist:item=3602242905&perks=839105230,3230963543,3017780555,1015611457
dimwishlist:item=3602242905&perks=839105230,3230963543,3017780555,2923251173
dimwishlist:item=3602242905&perks=839105230,3230963543,4223976499,31345821
dimwishlist:item=3602242905&perks=839105230,3230963543,4223976499,639190697
dimwishlist:item=3602242905&perks=839105230,3230963543,4223976499,460017080
dimwishlist:item=3602242905&perks=839105230,3230963543,4223976499,4045335048
dimwishlist:item=3602242905&perks=839105230,3230963543,4223976499,1015611457
dimwishlist:item=3602242905&perks=839105230,3230963543,4223976499,2923251173
dimwishlist:item=3602242905&perks=839105230,3230963543,247725512,31345821
dimwishlist:item=3602242905&perks=839105230,3230963543,247725512,639190697
dimwishlist:item=3602242905&perks=839105230,3230963543,247725512,460017080
dimwishlist:item=3602242905&perks=839105230,3230963543,247725512,4045335048
dimwishlist:item=3602242905&perks=839105230,3230963543,247725512,1015611457
dimwishlist:item=3602242905&perks=839105230,3230963543,247725512,2923251173
dimwishlist:item=3602242905&perks=839105230,3230963543,2938480696,31345821
dimwishlist:item=3602242905&perks=839105230,3230963543,2938480696,639190697
dimwishlist:item=3602242905&perks=839105230,3230963543,2938480696,460017080
dimwishlist:item=3602242905&perks=839105230,3230963543,2938480696,4045335048
dimwishlist:item=3602242905&perks=839105230,3230963543,2938480696,1015611457
dimwishlist:item=3602242905&perks=839105230,3230963543,2938480696,2923251173
dimwishlist:item=3602242905&perks=839105230,3230963543,2387244414,31345821
dimwishlist:item=3602242905&perks=839105230,3230963543,2387244414,639190697
dimwishlist:item=3602242905&perks=839105230,3230963543,2387244414,460017080
dimwishlist:item=3602242905&perks=839105230,3230963543,2387244414,4045335048
dimwishlist:item=3602242905&perks=839105230,3230963543,2387244414,1015611457
dimwishlist:item=3602242905&perks=839105230,3230963543,2387244414,2923251173
dimwishlist:item=3602242905&perks=839105230,3230963543,1748774930,31345821
dimwishlist:item=3602242905&perks=839105230,3230963543,1748774930,639190697
dimwishlist:item=3602242905&perks=839105230,3230963543,1748774930,460017080
dimwishlist:item=3602242905&perks=839105230,3230963543,1748774930,4045335048
dimwishlist:item=3602242905&perks=839105230,3230963543,1748774930,1015611457
dimwishlist:item=3602242905&perks=839105230,3230963543,1748774930,2923251173
dimwishlist:item=3602242905&perks=839105230,1709045111,3017780555,31345821
dimwishlist:item=3602242905&perks=839105230,1709045111,3017780555,639190697
dimwishlist:item=3602242905&perks=839105230,1709045111,3017780555,460017080
dimwishlist:item=3602242905&perks=839105230,1709045111,3017780555,4045335048
dimwishlist:item=3602242905&perks=839105230,1709045111,3017780555,1015611457
dimwishlist:item=3602242905&perks=839105230,1709045111,3017780555,2923251173
dimwishlist:item=3602242905&perks=839105230,1709045111,4223976499,31345821
dimwishlist:item=3602242905&perks=839105230,1709045111,4223976499,639190697
dimwishlist:item=3602242905&perks=839105230,1709045111,4223976499,460017080
dimwishlist:item=3602242905&perks=839105230,1709045111,4223976499,4045335048
dimwishlist:item=3602242905&perks=839105230,1709045111,4223976499,1015611457
dimwishlist:item=3602242905&perks=839105230,1709045111,4223976499,2923251173
dimwishlist:item=3602242905&perks=839105230,1709045111,247725512,31345821
dimwishlist:item=3602242905&perks=839105230,1709045111,247725512,639190697
dimwishlist:item=3602242905&perks=839105230,1709045111,247725512,460017080
dimwishlist:item=3602242905&perks=839105230,1709045111,247725512,4045335048
dimwishlist:item=3602242905&perks=839105230,1709045111,247725512,1015611457
dimwishlist:item=3602242905&perks=839105230,1709045111,247725512,2923251173
dimwishlist:item=3602242905&perks=839105230,1709045111,2938480696,31345821
dimwishlist:item=3602242905&perks=839105230,1709045111,2938480696,639190697
dimwishlist:item=3602242905&perks=839105230,1709045111,2938480696,460017080
dimwishlist:item=3602242905&perks=839105230,1709045111,2938480696,4045335048
dimwishlist:item=3602242905&perks=839105230,1709045111,2938480696,1015611457
dimwishlist:item=3602242905&perks=839105230,1709045111,2938480696,2923251173
dimwishlist:item=3602242905&perks=839105230,1709045111,2387244414,31345821
dimwishlist:item=3602242905&perks=839105230,1709045111,2387244414,639190697
dimwishlist:item=3602242905&perks=839105230,1709045111,2387244414,460017080
dimwishlist:item=3602242905&perks=839105230,1709045111,2387244414,4045335048
dimwishlist:item=3602242905&perks=839105230,1709045111,2387244414,1015611457
dimwishlist:item=3602242905&perks=839105230,1709045111,2387244414,2923251173
dimwishlist:item=3602242905&perks=839105230,1709045111,1748774930,31345821
dimwishlist:item=3602242905&perks=839105230,1709045111,1748774930,639190697
dimwishlist:item=3602242905&perks=839105230,1709045111,1748774930,460017080
dimwishlist:item=3602242905&perks=839105230,1709045111,1748774930,4045335048
dimwishlist:item=3602242905&perks=839105230,1709045111,1748774930,1015611457
dimwishlist:item=3602242905&perks=839105230,1709045111,1748774930,2923251173
dimwishlist:item=3602242905&perks=839105230,106909392,3017780555,31345821
dimwishlist:item=3602242905&perks=839105230,106909392,3017780555,639190697
dimwishlist:item=3602242905&perks=839105230,106909392,3017780555,460017080
dimwishlist:item=3602242905&perks=839105230,106909392,3017780555,4045335048
dimwishlist:item=3602242905&perks=839105230,106909392,3017780555,1015611457
dimwishlist:item=3602242905&perks=839105230,106909392,3017780555,2923251173
dimwishlist:item=3602242905&perks=839105230,106909392,4223976499,31345821
dimwishlist:item=3602242905&perks=839105230,106909392,4223976499,639190697
dimwishlist:item=3602242905&perks=839105230,106909392,4223976499,460017080
dimwishlist:item=3602242905&perks=839105230,106909392,4223976499,4045335048
dimwishlist:item=3602242905&perks=839105230,106909392,4223976499,1015611457
dimwishlist:item=3602242905&perks=839105230,106909392,4223976499,2923251173
dimwishlist:item=3602242905&perks=839105230,106909392,247725512,31345821
dimwishlist:item=3602242905&perks=839105230,106909392,247725512,639190697
dimwishlist:item=3602242905&perks=839105230,106909392,247725512,460017080
dimwishlist:item=3602242905&perks=839105230,106909392,247725512,4045335048
dimwishlist:item=3602242905&perks=839105230,106909392,247725512,1015611457
dimwishlist:item=3602242905&perks=839105230,106909392,247725512,2923251173
dimwishlist:item=3602242905&perks=839105230,106909392,2938480696,31345821
dimwishlist:item=3602242905&perks=839105230,106909392,2938480696,639190697
dimwishlist:item=3602242905&perks=839105230,106909392,2938480696,460017080
dimwishlist:item=3602242905&perks=839105230,106909392,2938480696,4045335048
dimwishlist:item=3602242905&perks=839105230,106909392,2938480696,1015611457
dimwishlist:item=3602242905&perks=839105230,106909392,2938480696,2923251173
dimwishlist:item=3602242905&perks=839105230,106909392,2387244414,31345821
dimwishlist:item=3602242905&perks=839105230,106909392,2387244414,639190697
dimwishlist:item=3602242905&perks=839105230,106909392,2387244414,460017080
dimwishlist:item=3602242905&perks=839105230,106909392,2387244414,4045335048
dimwishlist:item=3602242905&perks=839105230,106909392,2387244414,1015611457
dimwishlist:item=3602242905&perks=839105230,106909392,2387244414,2923251173
dimwishlist:item=3602242905&perks=839105230,106909392,1748774930,31345821
dimwishlist:item=3602242905&perks=839105230,106909392,1748774930,639190697
dimwishlist:item=3602242905&perks=839105230,106909392,1748774930,460017080
dimwishlist:item=3602242905&perks=839105230,106909392,1748774930,4045335048
dimwishlist:item=3602242905&perks=839105230,106909392,1748774930,1015611457
dimwishlist:item=3602242905&perks=839105230,106909392,1748774930,2923251173
dimwishlist:item=3602242905&perks=839105230,1783397184,3017780555,31345821
dimwishlist:item=3602242905&perks=839105230,1783397184,3017780555,639190697
dimwishlist:item=3602242905&perks=839105230,1783397184,3017780555,460017080
dimwishlist:item=3602242905&perks=839105230,1783397184,3017780555,4045335048
dimwishlist:item=3602242905&perks=839105230,1783397184,3017780555,1015611457
dimwishlist:item=3602242905&perks=839105230,1783397184,3017780555,2923251173
dimwishlist:item=3602242905&perks=839105230,1783397184,4223976499,31345821
dimwishlist:item=3602242905&perks=839105230,1783397184,4223976499,639190697
dimwishlist:item=3602242905&perks=839105230,1783397184,4223976499,460017080
dimwishlist:item=3602242905&perks=839105230,1783397184,4223976499,4045335048
dimwishlist:item=3602242905&perks=839105230,1783397184,4223976499,1015611457
dimwishlist:item=3602242905&perks=839105230,1783397184,4223976499,2923251173
dimwishlist:item=3602242905&perks=839105230,1783397184,247725512,31345821
dimwishlist:item=3602242905&perks=839105230,1783397184,247725512,639190697
dimwishlist:item=3602242905&perks=839105230,1783397184,247725512,460017080
dimwishlist:item=3602242905&perks=839105230,1783397184,247725512,4045335048
dimwishlist:item=3602242905&perks=839105230,1783397184,247725512,1015611457
dimwishlist:item=3602242905&perks=839105230,1783397184,247725512,2923251173
dimwishlist:item=3602242905&perks=839105230,1783397184,2938480696,31345821
dimwishlist:item=3602242905&perks=839105230,1783397184,2938480696,639190697
dimwishlist:item=3602242905&perks=839105230,1783397184,2938480696,460017080
dimwishlist:item=3602242905&perks=839105230,1783397184,2938480696,4045335048
dimwishlist:item=3602242905&perks=839105230,1783397184,2938480696,1015611457
dimwishlist:item=3602242905&perks=839105230,1783397184,2938480696,2923251173
dimwishlist:item=3602242905&perks=839105230,1783397184,2387244414,31345821
dimwishlist:item=3602242905&perks=839105230,1783397184,2387244414,639190697
dimwishlist:item=3602242905&perks=839105230,1783397184,2387244414,460017080
dimwishlist:item=3602242905&perks=839105230,1783397184,2387244414,4045335048
dimwishlist:item=3602242905&perks=839105230,1783397184,2387244414,1015611457
dimwishlist:item=3602242905&perks=839105230,1783397184,2387244414,2923251173
dimwishlist:item=3602242905&perks=839105230,1783397184,1748774930,31345821
dimwishlist:item=3602242905&perks=839105230,1783397184,1748774930,639190697
dimwishlist:item=3602242905&perks=839105230,1783397184,1748774930,460017080
dimwishlist:item=3602242905&perks=839105230,1783397184,1748774930,4045335048
dimwishlist:item=3602242905&perks=839105230,1783397184,1748774930,1015611457
dimwishlist:item=3602242905&perks=839105230,1783397184,1748774930,2923251173
dimwishlist:item=3602242905&perks=3048246338,3142289711,3017780555,31345821
dimwishlist:item=3602242905&perks=3048246338,3142289711,3017780555,639190697
dimwishlist:item=3602242905&perks=3048246338,3142289711,3017780555,460017080
dimwishlist:item=3602242905&perks=3048246338,3142289711,3017780555,4045335048
dimwishlist:item=3602242905&perks=3048246338,3142289711,3017780555,1015611457
dimwishlist:item=3602242905&perks=3048246338,3142289711,3017780555,2923251173
dimwishlist:item=3602242905&perks=3048246338,3142289711,4223976499,31345821
dimwishlist:item=3602242905&perks=3048246338,3142289711,4223976499,639190697
dimwishlist:item=3602242905&perks=3048246338,3142289711,4223976499,460017080
dimwishlist:item=3602242905&perks=3048246338,3142289711,4223976499,4045335048
dimwishlist:item=3602242905&perks=3048246338,3142289711,4223976499,1015611457
dimwishlist:item=3602242905&perks=3048246338,3142289711,4223976499,2923251173
dimwishlist:item=3602242905&perks=3048246338,3142289711,247725512,31345821
dimwishlist:item=3602242905&perks=3048246338,3142289711,247725512,639190697
dimwishlist:item=3602242905&perks=3048246338,3142289711,247725512,460017080
dimwishlist:item=3602242905&perks=3048246338,3142289711,247725512,4045335048
dimwishlist:item=3602242905&perks=3048246338,3142289711,247725512,1015611457
dimwishlist:item=3602242905&perks=3048246338,3142289711,247725512,2923251173
dimwishlist:item=3602242905&perks=3048246338,3142289711,2938480696,31345821
dimwishlist:item=3602242905&perks=3048246338,3142289711,2938480696,639190697
dimwishlist:item=3602242905&perks=3048246338,3142289711,2938480696,460017080
dimwishlist:item=3602242905&perks=3048246338,3142289711,2938480696,4045335048
dimwishlist:item=3602242905&perks=3048246338,3142289711,2938480696,1015611457
dimwishlist:item=3602242905&perks=3048246338,3142289711,2938480696,2923251173
dimwishlist:item=3602242905&perks=3048246338,3142289711,2387244414,31345821
dimwishlist:item=3602242905&perks=3048246338,3142289711,2387244414,639190697
dimwishlist:item=3602242905&perks=3048246338,3142289711,2387244414,460017080
dimwishlist:item=3602242905&perks=3048246338,3142289711,2387244414,4045335048
dimwishlist:item=3602242905&perks=3048246338,3142289711,2387244414,1015611457
dimwishlist:item=3602242905&perks=3048246338,3142289711,2387244414,2923251173
dimwishlist:item=3602242905&perks=3048246338,3142289711,1748774930,31345821
dimwishlist:item=3602242905&perks=3048246338,3142289711,1748774930,639190697
dimwishlist:item=3602242905&perks=3048246338,3142289711,1748774930,460017080
dimwishlist:item=3602242905&perks=3048246338,3142289711,1748774930,4045335048
dimwishlist:item=3602242905&perks=3048246338,3142289711,1748774930,1015611457
dimwishlist:item=3602242905&perks=3048246338,3142289711,1748774930,2923251173
dimwishlist:item=3602242905&perks=3048246338,3267421167,3017780555,31345821
dimwishlist:item=3602242905&perks=3048246338,3267421167,3017780555,639190697
dimwishlist:item=3602242905&perks=3048246338,3267421167,3017780555,460017080
dimwishlist:item=3602242905&perks=3048246338,3267421167,3017780555,4045335048
dimwishlist:item=3602242905&perks=3048246338,3267421167,3017780555,1015611457
dimwishlist:item=3602242905&perks=3048246338,3267421167,3017780555,2923251173
dimwishlist:item=3602242905&perks=3048246338,3267421167,4223976499,31345821
dimwishlist:item=3602242905&perks=3048246338,3267421167,4223976499,639190697
dimwishlist:item=3602242905&perks=3048246338,3267421167,4223976499,460017080
dimwishlist:item=3602242905&perks=3048246338,3267421167,4223976499,4045335048
dimwishlist:item=3602242905&perks=3048246338,3267421167,4223976499,1015611457
dimwishlist:item=3602242905&perks=3048246338,3267421167,4223976499,2923251173
dimwishlist:item=3602242905&perks=3048246338,3267421167,247725512,31345821
dimwishlist:item=3602242905&perks=3048246338,3267421167,247725512,639190697
dimwishlist:item=3602242905&perks=3048246338,3267421167,247725512,460017080
dimwishlist:item=3602242905&perks=3048246338,3267421167,247725512,4045335048
dimwishlist:item=3602242905&perks=3048246338,3267421167,247725512,1015611457
dimwishlist:item=3602242905&perks=3048246338,3267421167,247725512,2923251173
dimwishlist:item=3602242905&perks=3048246338,3267421167,2938480696,31345821
dimwishlist:item=3602242905&perks=3048246338,3267421167,2938480696,639190697
dimwishlist:item=3602242905&perks=3048246338,3267421167,2938480696,460017080
dimwishlist:item=3602242905&perks=3048246338,3267421167,2938480696,4045335048
dimwishlist:item=3602242905&perks=3048246338,3267421167,2938480696,1015611457
dimwishlist:item=3602242905&perks=3048246338,3267421167,2938480696,2923251173
dimwishlist:item=3602242905&perks=3048246338,3267421167,2387244414,31345821
dimwishlist:item=3602242905&perks=3048246338,3267421167,2387244414,639190697
dimwishlist:item=3602242905&perks=3048246338,3267421167,2387244414,460017080
dimwishlist:item=3602242905&perks=3048246338,3267421167,2387244414,4045335048
dimwishlist:item=3602242905&perks=3048246338,3267421167,2387244414,1015611457
dimwishlist:item=3602242905&perks=3048246338,3267421167,2387244414,2923251173
dimwishlist:item=3602242905&perks=3048246338,3267421167,1748774930,31345821
dimwishlist:item=3602242905&perks=3048246338,3267421167,1748774930,639190697
dimwishlist:item=3602242905&perks=3048246338,3267421167,1748774930,460017080
dimwishlist:item=3602242905&perks=3048246338,3267421167,1748774930,4045335048
dimwishlist:item=3602242905&perks=3048246338,3267421167,1748774930,1015611457
dimwishlist:item=3602242905&perks=3048246338,3267421167,1748774930,2923251173
dimwishlist:item=3602242905&perks=3048246338,3230963543,3017780555,31345821
dimwishlist:item=3602242905&perks=3048246338,3230963543,3017780555,639190697
dimwishlist:item=3602242905&perks=3048246338,3230963543,3017780555,460017080
dimwishlist:item=3602242905&perks=3048246338,3230963543,3017780555,4045335048
dimwishlist:item=3602242905&perks=3048246338,3230963543,3017780555,1015611457
dimwishlist:item=3602242905&perks=3048246338,3230963543,3017780555,2923251173
dimwishlist:item=3602242905&perks=3048246338,3230963543,4223976499,31345821
dimwishlist:item=3602242905&perks=3048246338,3230963543,4223976499,639190697
dimwishlist:item=3602242905&perks=3048246338,3230963543,4223976499,460017080
dimwishlist:item=3602242905&perks=3048246338,3230963543,4223976499,4045335048
dimwishlist:item=3602242905&perks=3048246338,3230963543,4223976499,1015611457
dimwishlist:item=3602242905&perks=3048246338,3230963543,4223976499,2923251173
dimwishlist:item=3602242905&perks=3048246338,3230963543,247725512,31345821
dimwishlist:item=3602242905&perks=3048246338,3230963543,247725512,639190697
dimwishlist:item=3602242905&perks=3048246338,3230963543,247725512,460017080
dimwishlist:item=3602242905&perks=3048246338,3230963543,247725512,4045335048
dimwishlist:item=3602242905&perks=3048246338,3230963543,247725512,1015611457
dimwishlist:item=3602242905&perks=3048246338,3230963543,247725512,2923251173
dimwishlist:item=3602242905&perks=3048246338,3230963543,2938480696,31345821
dimwishlist:item=3602242905&perks=3048246338,3230963543,2938480696,639190697
dimwishlist:item=3602242905&perks=3048246338,3230963543,2938480696,460017080
dimwishlist:item=3602242905&perks=3048246338,3230963543,2938480696,4045335048
dimwishlist:item=3602242905&perks=3048246338,3230963543,2938480696,1015611457
dimwishlist:item=3602242905&perks=3048246338,3230963543,2938480696,2923251173
dimwishlist:item=3602242905&perks=3048246338,3230963543,2387244414,31345821
dimwishlist:item=3602242905&perks=3048246338,3230963543,2387244414,639190697
dimwishlist:item=3602242905&perks=3048246338,3230963543,2387244414,460017080
dimwishlist:item=3602242905&perks=3048246338,3230963543,2387244414,4045335048
dimwishlist:item=3602242905&perks=3048246338,3230963543,2387244414,1015611457
dimwishlist:item=3602242905&perks=3048246338,3230963543,2387244414,2923251173
dimwishlist:item=3602242905&perks=3048246338,3230963543,1748774930,31345821
dimwishlist:item=3602242905&perks=3048246338,3230963543,1748774930,639190697
dimwishlist:item=3602242905&perks=3048246338,3230963543,1748774930,460017080
dimwishlist:item=3602242905&perks=3048246338,3230963543,1748774930,4045335048
dimwishlist:item=3602242905&perks=3048246338,3230963543,1748774930,1015611457
dimwishlist:item=3602242905&perks=3048246338,3230963543,1748774930,2923251173
dimwishlist:item=3602242905&perks=3048246338,1709045111,3017780555,31345821
dimwishlist:item=3602242905&perks=3048246338,1709045111,3017780555,639190697
dimwishlist:item=3602242905&perks=3048246338,1709045111,3017780555,460017080
dimwishlist:item=3602242905&perks=3048246338,1709045111,3017780555,4045335048
dimwishlist:item=3602242905&perks=3048246338,1709045111,3017780555,1015611457
dimwishlist:item=3602242905&perks=3048246338,1709045111,3017780555,2923251173
dimwishlist:item=3602242905&perks=3048246338,1709045111,4223976499,31345821
dimwishlist:item=3602242905&perks=3048246338,1709045111,4223976499,639190697
dimwishlist:item=3602242905&perks=3048246338,1709045111,4223976499,460017080
dimwishlist:item=3602242905&perks=3048246338,1709045111,4223976499,4045335048
dimwishlist:item=3602242905&perks=3048246338,1709045111,4223976499,1015611457
dimwishlist:item=3602242905&perks=3048246338,1709045111,4223976499,2923251173
dimwishlist:item=3602242905&perks=3048246338,1709045111,247725512,31345821
dimwishlist:item=3602242905&perks=3048246338,1709045111,247725512,639190697
dimwishlist:item=3602242905&perks=3048246338,1709045111,247725512,460017080
dimwishlist:item=3602242905&perks=3048246338,1709045111,247725512,4045335048
dimwishlist:item=3602242905&perks=3048246338,1709045111,247725512,1015611457
dimwishlist:item=3602242905&perks=3048246338,1709045111,247725512,2923251173
dimwishlist:item=3602242905&perks=3048246338,1709045111,2938480696,31345821
dimwishlist:item=3602242905&perks=3048246338,1709045111,2938480696,639190697
dimwishlist:item=3602242905&perks=3048246338,1709045111,2938480696,460017080
dimwishlist:item=3602242905&perks=3048246338,1709045111,2938480696,4045335048
dimwishlist:item=3602242905&perks=3048246338,1709045111,2938480696,1015611457
dimwishlist:item=3602242905&perks=3048246338,1709045111,2938480696,2923251173
dimwishlist:item=3602242905&perks=3048246338,1709045111,2387244414,31345821
dimwishlist:item=3602242905&perks=3048246338,1709045111,2387244414,639190697
dimwishlist:item=3602242905&perks=3048246338,1709045111,2387244414,460017080
dimwishlist:item=3602242905&perks=3048246338,1709045111,2387244414,4045335048
dimwishlist:item=3602242905&perks=3048246338,1709045111,2387244414,1015611457
dimwishlist:item=3602242905&perks=3048246338,1709045111,2387244414,2923251173
dimwishlist:item=3602242905&perks=3048246338,1709045111,1748774930,31345821
dimwishlist:item=3602242905&perks=3048246338,1709045111,1748774930,639190697
dimwishlist:item=3602242905&perks=3048246338,1709045111,1748774930,460017080
dimwishlist:item=3602242905&perks=3048246338,1709045111,1748774930,4045335048
dimwishlist:item=3602242905&perks=3048246338,1709045111,1748774930,1015611457
dimwishlist:item=3602242905&perks=3048246338,1709045111,1748774930,2923251173
dimwishlist:item=3602242905&perks=3048246338,106909392,3017780555,31345821
dimwishlist:item=3602242905&perks=3048246338,106909392,3017780555,639190697
dimwishlist:item=3602242905&perks=3048246338,106909392,3017780555,460017080
dimwishlist:item=3602242905&perks=3048246338,106909392,3017780555,4045335048
dimwishlist:item=3602242905&perks=3048246338,106909392,3017780555,1015611457
dimwishlist:item=3602242905&perks=3048246338,106909392,3017780555,2923251173
dimwishlist:item=3602242905&perks=3048246338,106909392,4223976499,31345821
dimwishlist:item=3602242905&perks=3048246338,106909392,4223976499,639190697
dimwishlist:item=3602242905&perks=3048246338,106909392,4223976499,460017080
dimwishlist:item=3602242905&perks=3048246338,106909392,4223976499,4045335048
dimwishlist:item=3602242905&perks=3048246338,106909392,4223976499,1015611457
dimwishlist:item=3602242905&perks=3048246338,106909392,4223976499,2923251173
dimwishlist:item=3602242905&perks=3048246338,106909392,247725512,31345821
dimwishlist:item=3602242905&perks=3048246338,106909392,247725512,639190697
dimwishlist:item=3602242905&perks=3048246338,106909392,247725512,460017080
dimwishlist:item=3602242905&perks=3048246338,106909392,247725512,4045335048
dimwishlist:item=3602242905&perks=3048246338,106909392,247725512,1015611457
dimwishlist:item=3602242905&perks=3048246338,106909392,247725512,2923251173
dimwishlist:item=3602242905&perks=3048246338,106909392,2938480696,31345821
dimwishlist:item=3602242905&perks=3048246338,106909392,2938480696,639190697
dimwishlist:item=3602242905&perks=3048246338,106909392,2938480696,460017080
dimwishlist:item=3602242905&perks=3048246338,106909392,2938480696,4045335048
dimwishlist:item=3602242905&perks=3048246338,106909392,2938480696,1015611457
dimwishlist:item=3602242905&perks=3048246338,106909392,2938480696,2923251173
dimwishlist:item=3602242905&perks=3048246338,106909392,2387244414,31345821
dimwishlist:item=3602242905&perks=3048246338,106909392,2387244414,639190697
dimwishlist:item=3602242905&perks=3048246338,106909392,2387244414,460017080
dimwishlist:item=3602242905&perks=3048246338,106909392,2387244414,4045335048
dimwishlist:item=3602242905&perks=3048246338,106909392,2387244414,1015611457
dimwishlist:item=3602242905&perks=3048246338,106909392,2387244414,2923251173
dimwishlist:item=3602242905&perks=3048246338,106909392,1748774930,31345821
dimwishlist:item=3602242905&perks=3048246338,106909392,1748774930,639190697
dimwishlist:item=3602242905&perks=3048246338,106909392,1748774930,460017080
dimwishlist:item=3602242905&perks=3048246338,106909392,1748774930,4045335048
dimwishlist:item=3602242905&perks=3048246338,106909392,1748774930,1015611457
dimwishlist:item=3602242905&perks=3048246338,106909392,1748774930,2923251173
dimwishlist:item=3602242905&perks=3048246338,1783397184,3017780555,31345821
dimwishlist:item=3602242905&perks=3048246338,1783397184,3017780555,639190697
dimwishlist:item=3602242905&perks=3048246338,1783397184,3017780555,460017080
dimwishlist:item=3602242905&perks=3048246338,1783397184,3017780555,4045335048
dimwishlist:item=3602242905&perks=3048246338,1783397184,3017780555,1015611457
dimwishlist:item=3602242905&perks=3048246338,1783397184,3017780555,2923251173
dimwishlist:item=3602242905&perks=3048246338,1783397184,4223976499,31345821
dimwishlist:item=3602242905&perks=3048246338,1783397184,4223976499,639190697
dimwishlist:item=3602242905&perks=3048246338,1783397184,4223976499,460017080
dimwishlist:item=3602242905&perks=3048246338,1783397184,4223976499,4045335048
dimwishlist:item=3602242905&perks=3048246338,1783397184,4223976499,1015611457
dimwishlist:item=3602242905&perks=3048246338,1783397184,4223976499,2923251173
dimwishlist:item=3602242905&perks=3048246338,1783397184,247725512,31345821
dimwishlist:item=3602242905&perks=3048246338,1783397184,247725512,639190697
dimwishlist:item=3602242905&perks=3048246338,1783397184,247725512,460017080
dimwishlist:item=3602242905&perks=3048246338,1783397184,247725512,4045335048
dimwishlist:item=3602242905&perks=3048246338,1783397184,247725512,1015611457
dimwishlist:item=3602242905&perks=3048246338,1783397184,247725512,2923251173
dimwishlist:item=3602242905&perks=3048246338,1783397184,2938480696,31345821
dimwishlist:item=3602242905&perks=3048246338,1783397184,2938480696,639190697
dimwishlist:item=3602242905&perks=3048246338,1783397184,2938480696,460017080
dimwishlist:item=3602242905&perks=3048246338,1783397184,2938480696,4045335048
dimwishlist:item=3602242905&perks=3048246338,1783397184,2938480696,1015611457
dimwishlist:item=3602242905&perks=3048246338,1783397184,2938480696,2923251173
dimwishlist:item=3602242905&perks=3048246338,1783397184,2387244414,31345821
dimwishlist:item=3602242905&perks=3048246338,1783397184,2387244414,639190697
dimwishlist:item=3602242905&perks=3048246338,1783397184,2387244414,460017080
dimwishlist:item=3602242905&perks=3048246338,1783397184,2387244414,4045335048
dimwishlist:item=3602242905&perks=3048246338,1783397184,2387244414,1015611457
dimwishlist:item=3602242905&perks=3048246338,1783397184,2387244414,2923251173
dimwishlist:item=3602242905&perks=3048246338,1783397184,1748774930,31345821
dimwishlist:item=3602242905&perks=3048246338,1783397184,1748774930,639190697
dimwishlist:item=3602242905&perks=3048246338,1783397184,1748774930,460017080
dimwishlist:item=3602242905&perks=3048246338,1783397184,1748774930,4045335048
dimwishlist:item=3602242905&perks=3048246338,1783397184,1748774930,1015611457
dimwishlist:item=3602242905&perks=3048246338,1783397184,1748774930,2923251173
dimwishlist:item=3602242905&perks=3250034553,3142289711,3017780555,31345821
dimwishlist:item=3602242905&perks=3250034553,3142289711,3017780555,639190697
dimwishlist:item=3602242905&perks=3250034553,3142289711,3017780555,460017080
dimwishlist:item=3602242905&perks=3250034553,3142289711,3017780555,4045335048
dimwishlist:item=3602242905&perks=3250034553,3142289711,3017780555,1015611457
dimwishlist:item=3602242905&perks=3250034553,3142289711,3017780555,2923251173
dimwishlist:item=3602242905&perks=3250034553,3142289711,4223976499,31345821
dimwishlist:item=3602242905&perks=3250034553,3142289711,4223976499,639190697
dimwishlist:item=3602242905&perks=3250034553,3142289711,4223976499,460017080
dimwishlist:item=3602242905&perks=3250034553,3142289711,4223976499,4045335048
dimwishlist:item=3602242905&perks=3250034553,3142289711,4223976499,1015611457
dimwishlist:item=3602242905&perks=3250034553,3142289711,4223976499,2923251173
dimwishlist:item=3602242905&perks=3250034553,3142289711,247725512,31345821
dimwishlist:item=3602242905&perks=3250034553,3142289711,247725512,639190697
dimwishlist:item=3602242905&perks=3250034553,3142289711,247725512,460017080
dimwishlist:item=3602242905&perks=3250034553,3142289711,247725512,4045335048
dimwishlist:item=3602242905&perks=3250034553,3142289711,247725512,1015611457
dimwishlist:item=3602242905&perks=3250034553,3142289711,247725512,2923251173
dimwishlist:item=3602242905&perks=3250034553,3142289711,2938480696,31345821
dimwishlist:item=3602242905&perks=3250034553,3142289711,2938480696,639190697
dimwishlist:item=3602242905&perks=3250034553,3142289711,2938480696,460017080
dimwishlist:item=3602242905&perks=3250034553,3142289711,2938480696,4045335048
dimwishlist:item=3602242905&perks=3250034553,3142289711,2938480696,1015611457
dimwishlist:item=3602242905&perks=3250034553,3142289711,2938480696,2923251173
dimwishlist:item=3602242905&perks=3250034553,3142289711,2387244414,31345821
dimwishlist:item=3602242905&perks=3250034553,3142289711,2387244414,639190697
dimwishlist:item=3602242905&perks=3250034553,3142289711,2387244414,460017080
dimwishlist:item=3602242905&perks=3250034553,3142289711,2387244414,4045335048
dimwishlist:item=3602242905&perks=3250034553,3142289711,2387244414,1015611457
dimwishlist:item=3602242905&perks=3250034553,3142289711,2387244414,2923251173
dimwishlist:item=3602242905&perks=3250034553,3142289711,1748774930,31345821
dimwishlist:item=3602242905&perks=3250034553,3142289711,1748774930,639190697
dimwishlist:item=3602242905&perks=3250034553,3142289711,1748774930,460017080
dimwishlist:item=3602242905&perks=3250034553,3142289711,1748774930,4045335048
dimwishlist:item=3602242905&perks=3250034553,3142289711,1748774930,1015611457
dimwishlist:item=3602242905&perks=3250034553,3142289711,1748774930,2923251173
dimwishlist:item=3602242905&perks=3250034553,3267421167,3017780555,31345821
dimwishlist:item=3602242905&perks=3250034553,3267421167,3017780555,639190697
dimwishlist:item=3602242905&perks=3250034553,3267421167,3017780555,460017080
dimwishlist:item=3602242905&perks=3250034553,3267421167,3017780555,4045335048
dimwishlist:item=3602242905&perks=3250034553,3267421167,3017780555,1015611457
dimwishlist:item=3602242905&perks=3250034553,3267421167,3017780555,2923251173
dimwishlist:item=3602242905&perks=3250034553,3267421167,4223976499,31345821
dimwishlist:item=3602242905&perks=3250034553,3267421167,4223976499,639190697
dimwishlist:item=3602242905&perks=3250034553,3267421167,4223976499,460017080
dimwishlist:item=3602242905&perks=3250034553,3267421167,4223976499,4045335048
dimwishlist:item=3602242905&perks=3250034553,3267421167,4223976499,1015611457
dimwishlist:item=3602242905&perks=3250034553,3267421167,4223976499,2923251173
dimwishlist:item=3602242905&perks=3250034553,3267421167,247725512,31345821
dimwishlist:item=3602242905&perks=3250034553,3267421167,247725512,639190697
dimwishlist:item=3602242905&perks=3250034553,3267421167,247725512,460017080
dimwishlist:item=3602242905&perks=3250034553,3267421167,247725512,4045335048
dimwishlist:item=3602242905&perks=3250034553,3267421167,247725512,1015611457
dimwishlist:item=3602242905&perks=3250034553,3267421167,247725512,2923251173
dimwishlist:item=3602242905&perks=3250034553,3267421167,2938480696,31345821
dimwishlist:item=3602242905&perks=3250034553,3267421167,2938480696,639190697
dimwishlist:item=3602242905&perks=3250034553,3267421167,2938480696,460017080
dimwishlist:item=3602242905&perks=3250034553,3267421167,2938480696,4045335048
dimwishlist:item=3602242905&perks=3250034553,3267421167,2938480696,1015611457
dimwishlist:item=3602242905&perks=3250034553,3267421167,2938480696,2923251173
dimwishlist:item=3602242905&perks=3250034553,3267421167,2387244414,31345821
dimwishlist:item=3602242905&perks=3250034553,3267421167,2387244414,639190697
dimwishlist:item=3602242905&perks=3250034553,3267421167,2387244414,460017080
dimwishlist:item=3602242905&perks=3250034553,3267421167,2387244414,4045335048
dimwishlist:item=3602242905&perks=3250034553,3267421167,2387244414,1015611457
dimwishlist:item=3602242905&perks=3250034553,3267421167,2387244414,2923251173
dimwishlist:item=3602242905&perks=3250034553,3267421167,1748774930,31345821
dimwishlist:item=3602242905&perks=3250034553,3267421167,1748774930,639190697
dimwishlist:item=3602242905&perks=3250034553,3267421167,1748774930,460017080
dimwishlist:item=3602242905&perks=3250034553,3267421167,1748774930,4045335048
dimwishlist:item=3602242905&perks=3250034553,3267421167,1748774930,1015611457
dimwishlist:item=3602242905&perks=3250034553,3267421167,1748774930,2923251173
dimwishlist:item=3602242905&perks=3250034553,3230963543,3017780555,31345821
dimwishlist:item=3602242905&perks=3250034553,3230963543,3017780555,639190697
dimwishlist:item=3602242905&perks=3250034553,3230963543,3017780555,460017080
dimwishlist:item=3602242905&perks=3250034553,3230963543,3017780555,4045335048
dimwishlist:item=3602242905&perks=3250034553,3230963543,3017780555,1015611457
dimwishlist:item=3602242905&perks=3250034553,3230963543,3017780555,2923251173
dimwishlist:item=3602242905&perks=3250034553,3230963543,4223976499,31345821
dimwishlist:item=3602242905&perks=3250034553,3230963543,4223976499,639190697
dimwishlist:item=3602242905&perks=3250034553,3230963543,4223976499,460017080
dimwishlist:item=3602242905&perks=3250034553,3230963543,4223976499,4045335048
dimwishlist:item=3602242905&perks=3250034553,3230963543,4223976499,1015611457
dimwishlist:item=3602242905&perks=3250034553,3230963543,4223976499,2923251173
dimwishlist:item=3602242905&perks=3250034553,3230963543,247725512,31345821
dimwishlist:item=3602242905&perks=3250034553,3230963543,247725512,639190697
dimwishlist:item=3602242905&perks=3250034553,3230963543,247725512,460017080
dimwishlist:item=3602242905&perks=3250034553,3230963543,247725512,4045335048
dimwishlist:item=3602242905&perks=3250034553,3230963543,247725512,1015611457
dimwishlist:item=3602242905&perks=3250034553,3230963543,247725512,2923251173
dimwishlist:item=3602242905&perks=3250034553,3230963543,2938480696,31345821
dimwishlist:item=3602242905&perks=3250034553,3230963543,2938480696,639190697
dimwishlist:item=3602242905&perks=3250034553,3230963543,2938480696,460017080
dimwishlist:item=3602242905&perks=3250034553,3230963543,2938480696,4045335048
dimwishlist:item=3602242905&perks=3250034553,3230963543,2938480696,1015611457
dimwishlist:item=3602242905&perks=3250034553,3230963543,2938480696,2923251173
dimwishlist:item=3602242905&perks=3250034553,3230963543,2387244414,31345821
dimwishlist:item=3602242905&perks=3250034553,3230963543,2387244414,639190697
dimwishlist:item=3602242905&perks=3250034553,3230963543,2387244414,460017080
dimwishlist:item=3602242905&perks=3250034553,3230963543,2387244414,4045335048
dimwishlist:item=3602242905&perks=3250034553,3230963543,2387244414,1015611457
dimwishlist:item=3602242905&perks=3250034553,3230963543,2387244414,2923251173
dimwishlist:item=3602242905&perks=3250034553,3230963543,1748774930,31345821
dimwishlist:item=3602242905&perks=3250034553,3230963543,1748774930,639190697
dimwishlist:item=3602242905&perks=3250034553,3230963543,1748774930,460017080
dimwishlist:item=3602242905&perks=3250034553,3230963543,1748774930,4045335048
dimwishlist:item=3602242905&perks=3250034553,3230963543,1748774930,1015611457
dimwishlist:item=3602242905&perks=3250034553,3230963543,1748774930,2923251173
dimwishlist:item=3602242905&perks=3250034553,1709045111,3017780555,31345821
dimwishlist:item=3602242905&perks=3250034553,1709045111,3017780555,639190697
dimwishlist:item=3602242905&perks=3250034553,1709045111,3017780555,460017080
dimwishlist:item=3602242905&perks=3250034553,1709045111,3017780555,4045335048
dimwishlist:item=3602242905&perks=3250034553,1709045111,3017780555,1015611457
dimwishlist:item=3602242905&perks=3250034553,1709045111,3017780555,2923251173
dimwishlist:item=3602242905&perks=3250034553,1709045111,4223976499,31345821
dimwishlist:item=3602242905&perks=3250034553,1709045111,4223976499,639190697
dimwishlist:item=3602242905&perks=3250034553,1709045111,4223976499,460017080
dimwishlist:item=3602242905&perks=3250034553,1709045111,4223976499,4045335048
dimwishlist:item=3602242905&perks=3250034553,1709045111,4223976499,1015611457
dimwishlist:item=3602242905&perks=3250034553,1709045111,4223976499,2923251173
dimwishlist:item=3602242905&perks=3250034553,1709045111,247725512,31345821
dimwishlist:item=3602242905&perks=3250034553,1709045111,247725512,639190697
dimwishlist:item=3602242905&perks=3250034553,1709045111,247725512,460017080
dimwishlist:item=3602242905&perks=3250034553,1709045111,247725512,4045335048
dimwishlist:item=3602242905&perks=3250034553,1709045111,247725512,1015611457
dimwishlist:item=3602242905&perks=3250034553,1709045111,247725512,2923251173
dimwishlist:item=3602242905&perks=3250034553,1709045111,2938480696,31345821
dimwishlist:item=3602242905&perks=3250034553,1709045111,2938480696,639190697
dimwishlist:item=3602242905&perks=3250034553,1709045111,2938480696,460017080
dimwishlist:item=3602242905&perks=3250034553,1709045111,2938480696,4045335048
dimwishlist:item=3602242905&perks=3250034553,1709045111,2938480696,1015611457
dimwishlist:item=3602242905&perks=3250034553,1709045111,2938480696,2923251173
dimwishlist:item=3602242905&perks=3250034553,1709045111,2387244414,31345821
dimwishlist:item=3602242905&perks=3250034553,1709045111,2387244414,639190697
dimwishlist:item=3602242905&perks=3250034553,1709045111,2387244414,460017080
dimwishlist:item=3602242905&perks=3250034553,1709045111,2387244414,4045335048
dimwishlist:item=3602242905&perks=3250034553,1709045111,2387244414,1015611457
dimwishlist:item=3602242905&perks=3250034553,1709045111,2387244414,2923251173
dimwishlist:item=3602242905&perks=3250034553,1709045111,1748774930,31345821
dimwishlist:item=3602242905&perks=3250034553,1709045111,1748774930,639190697
dimwishlist:item=3602242905&perks=3250034553,1709045111,1748774930,460017080
dimwishlist:item=3602242905&perks=3250034553,1709045111,1748774930,4045335048
dimwishlist:item=3602242905&perks=3250034553,1709045111,1748774930,1015611457
dimwishlist:item=3602242905&perks=3250034553,1709045111,1748774930,2923251173
dimwishlist:item=3602242905&perks=3250034553,106909392,3017780555,31345821
dimwishlist:item=3602242905&perks=3250034553,106909392,3017780555,639190697
dimwishlist:item=3602242905&perks=3250034553,106909392,3017780555,460017080
dimwishlist:item=3602242905&perks=3250034553,106909392,3017780555,4045335048
dimwishlist:item=3602242905&perks=3250034553,106909392,3017780555,1015611457
dimwishlist:item=3602242905&perks=3250034553,106909392,3017780555,2923251173
dimwishlist:item=3602242905&perks=3250034553,106909392,4223976499,31345821
dimwishlist:item=3602242905&perks=3250034553,106909392,4223976499,639190697
dimwishlist:item=3602242905&perks=3250034553,106909392,4223976499,460017080
dimwishlist:item=3602242905&perks=3250034553,106909392,4223976499,4045335048
dimwishlist:item=3602242905&perks=3250034553,106909392,4223976499,1015611457
dimwishlist:item=3602242905&perks=3250034553,106909392,4223976499,2923251173
dimwishlist:item=3602242905&perks=3250034553,106909392,247725512,31345821
dimwishlist:item=3602242905&perks=3250034553,106909392,247725512,639190697
dimwishlist:item=3602242905&perks=3250034553,106909392,247725512,460017080
dimwishlist:item=3602242905&perks=3250034553,106909392,247725512,4045335048
dimwishlist:item=3602242905&perks=3250034553,106909392,247725512,1015611457
dimwishlist:item=3602242905&perks=3250034553,106909392,247725512,2923251173
dimwishlist:item=3602242905&perks=3250034553,106909392,2938480696,31345821
dimwishlist:item=3602242905&perks=3250034553,106909392,2938480696,639190697
dimwishlist:item=3602242905&perks=3250034553,106909392,2938480696,460017080
dimwishlist:item=3602242905&perks=3250034553,106909392,2938480696,4045335048
dimwishlist:item=3602242905&perks=3250034553,106909392,2938480696,1015611457
dimwishlist:item=3602242905&perks=3250034553,106909392,2938480696,2923251173
dimwishlist:item=3602242905&perks=3250034553,106909392,2387244414,31345821
dimwishlist:item=3602242905&perks=3250034553,106909392,2387244414,639190697
dimwishlist:item=3602242905&perks=3250034553,106909392,2387244414,460017080
dimwishlist:item=3602242905&perks=3250034553,106909392,2387244414,4045335048
dimwishlist:item=3602242905&perks=3250034553,106909392,2387244414,1015611457
dimwishlist:item=3602242905&perks=3250034553,106909392,2387244414,2923251173
dimwishlist:item=3602242905&perks=3250034553,106909392,1748774930,31345821
dimwishlist:item=3602242905&perks=3250034553,106909392,1748774930,639190697
dimwishlist:item=3602242905&perks=3250034553,106909392,1748774930,460017080
dimwishlist:item=3602242905&perks=3250034553,106909392,1748774930,4045335048
dimwishlist:item=3602242905&perks=3250034553,106909392,1748774930,1015611457
dimwishlist:item=3602242905&perks=3250034553,106909392,1748774930,2923251173
dimwishlist:item=3602242905&perks=3250034553,1783397184,3017780555,31345821
dimwishlist:item=3602242905&perks=3250034553,1783397184,3017780555,639190697
dimwishlist:item=3602242905&perks=3250034553,1783397184,3017780555,460017080
dimwishlist:item=3602242905&perks=3250034553,1783397184,3017780555,4045335048
dimwishlist:item=3602242905&perks=3250034553,1783397184,3017780555,1015611457
dimwishlist:item=3602242905&perks=3250034553,1783397184,3017780555,2923251173
dimwishlist:item=3602242905&perks=3250034553,1783397184,4223976499,31345821
dimwishlist:item=3602242905&perks=3250034553,1783397184,4223976499,639190697
dimwishlist:item=3602242905&perks=3250034553,1783397184,4223976499,460017080
dimwishlist:item=3602242905&perks=3250034553,1783397184,4223976499,4045335048
dimwishlist:item=3602242905&perks=3250034553,1783397184,4223976499,1015611457
dimwishlist:item=3602242905&perks=3250034553,1783397184,4223976499,2923251173
dimwishlist:item=3602242905&perks=3250034553,1783397184,247725512,31345821
dimwishlist:item=3602242905&perks=3250034553,1783397184,247725512,639190697
dimwishlist:item=3602242905&perks=3250034553,1783397184,247725512,460017080
dimwishlist:item=3602242905&perks=3250034553,1783397184,247725512,4045335048
dimwishlist:item=3602242905&perks=3250034553,1783397184,247725512,1015611457
dimwishlist:item=3602242905&perks=3250034553,1783397184,247725512,2923251173
dimwishlist:item=3602242905&perks=3250034553,1783397184,2938480696,31345821
dimwishlist:item=3602242905&perks=3250034553,1783397184,2938480696,639190697
dimwishlist:item=3602242905&perks=3250034553,1783397184,2938480696,460017080
dimwishlist:item=3602242905&perks=3250034553,1783397184,2938480696,4045335048
dimwishlist:item=3602242905&perks=3250034553,1783397184,2938480696,1015611457
dimwishlist:item=3602242905&perks=3250034553,1783397184,2938480696,2923251173
dimwishlist:item=3602242905&perks=3250034553,1783397184,2387244414,31345821
dimwishlist:item=3602242905&perks=3250034553,1783397184,2387244414,639190697
dimwishlist:item=3602242905&perks=3250034553,1783397184,2387244414,460017080
dimwishlist:item=3602242905&perks=3250034553,1783397184,2387244414,4045335048
dimwishlist:item=3602242905&perks=3250034553,1783397184,2387244414,1015611457
dimwishlist:item=3602242905&perks=3250034553,1783397184,2387244414,2923251173
dimwishlist:item=3602242905&perks=3250034553,1783397184,1748774930,31345821
dimwishlist:item=3602242905&perks=3250034553,1783397184,1748774930,639190697
dimwishlist:item=3602242905&perks=3250034553,1783397184,1748774930,460017080
dimwishlist:item=3602242905&perks=3250034553,1783397184,1748774930,4045335048
dimwishlist:item=3602242905&perks=3250034553,1783397184,1748774930,1015611457
dimwishlist:item=3602242905&perks=3250034553,1783397184,1748774930,2923251173
dimwishlist:item=3602242905&perks=1147230557,3142289711,3017780555,31345821
dimwishlist:item=3602242905&perks=1147230557,3142289711,3017780555,639190697
dimwishlist:item=3602242905&perks=1147230557,3142289711,3017780555,460017080
dimwishlist:item=3602242905&perks=1147230557,3142289711,3017780555,4045335048
dimwishlist:item=3602242905&perks=1147230557,3142289711,3017780555,1015611457
dimwishlist:item=3602242905&perks=1147230557,3142289711,3017780555,2923251173
dimwishlist:item=3602242905&perks=1147230557,3142289711,4223976499,31345821
dimwishlist:item=3602242905&perks=1147230557,3142289711,4223976499,639190697
dimwishlist:item=3602242905&perks=1147230557,3142289711,4223976499,460017080
dimwishlist:item=3602242905&perks=1147230557,3142289711,4223976499,4045335048
dimwishlist:item=3602242905&perks=1147230557,3142289711,4223976499,1015611457
dimwishlist:item=3602242905&perks=1147230557,3142289711,4223976499,2923251173
dimwishlist:item=3602242905&perks=1147230557,3142289711,247725512,31345821
dimwishlist:item=3602242905&perks=1147230557,3142289711,247725512,639190697
dimwishlist:item=3602242905&perks=1147230557,3142289711,247725512,460017080
dimwishlist:item=3602242905&perks=1147230557,3142289711,247725512,4045335048
dimwishlist:item=3602242905&perks=1147230557,3142289711,247725512,1015611457
dimwishlist:item=3602242905&perks=1147230557,3142289711,247725512,2923251173
dimwishlist:item=3602242905&perks=1147230557,3142289711,2938480696,31345821
dimwishlist:item=3602242905&perks=1147230557,3142289711,2938480696,639190697
dimwishlist:item=3602242905&perks=1147230557,3142289711,2938480696,460017080
dimwishlist:item=3602242905&perks=1147230557,3142289711,2938480696,4045335048
dimwishlist:item=3602242905&perks=1147230557,3142289711,2938480696,1015611457
dimwishlist:item=3602242905&perks=1147230557,3142289711,2938480696,2923251173
dimwishlist:item=3602242905&perks=1147230557,3142289711,2387244414,31345821
dimwishlist:item=3602242905&perks=1147230557,3142289711,2387244414,639190697
dimwishlist:item=3602242905&perks=1147230557,3142289711,2387244414,460017080
dimwishlist:item=3602242905&perks=1147230557,3142289711,2387244414,4045335048
dimwishlist:item=3602242905&perks=1147230557,3142289711,2387244414,1015611457
dimwishlist:item=3602242905&perks=1147230557,3142289711,2387244414,2923251173
dimwishlist:item=3602242905&perks=1147230557,3142289711,1748774930,31345821
dimwishlist:item=3602242905&perks=1147230557,3142289711,1748774930,639190697
dimwishlist:item=3602242905&perks=1147230557,3142289711,1748774930,460017080
dimwishlist:item=3602242905&perks=1147230557,3142289711,1748774930,4045335048
dimwishlist:item=3602242905&perks=1147230557,3142289711,1748774930,1015611457
dimwishlist:item=3602242905&perks=1147230557,3142289711,1748774930,2923251173
dimwishlist:item=3602242905&perks=1147230557,3267421167,3017780555,31345821
dimwishlist:item=3602242905&perks=1147230557,3267421167,3017780555,639190697
dimwishlist:item=3602242905&perks=1147230557,3267421167,3017780555,460017080
dimwishlist:item=3602242905&perks=1147230557,3267421167,3017780555,4045335048
dimwishlist:item=3602242905&perks=1147230557,3267421167,3017780555,1015611457
dimwishlist:item=3602242905&perks=1147230557,3267421167,3017780555,2923251173
dimwishlist:item=3602242905&perks=1147230557,3267421167,4223976499,31345821
dimwishlist:item=3602242905&perks=1147230557,3267421167,4223976499,639190697
dimwishlist:item=3602242905&perks=1147230557,3267421167,4223976499,460017080
dimwishlist:item=3602242905&perks=1147230557,3267421167,4223976499,4045335048
dimwishlist:item=3602242905&perks=1147230557,3267421167,4223976499,1015611457
dimwishlist:item=3602242905&perks=1147230557,3267421167,4223976499,2923251173
dimwishlist:item=3602242905&perks=1147230557,3267421167,247725512,31345821
dimwishlist:item=3602242905&perks=1147230557,3267421167,247725512,639190697
dimwishlist:item=3602242905&perks=1147230557,3267421167,247725512,460017080
dimwishlist:item=3602242905&perks=1147230557,3267421167,247725512,4045335048
dimwishlist:item=3602242905&perks=1147230557,3267421167,247725512,1015611457
dimwishlist:item=3602242905&perks=1147230557,3267421167,247725512,2923251173
dimwishlist:item=3602242905&perks=1147230557,3267421167,2938480696,31345821
dimwishlist:item=3602242905&perks=1147230557,3267421167,2938480696,639190697
dimwishlist:item=3602242905&perks=1147230557,3267421167,2938480696,460017080
dimwishlist:item=3602242905&perks=1147230557,3267421167,2938480696,4045335048
dimwishlist:item=3602242905&perks=1147230557,3267421167,2938480696,1015611457
dimwishlist:item=3602242905&perks=1147230557,3267421167,2938480696,2923251173
dimwishlist:item=3602242905&perks=1147230557,3267421167,2387244414,31345821
dimwishlist:item=3602242905&perks=1147230557,3267421167,2387244414,639190697
dimwishlist:item=3602242905&perks=1147230557,3267421167,2387244414,460017080
dimwishlist:item=3602242905&perks=1147230557,3267421167,2387244414,4045335048
dimwishlist:item=3602242905&perks=1147230557,3267421167,2387244414,1015611457
dimwishlist:item=3602242905&perks=1147230557,3267421167,2387244414,2923251173
dimwishlist:item=3602242905&perks=1147230557,3267421167,1748774930,31345821
dimwishlist:item=3602242905&perks=1147230557,3267421167,1748774930,639190697
dimwishlist:item=3602242905&perks=1147230557,3267421167,1748774930,460017080
dimwishlist:item=3602242905&perks=1147230557,3267421167,1748774930,4045335048
dimwishlist:item=3602242905&perks=1147230557,3267421167,1748774930,1015611457
dimwishlist:item=3602242905&perks=1147230557,3267421167,1748774930,2923251173
dimwishlist:item=3602242905&perks=1147230557,3230963543,3017780555,31345821
dimwishlist:item=3602242905&perks=1147230557,3230963543,3017780555,639190697
dimwishlist:item=3602242905&perks=1147230557,3230963543,3017780555,460017080
dimwishlist:item=3602242905&perks=1147230557,3230963543,3017780555,4045335048
dimwishlist:item=3602242905&perks=1147230557,3230963543,3017780555,1015611457
dimwishlist:item=3602242905&perks=1147230557,3230963543,3017780555,2923251173
dimwishlist:item=3602242905&perks=1147230557,3230963543,4223976499,31345821
dimwishlist:item=3602242905&perks=1147230557,3230963543,4223976499,639190697
dimwishlist:item=3602242905&perks=1147230557,3230963543,4223976499,460017080
dimwishlist:item=3602242905&perks=1147230557,3230963543,4223976499,4045335048
dimwishlist:item=3602242905&perks=1147230557,3230963543,4223976499,1015611457
dimwishlist:item=3602242905&perks=1147230557,3230963543,4223976499,2923251173
dimwishlist:item=3602242905&perks=1147230557,3230963543,247725512,31345821
dimwishlist:item=3602242905&perks=1147230557,3230963543,247725512,639190697
dimwishlist:item=3602242905&perks=1147230557,3230963543,247725512,460017080
dimwishlist:item=3602242905&perks=1147230557,3230963543,247725512,4045335048
dimwishlist:item=3602242905&perks=1147230557,3230963543,247725512,1015611457
dimwishlist:item=3602242905&perks=1147230557,3230963543,247725512,2923251173
dimwishlist:item=3602242905&perks=1147230557,3230963543,2938480696,31345821
dimwishlist:item=3602242905&perks=1147230557,3230963543,2938480696,639190697
dimwishlist:item=3602242905&perks=1147230557,3230963543,2938480696,460017080
dimwishlist:item=3602242905&perks=1147230557,3230963543,2938480696,4045335048
dimwishlist:item=3602242905&perks=1147230557,3230963543,2938480696,1015611457
dimwishlist:item=3602242905&perks=1147230557,3230963543,2938480696,2923251173
dimwishlist:item=3602242905&perks=1147230557,3230963543,2387244414,31345821
dimwishlist:item=3602242905&perks=1147230557,3230963543,2387244414,639190697
dimwishlist:item=3602242905&perks=1147230557,3230963543,2387244414,460017080
dimwishlist:item=3602242905&perks=1147230557,3230963543,2387244414,4045335048
dimwishlist:item=3602242905&perks=1147230557,3230963543,2387244414,1015611457
dimwishlist:item=3602242905&perks=1147230557,3230963543,2387244414,2923251173
dimwishlist:item=3602242905&perks=1147230557,3230963543,1748774930,31345821
dimwishlist:item=3602242905&perks=1147230557,3230963543,1748774930,639190697
dimwishlist:item=3602242905&perks=1147230557,3230963543,1748774930,460017080
dimwishlist:item=3602242905&perks=1147230557,3230963543,1748774930,4045335048
dimwishlist:item=3602242905&perks=1147230557,3230963543,1748774930,1015611457
dimwishlist:item=3602242905&perks=1147230557,3230963543,1748774930,2923251173
dimwishlist:item=3602242905&perks=1147230557,1709045111,3017780555,31345821
dimwishlist:item=3602242905&perks=1147230557,1709045111,3017780555,639190697
dimwishlist:item=3602242905&perks=1147230557,1709045111,3017780555,460017080
dimwishlist:item=3602242905&perks=1147230557,1709045111,3017780555,4045335048
dimwishlist:item=3602242905&perks=1147230557,1709045111,3017780555,1015611457
dimwishlist:item=3602242905&perks=1147230557,1709045111,3017780555,2923251173
dimwishlist:item=3602242905&perks=1147230557,1709045111,4223976499,31345821
dimwishlist:item=3602242905&perks=1147230557,1709045111,4223976499,639190697
dimwishlist:item=3602242905&perks=1147230557,1709045111,4223976499,460017080
dimwishlist:item=3602242905&perks=1147230557,1709045111,4223976499,4045335048
dimwishlist:item=3602242905&perks=1147230557,1709045111,4223976499,1015611457
dimwishlist:item=3602242905&perks=1147230557,1709045111,4223976499,2923251173
dimwishlist:item=3602242905&perks=1147230557,1709045111,247725512,31345821
dimwishlist:item=3602242905&perks=1147230557,1709045111,247725512,639190697
dimwishlist:item=3602242905&perks=1147230557,1709045111,247725512,460017080
dimwishlist:item=3602242905&perks=1147230557,1709045111,247725512,4045335048
dimwishlist:item=3602242905&perks=1147230557,1709045111,247725512,1015611457
dimwishlist:item=3602242905&perks=1147230557,1709045111,247725512,2923251173
dimwishlist:item=3602242905&perks=1147230557,1709045111,2938480696,31345821
dimwishlist:item=3602242905&perks=1147230557,1709045111,2938480696,639190697
dimwishlist:item=3602242905&perks=1147230557,1709045111,2938480696,460017080
dimwishlist:item=3602242905&perks=1147230557,1709045111,2938480696,4045335048
dimwishlist:item=3602242905&perks=1147230557,1709045111,2938480696,1015611457
dimwishlist:item=3602242905&perks=1147230557,1709045111,2938480696,2923251173
dimwishlist:item=3602242905&perks=1147230557,1709045111,2387244414,31345821
dimwishlist:item=3602242905&perks=1147230557,1709045111,2387244414,639190697
dimwishlist:item=3602242905&perks=1147230557,1709045111,2387244414,460017080
dimwishlist:item=3602242905&perks=1147230557,1709045111,2387244414,4045335048
dimwishlist:item=3602242905&perks=1147230557,1709045111,2387244414,1015611457
dimwishlist:item=3602242905&perks=1147230557,1709045111,2387244414,2923251173
dimwishlist:item=3602242905&perks=1147230557,1709045111,1748774930,31345821
dimwishlist:item=3602242905&perks=1147230557,1709045111,1748774930,639190697
dimwishlist:item=3602242905&perks=1147230557,1709045111,1748774930,460017080
dimwishlist:item=3602242905&perks=1147230557,1709045111,1748774930,4045335048
dimwishlist:item=3602242905&perks=1147230557,1709045111,1748774930,1015611457
dimwishlist:item=3602242905&perks=1147230557,1709045111,1748774930,2923251173
dimwishlist:item=3602242905&perks=1147230557,106909392,3017780555,31345821
dimwishlist:item=3602242905&perks=1147230557,106909392,3017780555,639190697
dimwishlist:item=3602242905&perks=1147230557,106909392,3017780555,460017080
dimwishlist:item=3602242905&perks=1147230557,106909392,3017780555,4045335048
dimwishlist:item=3602242905&perks=1147230557,106909392,3017780555,1015611457
dimwishlist:item=3602242905&perks=1147230557,106909392,3017780555,2923251173
dimwishlist:item=3602242905&perks=1147230557,106909392,4223976499,31345821
dimwishlist:item=3602242905&perks=1147230557,106909392,4223976499,639190697
dimwishlist:item=3602242905&perks=1147230557,106909392,4223976499,460017080
dimwishlist:item=3602242905&perks=1147230557,106909392,4223976499,4045335048
dimwishlist:item=3602242905&perks=1147230557,106909392,4223976499,1015611457
dimwishlist:item=3602242905&perks=1147230557,106909392,4223976499,2923251173
dimwishlist:item=3602242905&perks=1147230557,106909392,247725512,31345821
dimwishlist:item=3602242905&perks=1147230557,106909392,247725512,639190697
dimwishlist:item=3602242905&perks=1147230557,106909392,247725512,460017080
dimwishlist:item=3602242905&perks=1147230557,106909392,247725512,4045335048
dimwishlist:item=3602242905&perks=1147230557,106909392,247725512,1015611457
dimwishlist:item=3602242905&perks=1147230557,106909392,247725512,2923251173
dimwishlist:item=3602242905&perks=1147230557,106909392,2938480696,31345821
dimwishlist:item=3602242905&perks=1147230557,106909392,2938480696,639190697
dimwishlist:item=3602242905&perks=1147230557,106909392,2938480696,460017080
dimwishlist:item=3602242905&perks=1147230557,106909392,2938480696,4045335048
dimwishlist:item=3602242905&perks=1147230557,106909392,2938480696,1015611457
dimwishlist:item=3602242905&perks=1147230557,106909392,2938480696,2923251173
dimwishlist:item=3602242905&perks=1147230557,106909392,2387244414,31345821
dimwishlist:item=3602242905&perks=1147230557,106909392,2387244414,639190697
dimwishlist:item=3602242905&perks=1147230557,106909392,2387244414,460017080
dimwishlist:item=3602242905&perks=1147230557,106909392,2387244414,4045335048
dimwishlist:item=3602242905&perks=1147230557,106909392,2387244414,1015611457
dimwishlist:item=3602242905&perks=1147230557,106909392,2387244414,2923251173
dimwishlist:item=3602242905&perks=1147230557,106909392,1748774930,31345821
dimwishlist:item=3602242905&perks=1147230557,106909392,1748774930,639190697
dimwishlist:item=3602242905&perks=1147230557,106909392,1748774930,460017080
dimwishlist:item=3602242905&perks=1147230557,106909392,1748774930,4045335048
dimwishlist:item=3602242905&perks=1147230557,106909392,1748774930,1015611457
dimwishlist:item=3602242905&perks=1147230557,106909392,1748774930,2923251173
dimwishlist:item=3602242905&perks=1147230557,1783397184,3017780555,31345821
dimwishlist:item=3602242905&perks=1147230557,1783397184,3017780555,639190697
dimwishlist:item=3602242905&perks=1147230557,1783397184,3017780555,460017080
dimwishlist:item=3602242905&perks=1147230557,1783397184,3017780555,4045335048
dimwishlist:item=3602242905&perks=1147230557,1783397184,3017780555,1015611457
dimwishlist:item=3602242905&perks=1147230557,1783397184,3017780555,2923251173
dimwishlist:item=3602242905&perks=1147230557,1783397184,4223976499,31345821
dimwishlist:item=3602242905&perks=1147230557,1783397184,4223976499,639190697
dimwishlist:item=3602242905&perks=1147230557,1783397184,4223976499,460017080
dimwishlist:item=3602242905&perks=1147230557,1783397184,4223976499,4045335048
dimwishlist:item=3602242905&perks=1147230557,1783397184,4223976499,1015611457
dimwishlist:item=3602242905&perks=1147230557,1783397184,4223976499,2923251173
dimwishlist:item=3602242905&perks=1147230557,1783397184,247725512,31345821
dimwishlist:item=3602242905&perks=1147230557,1783397184,247725512,639190697
dimwishlist:item=3602242905&perks=1147230557,1783397184,247725512,460017080
dimwishlist:item=3602242905&perks=1147230557,1783397184,247725512,4045335048
dimwishlist:item=3602242905&perks=1147230557,1783397184,247725512,1015611457
dimwishlist:item=3602242905&perks=1147230557,1783397184,247725512,2923251173
dimwishlist:item=3602242905&perks=1147230557,1783397184,2938480696,31345821
dimwishlist:item=3602242905&perks=1147230557,1783397184,2938480696,639190697
dimwishlist:item=3602242905&perks=1147230557,1783397184,2938480696,460017080
dimwishlist:item=3602242905&perks=1147230557,1783397184,2938480696,4045335048
dimwishlist:item=3602242905&perks=1147230557,1783397184,2938480696,1015611457
dimwishlist:item=3602242905&perks=1147230557,1783397184,2938480696,2923251173
dimwishlist:item=3602242905&perks=1147230557,1783397184,2387244414,31345821
dimwishlist:item=3602242905&perks=1147230557,1783397184,2387244414,639190697
dimwishlist:item=3602242905&perks=1147230557,1783397184,2387244414,460017080
dimwishlist:item=3602242905&perks=1147230557,1783397184,2387244414,4045335048
dimwishlist:item=3602242905&perks=1147230557,1783397184,2387244414,1015611457
dimwishlist:item=3602242905&perks=1147230557,1783397184,2387244414,2923251173
dimwishlist:item=3602242905&perks=1147230557,1783397184,1748774930,31345821
dimwishlist:item=3602242905&perks=1147230557,1783397184,1748774930,639190697
dimwishlist:item=3602242905&perks=1147230557,1783397184,1748774930,460017080
dimwishlist:item=3602242905&perks=1147230557,1783397184,1748774930,4045335048
dimwishlist:item=3602242905&perks=1147230557,1783397184,1748774930,1015611457
dimwishlist:item=3602242905&perks=1147230557,1783397184,1748774930,2923251173
dimwishlist:item=3602242905&perks=1482024992,3142289711,3017780555,31345821
dimwishlist:item=3602242905&perks=1482024992,3142289711,3017780555,639190697
dimwishlist:item=3602242905&perks=1482024992,3142289711,3017780555,460017080
dimwishlist:item=3602242905&perks=1482024992,3142289711,3017780555,4045335048
dimwishlist:item=3602242905&perks=1482024992,3142289711,3017780555,1015611457
dimwishlist:item=3602242905&perks=1482024992,3142289711,3017780555,2923251173
dimwishlist:item=3602242905&perks=1482024992,3142289711,4223976499,31345821
dimwishlist:item=3602242905&perks=1482024992,3142289711,4223976499,639190697
dimwishlist:item=3602242905&perks=1482024992,3142289711,4223976499,460017080
dimwishlist:item=3602242905&perks=1482024992,3142289711,4223976499,4045335048
dimwishlist:item=3602242905&perks=1482024992,3142289711,4223976499,1015611457
dimwishlist:item=3602242905&perks=1482024992,3142289711,4223976499,2923251173
dimwishlist:item=3602242905&perks=1482024992,3142289711,247725512,31345821
dimwishlist:item=3602242905&perks=1482024992,3142289711,247725512,639190697
dimwishlist:item=3602242905&perks=1482024992,3142289711,247725512,460017080
dimwishlist:item=3602242905&perks=1482024992,3142289711,247725512,4045335048
dimwishlist:item=3602242905&perks=1482024992,3142289711,247725512,1015611457
dimwishlist:item=3602242905&perks=1482024992,3142289711,247725512,2923251173
dimwishlist:item=3602242905&perks=1482024992,3142289711,2938480696,31345821
dimwishlist:item=3602242905&perks=1482024992,3142289711,2938480696,639190697
dimwishlist:item=3602242905&perks=1482024992,3142289711,2938480696,460017080
dimwishlist:item=3602242905&perks=1482024992,3142289711,2938480696,4045335048
dimwishlist:item=3602242905&perks=1482024992,3142289711,2938480696,1015611457
dimwishlist:item=3602242905&perks=1482024992,3142289711,2938480696,2923251173
dimwishlist:item=3602242905&perks=1482024992,3142289711,2387244414,31345821
dimwishlist:item=3602242905&perks=1482024992,3142289711,2387244414,639190697
dimwishlist:item=3602242905&perks=1482024992,3142289711,2387244414,460017080
dimwishlist:item=3602242905&perks=1482024992,3142289711,2387244414,4045335048
dimwishlist:item=3602242905&perks=1482024992,3142289711,2387244414,1015611457
dimwishlist:item=3602242905&perks=1482024992,3142289711,2387244414,2923251173
dimwishlist:item=3602242905&perks=1482024992,3142289711,1748774930,31345821
dimwishlist:item=3602242905&perks=1482024992,3142289711,1748774930,639190697
dimwishlist:item=3602242905&perks=1482024992,3142289711,1748774930,460017080
dimwishlist:item=3602242905&perks=1482024992,3142289711,1748774930,4045335048
dimwishlist:item=3602242905&perks=1482024992,3142289711,1748774930,1015611457
dimwishlist:item=3602242905&perks=1482024992,3142289711,1748774930,2923251173
dimwishlist:item=3602242905&perks=1482024992,3267421167,3017780555,31345821
dimwishlist:item=3602242905&perks=1482024992,3267421167,3017780555,639190697
dimwishlist:item=3602242905&perks=1482024992,3267421167,3017780555,460017080
dimwishlist:item=3602242905&perks=1482024992,3267421167,3017780555,4045335048
dimwishlist:item=3602242905&perks=1482024992,3267421167,3017780555,1015611457
dimwishlist:item=3602242905&perks=1482024992,3267421167,3017780555,2923251173
dimwishlist:item=3602242905&perks=1482024992,3267421167,4223976499,31345821
dimwishlist:item=3602242905&perks=1482024992,3267421167,4223976499,639190697
dimwishlist:item=3602242905&perks=1482024992,3267421167,4223976499,460017080
dimwishlist:item=3602242905&perks=1482024992,3267421167,4223976499,4045335048
dimwishlist:item=3602242905&perks=1482024992,3267421167,4223976499,1015611457
dimwishlist:item=3602242905&perks=1482024992,3267421167,4223976499,2923251173
dimwishlist:item=3602242905&perks=1482024992,3267421167,247725512,31345821
dimwishlist:item=3602242905&perks=1482024992,3267421167,247725512,639190697
dimwishlist:item=3602242905&perks=1482024992,3267421167,247725512,460017080
dimwishlist:item=3602242905&perks=1482024992,3267421167,247725512,4045335048
dimwishlist:item=3602242905&perks=1482024992,3267421167,247725512,1015611457
dimwishlist:item=3602242905&perks=1482024992,3267421167,247725512,2923251173
dimwishlist:item=3602242905&perks=1482024992,3267421167,2938480696,31345821
dimwishlist:item=3602242905&perks=1482024992,3267421167,2938480696,639190697
dimwishlist:item=3602242905&perks=1482024992,3267421167,2938480696,460017080
dimwishlist:item=3602242905&perks=1482024992,3267421167,2938480696,4045335048
dimwishlist:item=3602242905&perks=1482024992,3267421167,2938480696,1015611457
dimwishlist:item=3602242905&perks=1482024992,3267421167,2938480696,2923251173
dimwishlist:item=3602242905&perks=1482024992,3267421167,2387244414,31345821
dimwishlist:item=3602242905&perks=1482024992,3267421167,2387244414,639190697
dimwishlist:item=3602242905&perks=1482024992,3267421167,2387244414,460017080
dimwishlist:item=3602242905&perks=1482024992,3267421167,2387244414,4045335048
dimwishlist:item=3602242905&perks=1482024992,3267421167,2387244414,1015611457
dimwishlist:item=3602242905&perks=1482024992,3267421167,2387244414,2923251173
dimwishlist:item=3602242905&perks=1482024992,3267421167,1748774930,31345821
dimwishlist:item=3602242905&perks=1482024992,3267421167,1748774930,639190697
dimwishlist:item=3602242905&perks=1482024992,3267421167,1748774930,460017080
dimwishlist:item=3602242905&perks=1482024992,3267421167,1748774930,4045335048
dimwishlist:item=3602242905&perks=1482024992,3267421167,1748774930,1015611457
dimwishlist:item=3602242905&perks=1482024992,3267421167,1748774930,2923251173
dimwishlist:item=3602242905&perks=1482024992,3230963543,3017780555,31345821
dimwishlist:item=3602242905&perks=1482024992,3230963543,3017780555,639190697
dimwishlist:item=3602242905&perks=1482024992,3230963543,3017780555,460017080
dimwishlist:item=3602242905&perks=1482024992,3230963543,3017780555,4045335048
dimwishlist:item=3602242905&perks=1482024992,3230963543,3017780555,1015611457
dimwishlist:item=3602242905&perks=1482024992,3230963543,3017780555,2923251173
dimwishlist:item=3602242905&perks=1482024992,3230963543,4223976499,31345821
dimwishlist:item=3602242905&perks=1482024992,3230963543,4223976499,639190697
dimwishlist:item=3602242905&perks=1482024992,3230963543,4223976499,460017080
dimwishlist:item=3602242905&perks=1482024992,3230963543,4223976499,4045335048
dimwishlist:item=3602242905&perks=1482024992,3230963543,4223976499,1015611457
dimwishlist:item=3602242905&perks=1482024992,3230963543,4223976499,2923251173
dimwishlist:item=3602242905&perks=1482024992,3230963543,247725512,31345821
dimwishlist:item=3602242905&perks=1482024992,3230963543,247725512,639190697
dimwishlist:item=3602242905&perks=1482024992,3230963543,247725512,460017080
dimwishlist:item=3602242905&perks=1482024992,3230963543,247725512,4045335048
dimwishlist:item=3602242905&perks=1482024992,3230963543,247725512,1015611457
dimwishlist:item=3602242905&perks=1482024992,3230963543,247725512,2923251173
dimwishlist:item=3602242905&perks=1482024992,3230963543,2938480696,31345821
dimwishlist:item=3602242905&perks=1482024992,3230963543,2938480696,639190697
dimwishlist:item=3602242905&perks=1482024992,3230963543,2938480696,460017080
dimwishlist:item=3602242905&perks=1482024992,3230963543,2938480696,4045335048
dimwishlist:item=3602242905&perks=1482024992,3230963543,2938480696,1015611457
dimwishlist:item=3602242905&perks=1482024992,3230963543,2938480696,2923251173
dimwishlist:item=3602242905&perks=1482024992,3230963543,2387244414,31345821
dimwishlist:item=3602242905&perks=1482024992,3230963543,2387244414,639190697
dimwishlist:item=3602242905&perks=1482024992,3230963543,2387244414,460017080
dimwishlist:item=3602242905&perks=1482024992,3230963543,2387244414,4045335048
dimwishlist:item=3602242905&perks=1482024992,3230963543,2387244414,1015611457
dimwishlist:item=3602242905&perks=1482024992,3230963543,2387244414,2923251173
dimwishlist:item=3602242905&perks=1482024992,3230963543,1748774930,31345821
dimwishlist:item=3602242905&perks=1482024992,3230963543,1748774930,639190697
dimwishlist:item=3602242905&perks=1482024992,3230963543,1748774930,460017080
dimwishlist:item=3602242905&perks=1482024992,3230963543,1748774930,4045335048
dimwishlist:item=3602242905&perks=1482024992,3230963543,1748774930,1015611457
dimwishlist:item=3602242905&perks=1482024992,3230963543,1748774930,2923251173
dimwishlist:item=3602242905&perks=1482024992,1709045111,3017780555,31345821
dimwishlist:item=3602242905&perks=1482024992,1709045111,3017780555,639190697
dimwishlist:item=3602242905&perks=1482024992,1709045111,3017780555,460017080
dimwishlist:item=3602242905&perks=1482024992,1709045111,3017780555,4045335048
dimwishlist:item=3602242905&perks=1482024992,1709045111,3017780555,1015611457
dimwishlist:item=3602242905&perks=1482024992,1709045111,3017780555,2923251173
dimwishlist:item=3602242905&perks=1482024992,1709045111,4223976499,31345821
dimwishlist:item=3602242905&perks=1482024992,1709045111,4223976499,639190697
dimwishlist:item=3602242905&perks=1482024992,1709045111,4223976499,460017080
dimwishlist:item=3602242905&perks=1482024992,1709045111,4223976499,4045335048
dimwishlist:item=3602242905&perks=1482024992,1709045111,4223976499,1015611457
dimwishlist:item=3602242905&perks=1482024992,1709045111,4223976499,2923251173
dimwishlist:item=3602242905&perks=1482024992,1709045111,247725512,31345821
dimwishlist:item=3602242905&perks=1482024992,1709045111,247725512,639190697
dimwishlist:item=3602242905&perks=1482024992,1709045111,247725512,460017080
dimwishlist:item=3602242905&perks=1482024992,1709045111,247725512,4045335048
dimwishlist:item=3602242905&perks=1482024992,1709045111,247725512,1015611457
dimwishlist:item=3602242905&perks=1482024992,1709045111,247725512,2923251173
dimwishlist:item=3602242905&perks=1482024992,1709045111,2938480696,31345821
dimwishlist:item=3602242905&perks=1482024992,1709045111,2938480696,639190697
dimwishlist:item=3602242905&perks=1482024992,1709045111,2938480696,460017080
dimwishlist:item=3602242905&perks=1482024992,1709045111,2938480696,4045335048
dimwishlist:item=3602242905&perks=1482024992,1709045111,2938480696,1015611457
dimwishlist:item=3602242905&perks=1482024992,1709045111,2938480696,2923251173
dimwishlist:item=3602242905&perks=1482024992,1709045111,2387244414,31345821
dimwishlist:item=3602242905&perks=1482024992,1709045111,2387244414,639190697
dimwishlist:item=3602242905&perks=1482024992,1709045111,2387244414,460017080
dimwishlist:item=3602242905&perks=1482024992,1709045111,2387244414,4045335048
dimwishlist:item=3602242905&perks=1482024992,1709045111,2387244414,1015611457
dimwishlist:item=3602242905&perks=1482024992,1709045111,2387244414,2923251173
dimwishlist:item=3602242905&perks=1482024992,1709045111,1748774930,31345821
dimwishlist:item=3602242905&perks=1482024992,1709045111,1748774930,639190697
dimwishlist:item=3602242905&perks=1482024992,1709045111,1748774930,460017080
dimwishlist:item=3602242905&perks=1482024992,1709045111,1748774930,4045335048
dimwishlist:item=3602242905&perks=1482024992,1709045111,1748774930,1015611457
dimwishlist:item=3602242905&perks=1482024992,1709045111,1748774930,2923251173
dimwishlist:item=3602242905&perks=1482024992,106909392,3017780555,31345821
dimwishlist:item=3602242905&perks=1482024992,106909392,3017780555,639190697
dimwishlist:item=3602242905&perks=1482024992,106909392,3017780555,460017080
dimwishlist:item=3602242905&perks=1482024992,106909392,3017780555,4045335048
dimwishlist:item=3602242905&perks=1482024992,106909392,3017780555,1015611457
dimwishlist:item=3602242905&perks=1482024992,106909392,3017780555,2923251173
dimwishlist:item=3602242905&perks=1482024992,106909392,4223976499,31345821
dimwishlist:item=3602242905&perks=1482024992,106909392,4223976499,639190697
dimwishlist:item=3602242905&perks=1482024992,106909392,4223976499,460017080
dimwishlist:item=3602242905&perks=1482024992,106909392,4223976499,4045335048
dimwishlist:item=3602242905&perks=1482024992,106909392,4223976499,1015611457
dimwishlist:item=3602242905&perks=1482024992,106909392,4223976499,2923251173
dimwishlist:item=3602242905&perks=1482024992,106909392,247725512,31345821
dimwishlist:item=3602242905&perks=1482024992,106909392,247725512,639190697
dimwishlist:item=3602242905&perks=1482024992,106909392,247725512,460017080
dimwishlist:item=3602242905&perks=1482024992,106909392,247725512,4045335048
dimwishlist:item=3602242905&perks=1482024992,106909392,247725512,1015611457
dimwishlist:item=3602242905&perks=1482024992,106909392,247725512,2923251173
dimwishlist:item=3602242905&perks=1482024992,106909392,2938480696,31345821
dimwishlist:item=3602242905&perks=1482024992,106909392,2938480696,639190697
dimwishlist:item=3602242905&perks=1482024992,106909392,2938480696,460017080
dimwishlist:item=3602242905&perks=1482024992,106909392,2938480696,4045335048
dimwishlist:item=3602242905&perks=1482024992,106909392,2938480696,1015611457
dimwishlist:item=3602242905&perks=1482024992,106909392,2938480696,2923251173
dimwishlist:item=3602242905&perks=1482024992,106909392,2387244414,31345821
dimwishlist:item=3602242905&perks=1482024992,106909392,2387244414,639190697
dimwishlist:item=3602242905&perks=1482024992,106909392,2387244414,460017080
dimwishlist:item=3602242905&perks=1482024992,106909392,2387244414,4045335048
dimwishlist:item=3602242905&perks=1482024992,106909392,2387244414,1015611457
dimwishlist:item=3602242905&perks=1482024992,106909392,2387244414,2923251173
dimwishlist:item=3602242905&perks=1482024992,106909392,1748774930,31345821
dimwishlist:item=3602242905&perks=1482024992,106909392,1748774930,639190697
dimwishlist:item=3602242905&perks=1482024992,106909392,1748774930,460017080
dimwishlist:item=3602242905&perks=1482024992,106909392,1748774930,4045335048
dimwishlist:item=3602242905&perks=1482024992,106909392,1748774930,1015611457
dimwishlist:item=3602242905&perks=1482024992,106909392,1748774930,2923251173
dimwishlist:item=3602242905&perks=1482024992,1783397184,3017780555,31345821
dimwishlist:item=3602242905&perks=1482024992,1783397184,3017780555,639190697
dimwishlist:item=3602242905&perks=1482024992,1783397184,3017780555,460017080
dimwishlist:item=3602242905&perks=1482024992,1783397184,3017780555,4045335048
dimwishlist:item=3602242905&perks=1482024992,1783397184,3017780555,1015611457
dimwishlist:item=3602242905&perks=1482024992,1783397184,3017780555,2923251173
dimwishlist:item=3602242905&perks=1482024992,1783397184,4223976499,31345821
dimwishlist:item=3602242905&perks=1482024992,1783397184,4223976499,639190697
dimwishlist:item=3602242905&perks=1482024992,1783397184,4223976499,460017080
dimwishlist:item=3602242905&perks=1482024992,1783397184,4223976499,4045335048
dimwishlist:item=3602242905&perks=1482024992,1783397184,4223976499,1015611457
dimwishlist:item=3602242905&perks=1482024992,1783397184,4223976499,2923251173
dimwishlist:item=3602242905&perks=1482024992,1783397184,247725512,31345821
dimwishlist:item=3602242905&perks=1482024992,1783397184,247725512,639190697
dimwishlist:item=3602242905&perks=1482024992,1783397184,247725512,460017080
dimwishlist:item=3602242905&perks=1482024992,1783397184,247725512,4045335048
dimwishlist:item=3602242905&perks=1482024992,1783397184,247725512,1015611457
dimwishlist:item=3602242905&perks=1482024992,1783397184,247725512,2923251173
dimwishlist:item=3602242905&perks=1482024992,1783397184,2938480696,31345821
dimwishlist:item=3602242905&perks=1482024992,1783397184,2938480696,639190697
dimwishlist:item=3602242905&perks=1482024992,1783397184,2938480696,460017080
dimwishlist:item=3602242905&perks=1482024992,1783397184,2938480696,4045335048
dimwishlist:item=3602242905&perks=1482024992,1783397184,2938480696,1015611457
dimwishlist:item=3602242905&perks=1482024992,1783397184,2938480696,2923251173
dimwishlist:item=3602242905&perks=1482024992,1783397184,2387244414,31345821
dimwishlist:item=3602242905&perks=1482024992,1783397184,2387244414,639190697
dimwishlist:item=3602242905&perks=1482024992,1783397184,2387244414,460017080
dimwishlist:item=3602242905&perks=1482024992,1783397184,2387244414,4045335048
dimwishlist:item=3602242905&perks=1482024992,1783397184,2387244414,1015611457
dimwishlist:item=3602242905&perks=1482024992,1783397184,2387244414,2923251173
dimwishlist:item=3602242905&perks=1482024992,1783397184,1748774930,31345821
dimwishlist:item=3602242905&perks=1482024992,1783397184,1748774930,639190697
dimwishlist:item=3602242905&perks=1482024992,1783397184,1748774930,460017080
dimwishlist:item=3602242905&perks=1482024992,1783397184,1748774930,4045335048
dimwishlist:item=3602242905&perks=1482024992,1783397184,1748774930,1015611457
dimwishlist:item=3602242905&perks=1482024992,1783397184,1748774930,2923251173
dimwishlist:item=3602242905&perks=2860123632,3142289711,3017780555,31345821
dimwishlist:item=3602242905&perks=2860123632,3142289711,3017780555,639190697
dimwishlist:item=3602242905&perks=2860123632,3142289711,3017780555,460017080
dimwishlist:item=3602242905&perks=2860123632,3142289711,3017780555,4045335048
dimwishlist:item=3602242905&perks=2860123632,3142289711,3017780555,1015611457
dimwishlist:item=3602242905&perks=2860123632,3142289711,3017780555,2923251173
dimwishlist:item=3602242905&perks=2860123632,3142289711,4223976499,31345821
dimwishlist:item=3602242905&perks=2860123632,3142289711,4223976499,639190697
dimwishlist:item=3602242905&perks=2860123632,3142289711,4223976499,460017080
dimwishlist:item=3602242905&perks=2860123632,3142289711,4223976499,4045335048
dimwishlist:item=3602242905&perks=2860123632,3142289711,4223976499,1015611457
dimwishlist:item=3602242905&perks=2860123632,3142289711,4223976499,2923251173
dimwishlist:item=3602242905&perks=2860123632,3142289711,247725512,31345821
dimwishlist:item=3602242905&perks=2860123632,3142289711,247725512,639190697
dimwishlist:item=3602242905&perks=2860123632,3142289711,247725512,460017080
dimwishlist:item=3602242905&perks=2860123632,3142289711,247725512,4045335048
dimwishlist:item=3602242905&perks=2860123632,3142289711,247725512,1015611457
dimwishlist:item=3602242905&perks=2860123632,3142289711,247725512,2923251173
dimwishlist:item=3602242905&perks=2860123632,3142289711,2938480696,31345821
dimwishlist:item=3602242905&perks=2860123632,3142289711,2938480696,639190697
dimwishlist:item=3602242905&perks=2860123632,3142289711,2938480696,460017080
dimwishlist:item=3602242905&perks=2860123632,3142289711,2938480696,4045335048
dimwishlist:item=3602242905&perks=2860123632,3142289711,2938480696,1015611457
dimwishlist:item=3602242905&perks=2860123632,3142289711,2938480696,2923251173
dimwishlist:item=3602242905&perks=2860123632,3142289711,2387244414,31345821
dimwishlist:item=3602242905&perks=2860123632,3142289711,2387244414,639190697
dimwishlist:item=3602242905&perks=2860123632,3142289711,2387244414,460017080
dimwishlist:item=3602242905&perks=2860123632,3142289711,2387244414,4045335048
dimwishlist:item=3602242905&perks=2860123632,3142289711,2387244414,1015611457
dimwishlist:item=3602242905&perks=2860123632,3142289711,2387244414,2923251173
dimwishlist:item=3602242905&perks=2860123632,3142289711,1748774930,31345821
dimwishlist:item=3602242905&perks=2860123632,3142289711,1748774930,639190697
dimwishlist:item=3602242905&perks=2860123632,3142289711,1748774930,460017080
dimwishlist:item=3602242905&perks=2860123632,3142289711,1748774930,4045335048
dimwishlist:item=3602242905&perks=2860123632,3142289711,1748774930,1015611457
dimwishlist:item=3602242905&perks=2860123632,3142289711,1748774930,2923251173
dimwishlist:item=3602242905&perks=2860123632,3267421167,3017780555,31345821
dimwishlist:item=3602242905&perks=2860123632,3267421167,3017780555,639190697
dimwishlist:item=3602242905&perks=2860123632,3267421167,3017780555,460017080
dimwishlist:item=3602242905&perks=2860123632,3267421167,3017780555,4045335048
dimwishlist:item=3602242905&perks=2860123632,3267421167,3017780555,1015611457
dimwishlist:item=3602242905&perks=2860123632,3267421167,3017780555,2923251173
dimwishlist:item=3602242905&perks=2860123632,3267421167,4223976499,31345821
dimwishlist:item=3602242905&perks=2860123632,3267421167,4223976499,639190697
dimwishlist:item=3602242905&perks=2860123632,3267421167,4223976499,460017080
dimwishlist:item=3602242905&perks=2860123632,3267421167,4223976499,4045335048
dimwishlist:item=3602242905&perks=2860123632,3267421167,4223976499,1015611457
dimwishlist:item=3602242905&perks=2860123632,3267421167,4223976499,2923251173
dimwishlist:item=3602242905&perks=2860123632,3267421167,247725512,31345821
dimwishlist:item=3602242905&perks=2860123632,3267421167,247725512,639190697
dimwishlist:item=3602242905&perks=2860123632,3267421167,247725512,460017080
dimwishlist:item=3602242905&perks=2860123632,3267421167,247725512,4045335048
dimwishlist:item=3602242905&perks=2860123632,3267421167,247725512,1015611457
dimwishlist:item=3602242905&perks=2860123632,3267421167,247725512,2923251173
dimwishlist:item=3602242905&perks=2860123632,3267421167,2938480696,31345821
dimwishlist:item=3602242905&perks=2860123632,3267421167,2938480696,639190697
dimwishlist:item=3602242905&perks=2860123632,3267421167,2938480696,460017080
dimwishlist:item=3602242905&perks=2860123632,3267421167,2938480696,4045335048
dimwishlist:item=3602242905&perks=2860123632,3267421167,2938480696,1015611457
dimwishlist:item=3602242905&perks=2860123632,3267421167,2938480696,2923251173
dimwishlist:item=3602242905&perks=2860123632,3267421167,2387244414,31345821
dimwishlist:item=3602242905&perks=2860123632,3267421167,2387244414,639190697
dimwishlist:item=3602242905&perks=2860123632,3267421167,2387244414,460017080
dimwishlist:item=3602242905&perks=2860123632,3267421167,2387244414,4045335048
dimwishlist:item=3602242905&perks=2860123632,3267421167,2387244414,1015611457
dimwishlist:item=3602242905&perks=2860123632,3267421167,2387244414,2923251173
dimwishlist:item=3602242905&perks=2860123632,3267421167,1748774930,31345821
dimwishlist:item=3602242905&perks=2860123632,3267421167,1748774930,639190697
dimwishlist:item=3602242905&perks=2860123632,3267421167,1748774930,460017080
dimwishlist:item=3602242905&perks=2860123632,3267421167,1748774930,4045335048
dimwishlist:item=3602242905&perks=2860123632,3267421167,1748774930,1015611457
dimwishlist:item=3602242905&perks=2860123632,3267421167,1748774930,2923251173
dimwishlist:item=3602242905&perks=2860123632,3230963543,3017780555,31345821
dimwishlist:item=3602242905&perks=2860123632,3230963543,3017780555,639190697
dimwishlist:item=3602242905&perks=2860123632,3230963543,3017780555,460017080
dimwishlist:item=3602242905&perks=2860123632,3230963543,3017780555,4045335048
dimwishlist:item=3602242905&perks=2860123632,3230963543,3017780555,1015611457
dimwishlist:item=3602242905&perks=2860123632,3230963543,3017780555,2923251173
dimwishlist:item=3602242905&perks=2860123632,3230963543,4223976499,31345821
dimwishlist:item=3602242905&perks=2860123632,3230963543,4223976499,639190697
dimwishlist:item=3602242905&perks=2860123632,3230963543,4223976499,460017080
dimwishlist:item=3602242905&perks=2860123632,3230963543,4223976499,4045335048
dimwishlist:item=3602242905&perks=2860123632,3230963543,4223976499,1015611457
dimwishlist:item=3602242905&perks=2860123632,3230963543,4223976499,2923251173
dimwishlist:item=3602242905&perks=2860123632,3230963543,247725512,31345821
dimwishlist:item=3602242905&perks=2860123632,3230963543,247725512,639190697
dimwishlist:item=3602242905&perks=2860123632,3230963543,247725512,460017080
dimwishlist:item=3602242905&perks=2860123632,3230963543,247725512,4045335048
dimwishlist:item=3602242905&perks=2860123632,3230963543,247725512,1015611457
dimwishlist:item=3602242905&perks=2860123632,3230963543,247725512,2923251173
dimwishlist:item=3602242905&perks=2860123632,3230963543,2938480696,31345821
dimwishlist:item=3602242905&perks=2860123632,3230963543,2938480696,639190697
dimwishlist:item=3602242905&perks=2860123632,3230963543,2938480696,460017080
dimwishlist:item=3602242905&perks=2860123632,3230963543,2938480696,4045335048
dimwishlist:item=3602242905&perks=2860123632,3230963543,2938480696,1015611457
dimwishlist:item=3602242905&perks=2860123632,3230963543,2938480696,2923251173
dimwishlist:item=3602242905&perks=2860123632,3230963543,2387244414,31345821
dimwishlist:item=3602242905&perks=2860123632,3230963543,2387244414,639190697
dimwishlist:item=3602242905&perks=2860123632,3230963543,2387244414,460017080
dimwishlist:item=3602242905&perks=2860123632,3230963543,2387244414,4045335048
dimwishlist:item=3602242905&perks=2860123632,3230963543,2387244414,1015611457
dimwishlist:item=3602242905&perks=2860123632,3230963543,2387244414,2923251173
dimwishlist:item=3602242905&perks=2860123632,3230963543,1748774930,31345821
dimwishlist:item=3602242905&perks=2860123632,3230963543,1748774930,639190697
dimwishlist:item=3602242905&perks=2860123632,3230963543,1748774930,460017080
dimwishlist:item=3602242905&perks=2860123632,3230963543,1748774930,4045335048
dimwishlist:item=3602242905&perks=2860123632,3230963543,1748774930,1015611457
dimwishlist:item=3602242905&perks=2860123632,3230963543,1748774930,2923251173
dimwishlist:item=3602242905&perks=2860123632,1709045111,3017780555,31345821
dimwishlist:item=3602242905&perks=2860123632,1709045111,3017780555,639190697
dimwishlist:item=3602242905&perks=2860123632,1709045111,3017780555,460017080
dimwishlist:item=3602242905&perks=2860123632,1709045111,3017780555,4045335048
dimwishlist:item=3602242905&perks=2860123632,1709045111,3017780555,1015611457
dimwishlist:item=3602242905&perks=2860123632,1709045111,3017780555,2923251173
dimwishlist:item=3602242905&perks=2860123632,1709045111,4223976499,31345821
dimwishlist:item=3602242905&perks=2860123632,1709045111,4223976499,639190697
dimwishlist:item=3602242905&perks=2860123632,1709045111,4223976499,460017080
dimwishlist:item=3602242905&perks=2860123632,1709045111,4223976499,4045335048
dimwishlist:item=3602242905&perks=2860123632,1709045111,4223976499,1015611457
dimwishlist:item=3602242905&perks=2860123632,1709045111,4223976499,2923251173
dimwishlist:item=3602242905&perks=2860123632,1709045111,247725512,31345821
dimwishlist:item=3602242905&perks=2860123632,1709045111,247725512,639190697
dimwishlist:item=3602242905&perks=2860123632,1709045111,247725512,460017080
dimwishlist:item=3602242905&perks=2860123632,1709045111,247725512,4045335048
dimwishlist:item=3602242905&perks=2860123632,1709045111,247725512,1015611457
dimwishlist:item=3602242905&perks=2860123632,1709045111,247725512,2923251173
dimwishlist:item=3602242905&perks=2860123632,1709045111,2938480696,31345821
dimwishlist:item=3602242905&perks=2860123632,1709045111,2938480696,639190697
dimwishlist:item=3602242905&perks=2860123632,1709045111,2938480696,460017080
dimwishlist:item=3602242905&perks=2860123632,1709045111,2938480696,4045335048
dimwishlist:item=3602242905&perks=2860123632,1709045111,2938480696,1015611457
dimwishlist:item=3602242905&perks=2860123632,1709045111,2938480696,2923251173
dimwishlist:item=3602242905&perks=2860123632,1709045111,2387244414,31345821
dimwishlist:item=3602242905&perks=2860123632,1709045111,2387244414,639190697
dimwishlist:item=3602242905&perks=2860123632,1709045111,2387244414,460017080
dimwishlist:item=3602242905&perks=2860123632,1709045111,2387244414,4045335048
dimwishlist:item=3602242905&perks=2860123632,1709045111,2387244414,1015611457
dimwishlist:item=3602242905&perks=2860123632,1709045111,2387244414,2923251173
dimwishlist:item=3602242905&perks=2860123632,1709045111,1748774930,31345821
dimwishlist:item=3602242905&perks=2860123632,1709045111,1748774930,639190697
dimwishlist:item=3602242905&perks=2860123632,1709045111,1748774930,460017080
dimwishlist:item=3602242905&perks=2860123632,1709045111,1748774930,4045335048
dimwishlist:item=3602242905&perks=2860123632,1709045111,1748774930,1015611457
dimwishlist:item=3602242905&perks=2860123632,1709045111,1748774930,2923251173
dimwishlist:item=3602242905&perks=2860123632,106909392,3017780555,31345821
dimwishlist:item=3602242905&perks=2860123632,106909392,3017780555,639190697
dimwishlist:item=3602242905&perks=2860123632,106909392,3017780555,460017080
dimwishlist:item=3602242905&perks=2860123632,106909392,3017780555,4045335048
dimwishlist:item=3602242905&perks=2860123632,106909392,3017780555,1015611457
dimwishlist:item=3602242905&perks=2860123632,106909392,3017780555,2923251173
dimwishlist:item=3602242905&perks=2860123632,106909392,4223976499,31345821
dimwishlist:item=3602242905&perks=2860123632,106909392,4223976499,639190697
dimwishlist:item=3602242905&perks=2860123632,106909392,4223976499,460017080
dimwishlist:item=3602242905&perks=2860123632,106909392,4223976499,4045335048
dimwishlist:item=3602242905&perks=2860123632,106909392,4223976499,1015611457
dimwishlist:item=3602242905&perks=2860123632,106909392,4223976499,2923251173
dimwishlist:item=3602242905&perks=2860123632,106909392,247725512,31345821
dimwishlist:item=3602242905&perks=2860123632,106909392,247725512,639190697
dimwishlist:item=3602242905&perks=2860123632,106909392,247725512,460017080
dimwishlist:item=3602242905&perks=2860123632,106909392,247725512,4045335048
dimwishlist:item=3602242905&perks=2860123632,106909392,247725512,1015611457
dimwishlist:item=3602242905&perks=2860123632,106909392,247725512,2923251173
dimwishlist:item=3602242905&perks=2860123632,106909392,2938480696,31345821
dimwishlist:item=3602242905&perks=2860123632,106909392,2938480696,639190697
dimwishlist:item=3602242905&perks=2860123632,106909392,2938480696,460017080
dimwishlist:item=3602242905&perks=2860123632,106909392,2938480696,4045335048
dimwishlist:item=3602242905&perks=2860123632,106909392,2938480696,1015611457
dimwishlist:item=3602242905&perks=2860123632,106909392,2938480696,2923251173
dimwishlist:item=3602242905&perks=2860123632,106909392,2387244414,31345821
dimwishlist:item=3602242905&perks=2860123632,106909392,2387244414,639190697
dimwishlist:item=3602242905&perks=2860123632,106909392,2387244414,460017080
dimwishlist:item=3602242905&perks=2860123632,106909392,2387244414,4045335048
dimwishlist:item=3602242905&perks=2860123632,106909392,2387244414,1015611457
dimwishlist:item=3602242905&perks=2860123632,106909392,2387244414,2923251173
dimwishlist:item=3602242905&perks=2860123632,106909392,1748774930,31345821
dimwishlist:item=3602242905&perks=2860123632,106909392,1748774930,639190697
dimwishlist:item=3602242905&perks=2860123632,106909392,1748774930,460017080
dimwishlist:item=3602242905&perks=2860123632,106909392,1748774930,4045335048
dimwishlist:item=3602242905&perks=2860123632,106909392,1748774930,1015611457
dimwishlist:item=3602242905&perks=2860123632,106909392,1748774930,2923251173
dimwishlist:item=3602242905&perks=2860123632,1783397184,3017780555,31345821
dimwishlist:item=3602242905&perks=2860123632,1783397184,3017780555,639190697
dimwishlist:item=3602242905&perks=2860123632,1783397184,3017780555,460017080
dimwishlist:item=3602242905&perks=2860123632,1783397184,3017780555,4045335048
dimwishlist:item=3602242905&perks=2860123632,1783397184,3017780555,1015611457
dimwishlist:item=3602242905&perks=2860123632,1783397184,3017780555,2923251173
dimwishlist:item=3602242905&perks=2860123632,1783397184,4223976499,31345821
dimwishlist:item=3602242905&perks=2860123632,1783397184,4223976499,639190697
dimwishlist:item=3602242905&perks=2860123632,1783397184,4223976499,460017080
dimwishlist:item=3602242905&perks=2860123632,1783397184,4223976499,4045335048
dimwishlist:item=3602242905&perks=2860123632,1783397184,4223976499,1015611457
dimwishlist:item=3602242905&perks=2860123632,1783397184,4223976499,2923251173
dimwishlist:item=3602242905&perks=2860123632,1783397184,247725512,31345821
dimwishlist:item=3602242905&perks=2860123632,1783397184,247725512,639190697
dimwishlist:item=3602242905&perks=2860123632,1783397184,247725512,460017080
dimwishlist:item=3602242905&perks=2860123632,1783397184,247725512,4045335048
dimwishlist:item=3602242905&perks=2860123632,1783397184,247725512,1015611457
dimwishlist:item=3602242905&perks=2860123632,1783397184,247725512,2923251173
dimwishlist:item=3602242905&perks=2860123632,1783397184,2938480696,31345821
dimwishlist:item=3602242905&perks=2860123632,1783397184,2938480696,639190697
dimwishlist:item=3602242905&perks=2860123632,1783397184,2938480696,460017080
dimwishlist:item=3602242905&perks=2860123632,1783397184,2938480696,4045335048
dimwishlist:item=3602242905&perks=2860123632,1783397184,2938480696,1015611457
dimwishlist:item=3602242905&perks=2860123632,1783397184,2938480696,2923251173
dimwishlist:item=3602242905&perks=2860123632,1783397184,2387244414,31345821
dimwishlist:item=3602242905&perks=2860123632,1783397184,2387244414,639190697
dimwishlist:item=3602242905&perks=2860123632,1783397184,2387244414,460017080
dimwishlist:item=3602242905&perks=2860123632,1783397184,2387244414,4045335048
dimwishlist:item=3602242905&perks=2860123632,1783397184,2387244414,1015611457
dimwishlist:item=3602242905&perks=2860123632,1783397184,2387244414,2923251173
dimwishlist:item=3602242905&perks=2860123632,1783397184,1748774930,31345821
dimwishlist:item=3602242905&perks=2860123632,1783397184,1748774930,639190697
dimwishlist:item=3602242905&perks=2860123632,1783397184,1748774930,460017080
dimwishlist:item=3602242905&perks=2860123632,1783397184,1748774930,4045335048
dimwishlist:item=3602242905&perks=2860123632,1783397184,1748774930,1015611457
dimwishlist:item=3602242905&perks=2860123632,1783397184,1748774930,2923251173
dimwishlist:item=3602242905&perks=202670084,3142289711,3017780555,31345821
dimwishlist:item=3602242905&perks=202670084,3142289711,3017780555,639190697
dimwishlist:item=3602242905&perks=202670084,3142289711,3017780555,460017080
dimwishlist:item=3602242905&perks=202670084,3142289711,3017780555,4045335048
dimwishlist:item=3602242905&perks=202670084,3142289711,3017780555,1015611457
dimwishlist:item=3602242905&perks=202670084,3142289711,3017780555,2923251173
dimwishlist:item=3602242905&perks=202670084,3142289711,4223976499,31345821
dimwishlist:item=3602242905&perks=202670084,3142289711,4223976499,639190697
dimwishlist:item=3602242905&perks=202670084,3142289711,4223976499,460017080
dimwishlist:item=3602242905&perks=202670084,3142289711,4223976499,4045335048
dimwishlist:item=3602242905&perks=202670084,3142289711,4223976499,1015611457
dimwishlist:item=3602242905&perks=202670084,3142289711,4223976499,2923251173
dimwishlist:item=3602242905&perks=202670084,3142289711,247725512,31345821
dimwishlist:item=3602242905&perks=202670084,3142289711,247725512,639190697
dimwishlist:item=3602242905&perks=202670084,3142289711,247725512,460017080
dimwishlist:item=3602242905&perks=202670084,3142289711,247725512,4045335048
dimwishlist:item=3602242905&perks=202670084,3142289711,247725512,1015611457
dimwishlist:item=3602242905&perks=202670084,3142289711,247725512,2923251173
dimwishlist:item=3602242905&perks=202670084,3142289711,2938480696,31345821
dimwishlist:item=3602242905&perks=202670084,3142289711,2938480696,639190697
dimwishlist:item=3602242905&perks=202670084,3142289711,2938480696,460017080
dimwishlist:item=3602242905&perks=202670084,3142289711,2938480696,4045335048
dimwishlist:item=3602242905&perks=202670084,3142289711,2938480696,1015611457
dimwishlist:item=3602242905&perks=202670084,3142289711,2938480696,2923251173
dimwishlist:item=3602242905&perks=202670084,3142289711,2387244414,31345821
dimwishlist:item=3602242905&perks=202670084,3142289711,2387244414,639190697
dimwishlist:item=3602242905&perks=202670084,3142289711,2387244414,460017080
dimwishlist:item=3602242905&perks=202670084,3142289711,2387244414,4045335048
dimwishlist:item=3602242905&perks=202670084,3142289711,2387244414,1015611457
dimwishlist:item=3602242905&perks=202670084,3142289711,2387244414,2923251173
dimwishlist:item=3602242905&perks=202670084,3142289711,1748774930,31345821
dimwishlist:item=3602242905&perks=202670084,3142289711,1748774930,639190697
dimwishlist:item=3602242905&perks=202670084,3142289711,1748774930,460017080
dimwishlist:item=3602242905&perks=202670084,3142289711,1748774930,4045335048
dimwishlist:item=3602242905&perks=202670084,3142289711,1748774930,1015611457
dimwishlist:item=3602242905&perks=202670084,3142289711,1748774930,2923251173
dimwishlist:item=3602242905&perks=202670084,3267421167,3017780555,31345821
dimwishlist:item=3602242905&perks=202670084,3267421167,3017780555,639190697
dimwishlist:item=3602242905&perks=202670084,3267421167,3017780555,460017080
dimwishlist:item=3602242905&perks=202670084,3267421167,3017780555,4045335048
dimwishlist:item=3602242905&perks=202670084,3267421167,3017780555,1015611457
dimwishlist:item=3602242905&perks=202670084,3267421167,3017780555,2923251173
dimwishlist:item=3602242905&perks=202670084,3267421167,4223976499,31345821
dimwishlist:item=3602242905&perks=202670084,3267421167,4223976499,639190697
dimwishlist:item=3602242905&perks=202670084,3267421167,4223976499,460017080
dimwishlist:item=3602242905&perks=202670084,3267421167,4223976499,4045335048
dimwishlist:item=3602242905&perks=202670084,3267421167,4223976499,1015611457
dimwishlist:item=3602242905&perks=202670084,3267421167,4223976499,2923251173
dimwishlist:item=3602242905&perks=202670084,3267421167,247725512,31345821
dimwishlist:item=3602242905&perks=202670084,3267421167,247725512,639190697
dimwishlist:item=3602242905&perks=202670084,3267421167,247725512,460017080
dimwishlist:item=3602242905&perks=202670084,3267421167,247725512,4045335048
dimwishlist:item=3602242905&perks=202670084,3267421167,247725512,1015611457
dimwishlist:item=3602242905&perks=202670084,3267421167,247725512,2923251173
dimwishlist:item=3602242905&perks=202670084,3267421167,2938480696,31345821
dimwishlist:item=3602242905&perks=202670084,3267421167,2938480696,639190697
dimwishlist:item=3602242905&perks=202670084,3267421167,2938480696,460017080
dimwishlist:item=3602242905&perks=202670084,3267421167,2938480696,4045335048
dimwishlist:item=3602242905&perks=202670084,3267421167,2938480696,1015611457
dimwishlist:item=3602242905&perks=202670084,3267421167,2938480696,2923251173
dimwishlist:item=3602242905&perks=202670084,3267421167,2387244414,31345821
dimwishlist:item=3602242905&perks=202670084,3267421167,2387244414,639190697
dimwishlist:item=3602242905&perks=202670084,3267421167,2387244414,460017080
dimwishlist:item=3602242905&perks=202670084,3267421167,2387244414,4045335048
dimwishlist:item=3602242905&perks=202670084,3267421167,2387244414,1015611457
dimwishlist:item=3602242905&perks=202670084,3267421167,2387244414,2923251173
dimwishlist:item=3602242905&perks=202670084,3267421167,1748774930,31345821
dimwishlist:item=3602242905&perks=202670084,3267421167,1748774930,639190697
dimwishlist:item=3602242905&perks=202670084,3267421167,1748774930,460017080
dimwishlist:item=3602242905&perks=202670084,3267421167,1748774930,4045335048
dimwishlist:item=3602242905&perks=202670084,3267421167,1748774930,1015611457
dimwishlist:item=3602242905&perks=202670084,3267421167,1748774930,2923251173
dimwishlist:item=3602242905&perks=202670084,3230963543,3017780555,31345821
dimwishlist:item=3602242905&perks=202670084,3230963543,3017780555,639190697
dimwishlist:item=3602242905&perks=202670084,3230963543,3017780555,460017080
dimwishlist:item=3602242905&perks=202670084,3230963543,3017780555,4045335048
dimwishlist:item=3602242905&perks=202670084,3230963543,3017780555,1015611457
dimwishlist:item=3602242905&perks=202670084,3230963543,3017780555,2923251173
dimwishlist:item=3602242905&perks=202670084,3230963543,4223976499,31345821
dimwishlist:item=3602242905&perks=202670084,3230963543,4223976499,639190697
dimwishlist:item=3602242905&perks=202670084,3230963543,4223976499,460017080
dimwishlist:item=3602242905&perks=202670084,3230963543,4223976499,4045335048
dimwishlist:item=3602242905&perks=202670084,3230963543,4223976499,1015611457
dimwishlist:item=3602242905&perks=202670084,3230963543,4223976499,2923251173
dimwishlist:item=3602242905&perks=202670084,3230963543,247725512,31345821
dimwishlist:item=3602242905&perks=202670084,3230963543,247725512,639190697
dimwishlist:item=3602242905&perks=202670084,3230963543,247725512,460017080
dimwishlist:item=3602242905&perks=202670084,3230963543,247725512,4045335048
dimwishlist:item=3602242905&perks=202670084,3230963543,247725512,1015611457
dimwishlist:item=3602242905&perks=202670084,3230963543,247725512,2923251173
dimwishlist:item=3602242905&perks=202670084,3230963543,2938480696,31345821
dimwishlist:item=3602242905&perks=202670084,3230963543,2938480696,639190697
dimwishlist:item=3602242905&perks=202670084,3230963543,2938480696,460017080
dimwishlist:item=3602242905&perks=202670084,3230963543,2938480696,4045335048
dimwishlist:item=3602242905&perks=202670084,3230963543,2938480696,1015611457
dimwishlist:item=3602242905&perks=202670084,3230963543,2938480696,2923251173
dimwishlist:item=3602242905&perks=202670084,3230963543,2387244414,31345821
dimwishlist:item=3602242905&perks=202670084,3230963543,2387244414,639190697
dimwishlist:item=3602242905&perks=202670084,3230963543,2387244414,460017080
dimwishlist:item=3602242905&perks=202670084,3230963543,2387244414,4045335048
dimwishlist:item=3602242905&perks=202670084,3230963543,2387244414,1015611457
dimwishlist:item=3602242905&perks=202670084,3230963543,2387244414,2923251173
dimwishlist:item=3602242905&perks=202670084,3230963543,1748774930,31345821
dimwishlist:item=3602242905&perks=202670084,3230963543,1748774930,639190697
dimwishlist:item=3602242905&perks=202670084,3230963543,1748774930,460017080
dimwishlist:item=3602242905&perks=202670084,3230963543,1748774930,4045335048
dimwishlist:item=3602242905&perks=202670084,3230963543,1748774930,1015611457
dimwishlist:item=3602242905&perks=202670084,3230963543,1748774930,2923251173
dimwishlist:item=3602242905&perks=202670084,1709045111,3017780555,31345821
dimwishlist:item=3602242905&perks=202670084,1709045111,3017780555,639190697
dimwishlist:item=3602242905&perks=202670084,1709045111,3017780555,460017080
dimwishlist:item=3602242905&perks=202670084,1709045111,3017780555,4045335048
dimwishlist:item=3602242905&perks=202670084,1709045111,3017780555,1015611457
dimwishlist:item=3602242905&perks=202670084,1709045111,3017780555,2923251173
dimwishlist:item=3602242905&perks=202670084,1709045111,4223976499,31345821
dimwishlist:item=3602242905&perks=202670084,1709045111,4223976499,639190697
dimwishlist:item=3602242905&perks=202670084,1709045111,4223976499,460017080
dimwishlist:item=3602242905&perks=202670084,1709045111,4223976499,4045335048
dimwishlist:item=3602242905&perks=202670084,1709045111,4223976499,1015611457
dimwishlist:item=3602242905&perks=202670084,1709045111,4223976499,2923251173
dimwishlist:item=3602242905&perks=202670084,1709045111,247725512,31345821
dimwishlist:item=3602242905&perks=202670084,1709045111,247725512,639190697
dimwishlist:item=3602242905&perks=202670084,1709045111,247725512,460017080
dimwishlist:item=3602242905&perks=202670084,1709045111,247725512,4045335048
dimwishlist:item=3602242905&perks=202670084,1709045111,247725512,1015611457
dimwishlist:item=3602242905&perks=202670084,1709045111,247725512,2923251173
dimwishlist:item=3602242905&perks=202670084,1709045111,2938480696,31345821
dimwishlist:item=3602242905&perks=202670084,1709045111,2938480696,639190697
dimwishlist:item=3602242905&perks=202670084,1709045111,2938480696,460017080
dimwishlist:item=3602242905&perks=202670084,1709045111,2938480696,4045335048
dimwishlist:item=3602242905&perks=202670084,1709045111,2938480696,1015611457
dimwishlist:item=3602242905&perks=202670084,1709045111,2938480696,2923251173
dimwishlist:item=3602242905&perks=202670084,1709045111,2387244414,31345821
dimwishlist:item=3602242905&perks=202670084,1709045111,2387244414,639190697
dimwishlist:item=3602242905&perks=202670084,1709045111,2387244414,460017080
dimwishlist:item=3602242905&perks=202670084,1709045111,2387244414,4045335048
dimwishlist:item=3602242905&perks=202670084,1709045111,2387244414,1015611457
dimwishlist:item=3602242905&perks=202670084,1709045111,2387244414,2923251173
dimwishlist:item=3602242905&perks=202670084,1709045111,1748774930,31345821
dimwishlist:item=3602242905&perks=202670084,1709045111,1748774930,639190697
dimwishlist:item=3602242905&perks=202670084,1709045111,1748774930,460017080
dimwishlist:item=3602242905&perks=202670084,1709045111,1748774930,4045335048
dimwishlist:item=3602242905&perks=202670084,1709045111,1748774930,1015611457
dimwishlist:item=3602242905&perks=202670084,1709045111,1748774930,2923251173
dimwishlist:item=3602242905&perks=202670084,106909392,3017780555,31345821
dimwishlist:item=3602242905&perks=202670084,106909392,3017780555,639190697
dimwishlist:item=3602242905&perks=202670084,106909392,3017780555,460017080
dimwishlist:item=3602242905&perks=202670084,106909392,3017780555,4045335048
dimwishlist:item=3602242905&perks=202670084,106909392,3017780555,1015611457
dimwishlist:item=3602242905&perks=202670084,106909392,3017780555,2923251173
dimwishlist:item=3602242905&perks=202670084,106909392,4223976499,31345821
dimwishlist:item=3602242905&perks=202670084,106909392,4223976499,639190697
dimwishlist:item=3602242905&perks=202670084,106909392,4223976499,460017080
dimwishlist:item=3602242905&perks=202670084,106909392,4223976499,4045335048
dimwishlist:item=3602242905&perks=202670084,106909392,4223976499,1015611457
dimwishlist:item=3602242905&perks=202670084,106909392,4223976499,2923251173
dimwishlist:item=3602242905&perks=202670084,106909392,247725512,31345821
dimwishlist:item=3602242905&perks=202670084,106909392,247725512,639190697
dimwishlist:item=3602242905&perks=202670084,106909392,247725512,460017080
dimwishlist:item=3602242905&perks=202670084,106909392,247725512,4045335048
dimwishlist:item=3602242905&perks=202670084,106909392,247725512,1015611457
dimwishlist:item=3602242905&perks=202670084,106909392,247725512,2923251173
dimwishlist:item=3602242905&perks=202670084,106909392,2938480696,31345821
dimwishlist:item=3602242905&perks=202670084,106909392,2938480696,639190697
dimwishlist:item=3602242905&perks=202670084,106909392,2938480696,460017080
dimwishlist:item=3602242905&perks=202670084,106909392,2938480696,4045335048
dimwishlist:item=3602242905&perks=202670084,106909392,2938480696,1015611457
dimwishlist:item=3602242905&perks=202670084,106909392,2938480696,2923251173
dimwishlist:item=3602242905&perks=202670084,106909392,2387244414,31345821
dimwishlist:item=3602242905&perks=202670084,106909392,2387244414,639190697
dimwishlist:item=3602242905&perks=202670084,106909392,2387244414,460017080
dimwishlist:item=3602242905&perks=202670084,106909392,2387244414,4045335048
dimwishlist:item=3602242905&perks=202670084,106909392,2387244414,1015611457
dimwishlist:item=3602242905&perks=202670084,106909392,2387244414,2923251173
dimwishlist:item=3602242905&perks=202670084,106909392,1748774930,31345821
dimwishlist:item=3602242905&perks=202670084,106909392,1748774930,639190697
dimwishlist:item=3602242905&perks=202670084,106909392,1748774930,460017080
dimwishlist:item=3602242905&perks=202670084,106909392,1748774930,4045335048
dimwishlist:item=3602242905&perks=202670084,106909392,1748774930,1015611457
dimwishlist:item=3602242905&perks=202670084,106909392,1748774930,2923251173
dimwishlist:item=3602242905&perks=202670084,1783397184,3017780555,31345821
dimwishlist:item=3602242905&perks=202670084,1783397184,3017780555,639190697
dimwishlist:item=3602242905&perks=202670084,1783397184,3017780555,460017080
dimwishlist:item=3602242905&perks=202670084,1783397184,3017780555,4045335048
dimwishlist:item=3602242905&perks=202670084,1783397184,3017780555,1015611457
dimwishlist:item=3602242905&perks=202670084,1783397184,3017780555,2923251173
dimwishlist:item=3602242905&perks=202670084,1783397184,4223976499,31345821
dimwishlist:item=3602242905&perks=202670084,1783397184,4223976499,639190697
dimwishlist:item=3602242905&perks=202670084,1783397184,4223976499,460017080
dimwishlist:item=3602242905&perks=202670084,1783397184,4223976499,4045335048
dimwishlist:item=3602242905&perks=202670084,1783397184,4223976499,1015611457
dimwishlist:item=3602242905&perks=202670084,1783397184,4223976499,2923251173
dimwishlist:item=3602242905&perks=202670084,1783397184,247725512,31345821
dimwishlist:item=3602242905&perks=202670084,1783397184,247725512,639190697
dimwishlist:item=3602242905&perks=202670084,1783397184,247725512,460017080
dimwishlist:item=3602242905&perks=202670084,1783397184,247725512,4045335048
dimwishlist:item=3602242905&perks=202670084,1783397184,247725512,1015611457
dimwishlist:item=3602242905&perks=202670084,1783397184,247725512,2923251173
dimwishlist:item=3602242905&perks=202670084,1783397184,2938480696,31345821
dimwishlist:item=3602242905&perks=202670084,1783397184,2938480696,639190697
dimwishlist:item=3602242905&perks=202670084,1783397184,2938480696,460017080
dimwishlist:item=3602242905&perks=202670084,1783397184,2938480696,4045335048
dimwishlist:item=3602242905&perks=202670084,1783397184,2938480696,1015611457
dimwishlist:item=3602242905&perks=202670084,1783397184,2938480696,2923251173
dimwishlist:item=3602242905&perks=202670084,1783397184,2387244414,31345821
dimwishlist:item=3602242905&perks=202670084,1783397184,2387244414,639190697
dimwishlist:item=3602242905&perks=202670084,1783397184,2387244414,460017080
dimwishlist:item=3602242905&perks=202670084,1783397184,2387244414,4045335048
dimwishlist:item=3602242905&perks=202670084,1783397184,2387244414,1015611457
dimwishlist:item=3602242905&perks=202670084,1783397184,2387244414,2923251173
dimwishlist:item=3602242905&perks=202670084,1783397184,1748774930,31345821
dimwishlist:item=3602242905&perks=202670084,1783397184,1748774930,639190697
dimwishlist:item=3602242905&perks=202670084,1783397184,1748774930,460017080
dimwishlist:item=3602242905&perks=202670084,1783397184,1748774930,4045335048
dimwishlist:item=3602242905&perks=202670084,1783397184,1748774930,1015611457
dimwishlist:item=3602242905&perks=202670084,1783397184,1748774930,2923251173
dimwishlist:item=3602242905&perks=1871180748,3142289711,3017780555,31345821
dimwishlist:item=3602242905&perks=1871180748,3142289711,3017780555,639190697
dimwishlist:item=3602242905&perks=1871180748,3142289711,3017780555,460017080
dimwishlist:item=3602242905&perks=1871180748,3142289711,3017780555,4045335048
dimwishlist:item=3602242905&perks=1871180748,3142289711,3017780555,1015611457
dimwishlist:item=3602242905&perks=1871180748,3142289711,3017780555,2923251173
dimwishlist:item=3602242905&perks=1871180748,3142289711,4223976499,31345821
dimwishlist:item=3602242905&perks=1871180748,3142289711,4223976499,639190697
dimwishlist:item=3602242905&perks=1871180748,3142289711,4223976499,460017080
dimwishlist:item=3602242905&perks=1871180748,3142289711,4223976499,4045335048
dimwishlist:item=3602242905&perks=1871180748,3142289711,4223976499,1015611457
dimwishlist:item=3602242905&perks=1871180748,3142289711,4223976499,2923251173
dimwishlist:item=3602242905&perks=1871180748,3142289711,247725512,31345821
dimwishlist:item=3602242905&perks=1871180748,3142289711,247725512,639190697
dimwishlist:item=3602242905&perks=1871180748,3142289711,247725512,460017080
dimwishlist:item=3602242905&perks=1871180748,3142289711,247725512,4045335048
dimwishlist:item=3602242905&perks=1871180748,3142289711,247725512,1015611457
dimwishlist:item=3602242905&perks=1871180748,3142289711,247725512,2923251173
dimwishlist:item=3602242905&perks=1871180748,3142289711,2938480696,31345821
dimwishlist:item=3602242905&perks=1871180748,3142289711,2938480696,639190697
dimwishlist:item=3602242905&perks=1871180748,3142289711,2938480696,460017080
dimwishlist:item=3602242905&perks=1871180748,3142289711,2938480696,4045335048
dimwishlist:item=3602242905&perks=1871180748,3142289711,2938480696,1015611457
dimwishlist:item=3602242905&perks=1871180748,3142289711,2938480696,2923251173
dimwishlist:item=3602242905&perks=1871180748,3142289711,2387244414,31345821
dimwishlist:item=3602242905&perks=1871180748,3142289711,2387244414,639190697
dimwishlist:item=3602242905&perks=1871180748,3142289711,2387244414,460017080
dimwishlist:item=3602242905&perks=1871180748,3142289711,2387244414,4045335048
dimwishlist:item=3602242905&perks=1871180748,3142289711,2387244414,1015611457
dimwishlist:item=3602242905&perks=1871180748,3142289711,2387244414,2923251173
dimwishlist:item=3602242905&perks=1871180748,3142289711,1748774930,31345821
dimwishlist:item=3602242905&perks=1871180748,3142289711,1748774930,639190697
dimwishlist:item=3602242905&perks=1871180748,3142289711,1748774930,460017080
dimwishlist:item=3602242905&perks=1871180748,3142289711,1748774930,4045335048
dimwishlist:item=3602242905&perks=1871180748,3142289711,1748774930,1015611457
dimwishlist:item=3602242905&perks=1871180748,3142289711,1748774930,2923251173
dimwishlist:item=3602242905&perks=1871180748,3267421167,3017780555,31345821
dimwishlist:item=3602242905&perks=1871180748,3267421167,3017780555,639190697
dimwishlist:item=3602242905&perks=1871180748,3267421167,3017780555,460017080
dimwishlist:item=3602242905&perks=1871180748,3267421167,3017780555,4045335048
dimwishlist:item=3602242905&perks=1871180748,3267421167,3017780555,1015611457
dimwishlist:item=3602242905&perks=1871180748,3267421167,3017780555,2923251173
dimwishlist:item=3602242905&perks=1871180748,3267421167,4223976499,31345821
dimwishlist:item=3602242905&perks=1871180748,3267421167,4223976499,639190697
dimwishlist:item=3602242905&perks=1871180748,3267421167,4223976499,460017080
dimwishlist:item=3602242905&perks=1871180748,3267421167,4223976499,4045335048
dimwishlist:item=3602242905&perks=1871180748,3267421167,4223976499,1015611457
dimwishlist:item=3602242905&perks=1871180748,3267421167,4223976499,2923251173
dimwishlist:item=3602242905&perks=1871180748,3267421167,247725512,31345821
dimwishlist:item=3602242905&perks=1871180748,3267421167,247725512,639190697
dimwishlist:item=3602242905&perks=1871180748,3267421167,247725512,460017080
dimwishlist:item=3602242905&perks=1871180748,3267421167,247725512,4045335048
dimwishlist:item=3602242905&perks=1871180748,3267421167,247725512,1015611457
dimwishlist:item=3602242905&perks=1871180748,3267421167,247725512,2923251173
dimwishlist:item=3602242905&perks=1871180748,3267421167,2938480696,31345821
dimwishlist:item=3602242905&perks=1871180748,3267421167,2938480696,639190697
dimwishlist:item=3602242905&perks=1871180748,3267421167,2938480696,460017080
dimwishlist:item=3602242905&perks=1871180748,3267421167,2938480696,4045335048
dimwishlist:item=3602242905&perks=1871180748,3267421167,2938480696,1015611457
dimwishlist:item=3602242905&perks=1871180748,3267421167,2938480696,2923251173
dimwishlist:item=3602242905&perks=1871180748,3267421167,2387244414,31345821
dimwishlist:item=3602242905&perks=1871180748,3267421167,2387244414,639190697
dimwishlist:item=3602242905&perks=1871180748,3267421167,2387244414,460017080
dimwishlist:item=3602242905&perks=1871180748,3267421167,2387244414,4045335048
dimwishlist:item=3602242905&perks=1871180748,3267421167,2387244414,1015611457
dimwishlist:item=3602242905&perks=1871180748,3267421167,2387244414,2923251173
dimwishlist:item=3602242905&perks=1871180748,3267421167,1748774930,31345821
dimwishlist:item=3602242905&perks=1871180748,3267421167,1748774930,639190697
dimwishlist:item=3602242905&perks=1871180748,3267421167,1748774930,460017080
dimwishlist:item=3602242905&perks=1871180748,3267421167,1748774930,4045335048
dimwishlist:item=3602242905&perks=1871180748,3267421167,1748774930,1015611457
dimwishlist:item=3602242905&perks=1871180748,3267421167,1748774930,2923251173
dimwishlist:item=3602242905&perks=1871180748,3230963543,3017780555,31345821
dimwishlist:item=3602242905&perks=1871180748,3230963543,3017780555,639190697
dimwishlist:item=3602242905&perks=1871180748,3230963543,3017780555,460017080
dimwishlist:item=3602242905&perks=1871180748,3230963543,3017780555,4045335048
dimwishlist:item=3602242905&perks=1871180748,3230963543,3017780555,1015611457
dimwishlist:item=3602242905&perks=1871180748,3230963543,3017780555,2923251173
dimwishlist:item=3602242905&perks=1871180748,3230963543,4223976499,31345821
dimwishlist:item=3602242905&perks=1871180748,3230963543,4223976499,639190697
dimwishlist:item=3602242905&perks=1871180748,3230963543,4223976499,460017080
dimwishlist:item=3602242905&perks=1871180748,3230963543,4223976499,4045335048
dimwishlist:item=3602242905&perks=1871180748,3230963543,4223976499,1015611457
dimwishlist:item=3602242905&perks=1871180748,3230963543,4223976499,2923251173
dimwishlist:item=3602242905&perks=1871180748,3230963543,247725512,31345821
dimwishlist:item=3602242905&perks=1871180748,3230963543,247725512,639190697
dimwishlist:item=3602242905&perks=1871180748,3230963543,247725512,460017080
dimwishlist:item=3602242905&perks=1871180748,3230963543,247725512,4045335048
dimwishlist:item=3602242905&perks=1871180748,3230963543,247725512,1015611457
dimwishlist:item=3602242905&perks=1871180748,3230963543,247725512,2923251173
dimwishlist:item=3602242905&perks=1871180748,3230963543,2938480696,31345821
dimwishlist:item=3602242905&perks=1871180748,3230963543,2938480696,639190697
dimwishlist:item=3602242905&perks=1871180748,3230963543,2938480696,460017080
dimwishlist:item=3602242905&perks=1871180748,3230963543,2938480696,4045335048
dimwishlist:item=3602242905&perks=1871180748,3230963543,2938480696,1015611457
dimwishlist:item=3602242905&perks=1871180748,3230963543,2938480696,2923251173
dimwishlist:item=3602242905&perks=1871180748,3230963543,2387244414,31345821
dimwishlist:item=3602242905&perks=1871180748,3230963543,2387244414,639190697
dimwishlist:item=3602242905&perks=1871180748,3230963543,2387244414,460017080
dimwishlist:item=3602242905&perks=1871180748,3230963543,2387244414,4045335048
dimwishlist:item=3602242905&perks=1871180748,3230963543,2387244414,1015611457
dimwishlist:item=3602242905&perks=1871180748,3230963543,2387244414,2923251173
dimwishlist:item=3602242905&perks=1871180748,3230963543,1748774930,31345821
dimwishlist:item=3602242905&perks=1871180748,3230963543,1748774930,639190697
dimwishlist:item=3602242905&perks=1871180748,3230963543,1748774930,460017080
dimwishlist:item=3602242905&perks=1871180748,3230963543,1748774930,4045335048
dimwishlist:item=3602242905&perks=1871180748,3230963543,1748774930,1015611457
dimwishlist:item=3602242905&perks=1871180748,3230963543,1748774930,2923251173
dimwishlist:item=3602242905&perks=1871180748,1709045111,3017780555,31345821
dimwishlist:item=3602242905&perks=1871180748,1709045111,3017780555,639190697
dimwishlist:item=3602242905&perks=1871180748,1709045111,3017780555,460017080
dimwishlist:item=3602242905&perks=1871180748,1709045111,3017780555,4045335048
dimwishlist:item=3602242905&perks=1871180748,1709045111,3017780555,1015611457
dimwishlist:item=3602242905&perks=1871180748,1709045111,3017780555,2923251173
dimwishlist:item=3602242905&perks=1871180748,1709045111,4223976499,31345821
dimwishlist:item=3602242905&perks=1871180748,1709045111,4223976499,639190697
dimwishlist:item=3602242905&perks=1871180748,1709045111,4223976499,460017080
dimwishlist:item=3602242905&perks=1871180748,1709045111,4223976499,4045335048
dimwishlist:item=3602242905&perks=1871180748,1709045111,4223976499,1015611457
dimwishlist:item=3602242905&perks=1871180748,1709045111,4223976499,2923251173
dimwishlist:item=3602242905&perks=1871180748,1709045111,247725512,31345821
dimwishlist:item=3602242905&perks=1871180748,1709045111,247725512,639190697
dimwishlist:item=3602242905&perks=1871180748,1709045111,247725512,460017080
dimwishlist:item=3602242905&perks=1871180748,1709045111,247725512,4045335048
dimwishlist:item=3602242905&perks=1871180748,1709045111,247725512,1015611457
dimwishlist:item=3602242905&perks=1871180748,1709045111,247725512,2923251173
dimwishlist:item=3602242905&perks=1871180748,1709045111,2938480696,31345821
dimwishlist:item=3602242905&perks=1871180748,1709045111,2938480696,639190697
dimwishlist:item=3602242905&perks=1871180748,1709045111,2938480696,460017080
dimwishlist:item=3602242905&perks=1871180748,1709045111,2938480696,4045335048
dimwishlist:item=3602242905&perks=1871180748,1709045111,2938480696,1015611457
dimwishlist:item=3602242905&perks=1871180748,1709045111,2938480696,2923251173
dimwishlist:item=3602242905&perks=1871180748,1709045111,2387244414,31345821
dimwishlist:item=3602242905&perks=1871180748,1709045111,2387244414,639190697
dimwishlist:item=3602242905&perks=1871180748,1709045111,2387244414,460017080
dimwishlist:item=3602242905&perks=1871180748,1709045111,2387244414,4045335048
dimwishlist:item=3602242905&perks=1871180748,1709045111,2387244414,1015611457
dimwishlist:item=3602242905&perks=1871180748,1709045111,2387244414,2923251173
dimwishlist:item=3602242905&perks=1871180748,1709045111,1748774930,31345821
dimwishlist:item=3602242905&perks=1871180748,1709045111,1748774930,639190697
dimwishlist:item=3602242905&perks=1871180748,1709045111,1748774930,460017080
dimwishlist:item=3602242905&perks=1871180748,1709045111,1748774930,4045335048
dimwishlist:item=3602242905&perks=1871180748,1709045111,1748774930,1015611457
dimwishlist:item=3602242905&perks=1871180748,1709045111,1748774930,2923251173
dimwishlist:item=3602242905&perks=1871180748,106909392,3017780555,31345821
dimwishlist:item=3602242905&perks=1871180748,106909392,3017780555,639190697
dimwishlist:item=3602242905&perks=1871180748,106909392,3017780555,460017080
dimwishlist:item=3602242905&perks=1871180748,106909392,3017780555,4045335048
dimwishlist:item=3602242905&perks=1871180748,106909392,3017780555,1015611457
dimwishlist:item=3602242905&perks=1871180748,106909392,3017780555,2923251173
dimwishlist:item=3602242905&perks=1871180748,106909392,4223976499,31345821
dimwishlist:item=3602242905&perks=1871180748,106909392,4223976499,639190697
dimwishlist:item=3602242905&perks=1871180748,106909392,4223976499,460017080
dimwishlist:item=3602242905&perks=1871180748,106909392,4223976499,4045335048
dimwishlist:item=3602242905&perks=1871180748,106909392,4223976499,1015611457
dimwishlist:item=3602242905&perks=1871180748,106909392,4223976499,2923251173
dimwishlist:item=3602242905&perks=1871180748,106909392,247725512,31345821
dimwishlist:item=3602242905&perks=1871180748,106909392,247725512,639190697
dimwishlist:item=3602242905&perks=1871180748,106909392,247725512,460017080
dimwishlist:item=3602242905&perks=1871180748,106909392,247725512,4045335048
dimwishlist:item=3602242905&perks=1871180748,106909392,247725512,1015611457
dimwishlist:item=3602242905&perks=1871180748,106909392,247725512,2923251173
dimwishlist:item=3602242905&perks=1871180748,106909392,2938480696,31345821
dimwishlist:item=3602242905&perks=1871180748,106909392,2938480696,639190697
dimwishlist:item=3602242905&perks=1871180748,106909392,2938480696,460017080
dimwishlist:item=3602242905&perks=1871180748,106909392,2938480696,4045335048
dimwishlist:item=3602242905&perks=1871180748,106909392,2938480696,1015611457
dimwishlist:item=3602242905&perks=1871180748,106909392,2938480696,2923251173
dimwishlist:item=3602242905&perks=1871180748,106909392,2387244414,31345821
dimwishlist:item=3602242905&perks=1871180748,106909392,2387244414,639190697
dimwishlist:item=3602242905&perks=1871180748,106909392,2387244414,460017080
dimwishlist:item=3602242905&perks=1871180748,106909392,2387244414,4045335048
dimwishlist:item=3602242905&perks=1871180748,106909392,2387244414,1015611457
dimwishlist:item=3602242905&perks=1871180748,106909392,2387244414,2923251173
dimwishlist:item=3602242905&perks=1871180748,106909392,1748774930,31345821
dimwishlist:item=3602242905&perks=1871180748,106909392,1748774930,639190697
dimwishlist:item=3602242905&perks=1871180748,106909392,1748774930,460017080
dimwishlist:item=3602242905&perks=1871180748,106909392,1748774930,4045335048
dimwishlist:item=3602242905&perks=1871180748,106909392,1748774930,1015611457
dimwishlist:item=3602242905&perks=1871180748,106909392,1748774930,2923251173
dimwishlist:item=3602242905&perks=1871180748,1783397184,3017780555,31345821
dimwishlist:item=3602242905&perks=1871180748,1783397184,3017780555,639190697
dimwishlist:item=3602242905&perks=1871180748,1783397184,3017780555,460017080
dimwishlist:item=3602242905&perks=1871180748,1783397184,3017780555,4045335048
dimwishlist:item=3602242905&perks=1871180748,1783397184,3017780555,1015611457
dimwishlist:item=3602242905&perks=1871180748,1783397184,3017780555,2923251173
dimwishlist:item=3602242905&perks=1871180748,1783397184,4223976499,31345821
dimwishlist:item=3602242905&perks=1871180748,1783397184,4223976499,639190697
dimwishlist:item=3602242905&perks=1871180748,1783397184,4223976499,460017080
dimwishlist:item=3602242905&perks=1871180748,1783397184,4223976499,4045335048
dimwishlist:item=3602242905&perks=1871180748,1783397184,4223976499,1015611457
dimwishlist:item=3602242905&perks=1871180748,1783397184,4223976499,2923251173
dimwishlist:item=3602242905&perks=1871180748,1783397184,247725512,31345821
dimwishlist:item=3602242905&perks=1871180748,1783397184,247725512,639190697
dimwishlist:item=3602242905&perks=1871180748,1783397184,247725512,460017080
dimwishlist:item=3602242905&perks=1871180748,1783397184,247725512,4045335048
dimwishlist:item=3602242905&perks=1871180748,1783397184,247725512,1015611457
dimwishlist:item=3602242905&perks=1871180748,1783397184,247725512,2923251173
dimwishlist:item=3602242905&perks=1871180748,1783397184,2938480696,31345821
dimwishlist:item=3602242905&perks=1871180748,1783397184,2938480696,639190697
dimwishlist:item=3602242905&perks=1871180748,1783397184,2938480696,460017080
dimwishlist:item=3602242905&perks=1871180748,1783397184,2938480696,4045335048
dimwishlist:item=3602242905&perks=1871180748,1783397184,2938480696,1015611457
dimwishlist:item=3602242905&perks=1871180748,1783397184,2938480696,2923251173
dimwishlist:item=3602242905&perks=1871180748,1783397184,2387244414,31345821
dimwishlist:item=3602242905&perks=1871180748,1783397184,2387244414,639190697
dimwishlist:item=3602242905&perks=1871180748,1783397184,2387244414,460017080
dimwishlist:item=3602242905&perks=1871180748,1783397184,2387244414,4045335048
dimwishlist:item=3602242905&perks=1871180748,1783397184,2387244414,1015611457
dimwishlist:item=3602242905&perks=1871180748,1783397184,2387244414,2923251173
dimwishlist:item=3602242905&perks=1871180748,1783397184,1748774930,31345821
dimwishlist:item=3602242905&perks=1871180748,1783397184,1748774930,639190697
dimwishlist:item=3602242905&perks=1871180748,1783397184,1748774930,460017080
dimwishlist:item=3602242905&perks=1871180748,1783397184,1748774930,4045335048
dimwishlist:item=3602242905&perks=1871180748,1783397184,1748774930,1015611457
dimwishlist:item=3602242905&perks=1871180748,1783397184,1748774930,2923251173
dimwishlist:item=3602242905&perks=1467527085,3142289711,3017780555,31345821
dimwishlist:item=3602242905&perks=1467527085,3142289711,3017780555,639190697
dimwishlist:item=3602242905&perks=1467527085,3142289711,3017780555,460017080
dimwishlist:item=3602242905&perks=1467527085,3142289711,3017780555,4045335048
dimwishlist:item=3602242905&perks=1467527085,3142289711,3017780555,1015611457
dimwishlist:item=3602242905&perks=1467527085,3142289711,3017780555,2923251173
dimwishlist:item=3602242905&perks=1467527085,3142289711,4223976499,31345821
dimwishlist:item=3602242905&perks=1467527085,3142289711,4223976499,639190697
dimwishlist:item=3602242905&perks=1467527085,3142289711,4223976499,460017080
dimwishlist:item=3602242905&perks=1467527085,3142289711,4223976499,4045335048
dimwishlist:item=3602242905&perks=1467527085,3142289711,4223976499,1015611457
dimwishlist:item=3602242905&perks=1467527085,3142289711,4223976499,2923251173
dimwishlist:item=3602242905&perks=1467527085,3142289711,247725512,31345821
dimwishlist:item=3602242905&perks=1467527085,3142289711,247725512,639190697
dimwishlist:item=3602242905&perks=1467527085,3142289711,247725512,460017080
dimwishlist:item=3602242905&perks=1467527085,3142289711,247725512,4045335048
dimwishlist:item=3602242905&perks=1467527085,3142289711,247725512,1015611457
dimwishlist:item=3602242905&perks=1467527085,3142289711,247725512,2923251173
dimwishlist:item=3602242905&perks=1467527085,3142289711,2938480696,31345821
dimwishlist:item=3602242905&perks=1467527085,3142289711,2938480696,639190697
dimwishlist:item=3602242905&perks=1467527085,3142289711,2938480696,460017080
dimwishlist:item=3602242905&perks=1467527085,3142289711,2938480696,4045335048
dimwishlist:item=3602242905&perks=1467527085,3142289711,2938480696,1015611457
dimwishlist:item=3602242905&perks=1467527085,3142289711,2938480696,2923251173
dimwishlist:item=3602242905&perks=1467527085,3142289711,2387244414,31345821
dimwishlist:item=3602242905&perks=1467527085,3142289711,2387244414,639190697
dimwishlist:item=3602242905&perks=1467527085,3142289711,2387244414,460017080
dimwishlist:item=3602242905&perks=1467527085,3142289711,2387244414,4045335048
dimwishlist:item=3602242905&perks=1467527085,3142289711,2387244414,1015611457
dimwishlist:item=3602242905&perks=1467527085,3142289711,2387244414,2923251173
dimwishlist:item=3602242905&perks=1467527085,3142289711,1748774930,31345821
dimwishlist:item=3602242905&perks=1467527085,3142289711,1748774930,639190697
dimwishlist:item=3602242905&perks=1467527085,3142289711,1748774930,460017080
dimwishlist:item=3602242905&perks=1467527085,3142289711,1748774930,4045335048
dimwishlist:item=3602242905&perks=1467527085,3142289711,1748774930,1015611457
dimwishlist:item=3602242905&perks=1467527085,3142289711,1748774930,2923251173
dimwishlist:item=3602242905&perks=1467527085,3267421167,3017780555,31345821
dimwishlist:item=3602242905&perks=1467527085,3267421167,3017780555,639190697
dimwishlist:item=3602242905&perks=1467527085,3267421167,3017780555,460017080
dimwishlist:item=3602242905&perks=1467527085,3267421167,3017780555,4045335048
dimwishlist:item=3602242905&perks=1467527085,3267421167,3017780555,1015611457
dimwishlist:item=3602242905&perks=1467527085,3267421167,3017780555,2923251173
dimwishlist:item=3602242905&perks=1467527085,3267421167,4223976499,31345821
dimwishlist:item=3602242905&perks=1467527085,3267421167,4223976499,639190697
dimwishlist:item=3602242905&perks=1467527085,3267421167,4223976499,460017080
dimwishlist:item=3602242905&perks=1467527085,3267421167,4223976499,4045335048
dimwishlist:item=3602242905&perks=1467527085,3267421167,4223976499,1015611457
dimwishlist:item=3602242905&perks=1467527085,3267421167,4223976499,2923251173
dimwishlist:item=3602242905&perks=1467527085,3267421167,247725512,31345821
dimwishlist:item=3602242905&perks=1467527085,3267421167,247725512,639190697
dimwishlist:item=3602242905&perks=1467527085,3267421167,247725512,460017080
dimwishlist:item=3602242905&perks=1467527085,3267421167,247725512,4045335048
dimwishlist:item=3602242905&perks=1467527085,3267421167,247725512,1015611457
dimwishlist:item=3602242905&perks=1467527085,3267421167,247725512,2923251173
dimwishlist:item=3602242905&perks=1467527085,3267421167,2938480696,31345821
dimwishlist:item=3602242905&perks=1467527085,3267421167,2938480696,639190697
dimwishlist:item=3602242905&perks=1467527085,3267421167,2938480696,460017080
dimwishlist:item=3602242905&perks=1467527085,3267421167,2938480696,4045335048
dimwishlist:item=3602242905&perks=1467527085,3267421167,2938480696,1015611457
dimwishlist:item=3602242905&perks=1467527085,3267421167,2938480696,2923251173
dimwishlist:item=3602242905&perks=1467527085,3267421167,2387244414,31345821
dimwishlist:item=3602242905&perks=1467527085,3267421167,2387244414,639190697
dimwishlist:item=3602242905&perks=1467527085,3267421167,2387244414,460017080
dimwishlist:item=3602242905&perks=1467527085,3267421167,2387244414,4045335048
dimwishlist:item=3602242905&perks=1467527085,3267421167,2387244414,1015611457
dimwishlist:item=3602242905&perks=1467527085,3267421167,2387244414,2923251173
dimwishlist:item=3602242905&perks=1467527085,3267421167,1748774930,31345821
dimwishlist:item=3602242905&perks=1467527085,3267421167,1748774930,639190697
dimwishlist:item=3602242905&perks=1467527085,3267421167,1748774930,460017080
dimwishlist:item=3602242905&perks=1467527085,3267421167,1748774930,4045335048
dimwishlist:item=3602242905&perks=1467527085,3267421167,1748774930,1015611457
dimwishlist:item=3602242905&perks=1467527085,3267421167,1748774930,2923251173
dimwishlist:item=3602242905&perks=1467527085,3230963543,3017780555,31345821
dimwishlist:item=3602242905&perks=1467527085,3230963543,3017780555,639190697
dimwishlist:item=3602242905&perks=1467527085,3230963543,3017780555,460017080
dimwishlist:item=3602242905&perks=1467527085,3230963543,3017780555,4045335048
dimwishlist:item=3602242905&perks=1467527085,3230963543,3017780555,1015611457
dimwishlist:item=3602242905&perks=1467527085,3230963543,3017780555,2923251173
dimwishlist:item=3602242905&perks=1467527085,3230963543,4223976499,31345821
dimwishlist:item=3602242905&perks=1467527085,3230963543,4223976499,639190697
dimwishlist:item=3602242905&perks=1467527085,3230963543,4223976499,460017080
dimwishlist:item=3602242905&perks=1467527085,3230963543,4223976499,4045335048
dimwishlist:item=3602242905&perks=1467527085,3230963543,4223976499,1015611457
dimwishlist:item=3602242905&perks=1467527085,3230963543,4223976499,2923251173
dimwishlist:item=3602242905&perks=1467527085,3230963543,247725512,31345821
dimwishlist:item=3602242905&perks=1467527085,3230963543,247725512,639190697
dimwishlist:item=3602242905&perks=1467527085,3230963543,247725512,460017080
dimwishlist:item=3602242905&perks=1467527085,3230963543,247725512,4045335048
dimwishlist:item=3602242905&perks=1467527085,3230963543,247725512,1015611457
dimwishlist:item=3602242905&perks=1467527085,3230963543,247725512,2923251173
dimwishlist:item=3602242905&perks=1467527085,3230963543,2938480696,31345821
dimwishlist:item=3602242905&perks=1467527085,3230963543,2938480696,639190697
dimwishlist:item=3602242905&perks=1467527085,3230963543,2938480696,460017080
dimwishlist:item=3602242905&perks=1467527085,3230963543,2938480696,4045335048
dimwishlist:item=3602242905&perks=1467527085,3230963543,2938480696,1015611457
dimwishlist:item=3602242905&perks=1467527085,3230963543,2938480696,2923251173
dimwishlist:item=3602242905&perks=1467527085,3230963543,2387244414,31345821
dimwishlist:item=3602242905&perks=1467527085,3230963543,2387244414,639190697
dimwishlist:item=3602242905&perks=1467527085,3230963543,2387244414,460017080
dimwishlist:item=3602242905&perks=1467527085,3230963543,2387244414,4045335048
dimwishlist:item=3602242905&perks=1467527085,3230963543,2387244414,1015611457
dimwishlist:item=3602242905&perks=1467527085,3230963543,2387244414,2923251173
dimwishlist:item=3602242905&perks=1467527085,3230963543,1748774930,31345821
dimwishlist:item=3602242905&perks=1467527085,3230963543,1748774930,639190697
dimwishlist:item=3602242905&perks=1467527085,3230963543,1748774930,460017080
dimwishlist:item=3602242905&perks=1467527085,3230963543,1748774930,4045335048
dimwishlist:item=3602242905&perks=1467527085,3230963543,1748774930,1015611457
dimwishlist:item=3602242905&perks=1467527085,3230963543,1748774930,2923251173
dimwishlist:item=3602242905&perks=1467527085,1709045111,3017780555,31345821
dimwishlist:item=3602242905&perks=1467527085,1709045111,3017780555,639190697
dimwishlist:item=3602242905&perks=1467527085,1709045111,3017780555,460017080
dimwishlist:item=3602242905&perks=1467527085,1709045111,3017780555,4045335048
dimwishlist:item=3602242905&perks=1467527085,1709045111,3017780555,1015611457
dimwishlist:item=3602242905&perks=1467527085,1709045111,3017780555,2923251173
dimwishlist:item=3602242905&perks=1467527085,1709045111,4223976499,31345821
dimwishlist:item=3602242905&perks=1467527085,1709045111,4223976499,639190697
dimwishlist:item=3602242905&perks=1467527085,1709045111,4223976499,460017080
dimwishlist:item=3602242905&perks=1467527085,1709045111,4223976499,4045335048
dimwishlist:item=3602242905&perks=1467527085,1709045111,4223976499,1015611457
dimwishlist:item=3602242905&perks=1467527085,1709045111,4223976499,2923251173
dimwishlist:item=3602242905&perks=1467527085,1709045111,247725512,31345821
dimwishlist:item=3602242905&perks=1467527085,1709045111,247725512,639190697
dimwishlist:item=3602242905&perks=1467527085,1709045111,247725512,460017080
dimwishlist:item=3602242905&perks=1467527085,1709045111,247725512,4045335048
dimwishlist:item=3602242905&perks=1467527085,1709045111,247725512,1015611457
dimwishlist:item=3602242905&perks=1467527085,1709045111,247725512,2923251173
dimwishlist:item=3602242905&perks=1467527085,1709045111,2938480696,31345821
dimwishlist:item=3602242905&perks=1467527085,1709045111,2938480696,639190697
dimwishlist:item=3602242905&perks=1467527085,1709045111,2938480696,460017080
dimwishlist:item=3602242905&perks=1467527085,1709045111,2938480696,4045335048
dimwishlist:item=3602242905&perks=1467527085,1709045111,2938480696,1015611457
dimwishlist:item=3602242905&perks=1467527085,1709045111,2938480696,2923251173
dimwishlist:item=3602242905&perks=1467527085,1709045111,2387244414,31345821
dimwishlist:item=3602242905&perks=1467527085,1709045111,2387244414,639190697
dimwishlist:item=3602242905&perks=1467527085,1709045111,2387244414,460017080
dimwishlist:item=3602242905&perks=1467527085,1709045111,2387244414,4045335048
dimwishlist:item=3602242905&perks=1467527085,1709045111,2387244414,1015611457
dimwishlist:item=3602242905&perks=1467527085,1709045111,2387244414,2923251173
dimwishlist:item=3602242905&perks=1467527085,1709045111,1748774930,31345821
dimwishlist:item=3602242905&perks=1467527085,1709045111,1748774930,639190697
dimwishlist:item=3602242905&perks=1467527085,1709045111,1748774930,460017080
dimwishlist:item=3602242905&perks=1467527085,1709045111,1748774930,4045335048
dimwishlist:item=3602242905&perks=1467527085,1709045111,1748774930,1015611457
dimwishlist:item=3602242905&perks=1467527085,1709045111,1748774930,2923251173
dimwishlist:item=3602242905&perks=1467527085,106909392,3017780555,31345821
dimwishlist:item=3602242905&perks=1467527085,106909392,3017780555,639190697
dimwishlist:item=3602242905&perks=1467527085,106909392,3017780555,460017080
dimwishlist:item=3602242905&perks=1467527085,106909392,3017780555,4045335048
dimwishlist:item=3602242905&perks=1467527085,106909392,3017780555,1015611457
dimwishlist:item=3602242905&perks=1467527085,106909392,3017780555,2923251173
dimwishlist:item=3602242905&perks=1467527085,106909392,4223976499,31345821
dimwishlist:item=3602242905&perks=1467527085,106909392,4223976499,639190697
dimwishlist:item=3602242905&perks=1467527085,106909392,4223976499,460017080
dimwishlist:item=3602242905&perks=1467527085,106909392,4223976499,4045335048
dimwishlist:item=3602242905&perks=1467527085,106909392,4223976499,1015611457
dimwishlist:item=3602242905&perks=1467527085,106909392,4223976499,2923251173
dimwishlist:item=3602242905&perks=1467527085,106909392,247725512,31345821
dimwishlist:item=3602242905&perks=1467527085,106909392,247725512,639190697
dimwishlist:item=3602242905&perks=1467527085,106909392,247725512,460017080
dimwishlist:item=3602242905&perks=1467527085,106909392,247725512,4045335048
dimwishlist:item=3602242905&perks=1467527085,106909392,247725512,1015611457
dimwishlist:item=3602242905&perks=1467527085,106909392,247725512,2923251173
dimwishlist:item=3602242905&perks=1467527085,106909392,2938480696,31345821
dimwishlist:item=3602242905&perks=1467527085,106909392,2938480696,639190697
dimwishlist:item=3602242905&perks=1467527085,106909392,2938480696,460017080
dimwishlist:item=3602242905&perks=1467527085,106909392,2938480696,4045335048
dimwishlist:item=3602242905&perks=1467527085,106909392,2938480696,1015611457
dimwishlist:item=3602242905&perks=1467527085,106909392,2938480696,2923251173
dimwishlist:item=3602242905&perks=1467527085,106909392,2387244414,31345821
dimwishlist:item=3602242905&perks=1467527085,106909392,2387244414,639190697
dimwishlist:item=3602242905&perks=1467527085,106909392,2387244414,460017080
dimwishlist:item=3602242905&perks=1467527085,106909392,2387244414,4045335048
dimwishlist:item=3602242905&perks=1467527085,106909392,2387244414,1015611457
dimwishlist:item=3602242905&perks=1467527085,106909392,2387244414,2923251173
dimwishlist:item=3602242905&perks=1467527085,106909392,1748774930,31345821
dimwishlist:item=3602242905&perks=1467527085,106909392,1748774930,639190697
dimwishlist:item=3602242905&perks=1467527085,106909392,1748774930,460017080
dimwishlist:item=3602242905&perks=1467527085,106909392,1748774930,4045335048
dimwishlist:item=3602242905&perks=1467527085,106909392,1748774930,1015611457
dimwishlist:item=3602242905&perks=1467527085,106909392,1748774930,2923251173
dimwishlist:item=3602242905&perks=1467527085,1783397184,3017780555,31345821
dimwishlist:item=3602242905&perks=1467527085,1783397184,3017780555,639190697
dimwishlist:item=3602242905&perks=1467527085,1783397184,3017780555,460017080
dimwishlist:item=3602242905&perks=1467527085,1783397184,3017780555,4045335048
dimwishlist:item=3602242905&perks=1467527085,1783397184,3017780555,1015611457
dimwishlist:item=3602242905&perks=1467527085,1783397184,3017780555,2923251173
dimwishlist:item=3602242905&perks=1467527085,1783397184,4223976499,31345821
dimwishlist:item=3602242905&perks=1467527085,1783397184,4223976499,639190697
dimwishlist:item=3602242905&perks=1467527085,1783397184,4223976499,460017080
dimwishlist:item=3602242905&perks=1467527085,1783397184,4223976499,4045335048
dimwishlist:item=3602242905&perks=1467527085,1783397184,4223976499,1015611457
dimwishlist:item=3602242905&perks=1467527085,1783397184,4223976499,2923251173
dimwishlist:item=3602242905&perks=1467527085,1783397184,247725512,31345821
dimwishlist:item=3602242905&perks=1467527085,1783397184,247725512,639190697
dimwishlist:item=3602242905&perks=1467527085,1783397184,247725512,460017080
dimwishlist:item=3602242905&perks=1467527085,1783397184,247725512,4045335048
dimwishlist:item=3602242905&perks=1467527085,1783397184,247725512,1015611457
dimwishlist:item=3602242905&perks=1467527085,1783397184,247725512,2923251173
dimwishlist:item=3602242905&perks=1467527085,1783397184,2938480696,31345821
dimwishlist:item=3602242905&perks=1467527085,1783397184,2938480696,639190697
dimwishlist:item=3602242905&perks=1467527085,1783397184,2938480696,460017080
dimwishlist:item=3602242905&perks=1467527085,1783397184,2938480696,4045335048
dimwishlist:item=3602242905&perks=1467527085,1783397184,2938480696,1015611457
dimwishlist:item=3602242905&perks=1467527085,1783397184,2938480696,2923251173
dimwishlist:item=3602242905&perks=1467527085,1783397184,2387244414,31345821
dimwishlist:item=3602242905&perks=1467527085,1783397184,2387244414,639190697
dimwishlist:item=3602242905&perks=1467527085,1783397184,2387244414,460017080
dimwishlist:item=3602242905&perks=1467527085,1783397184,2387244414,4045335048
dimwishlist:item=3602242905&perks=1467527085,1783397184,2387244414,1015611457
dimwishlist:item=3602242905&perks=1467527085,1783397184,2387244414,2923251173
dimwishlist:item=3602242905&perks=1467527085,1783397184,1748774930,31345821
dimwishlist:item=3602242905&perks=1467527085,1783397184,1748774930,639190697
dimwishlist:item=3602242905&perks=1467527085,1783397184,1748774930,460017080
dimwishlist:item=3602242905&perks=1467527085,1783397184,1748774930,4045335048
dimwishlist:item=3602242905&perks=1467527085,1783397184,1748774930,1015611457
dimwishlist:item=3602242905&perks=1467527085,1783397184,1748774930,2923251173
dimwishlist:item=3602242905&perks=1932356121,3142289711,3017780555,31345821
dimwishlist:item=3602242905&perks=1932356121,3142289711,3017780555,639190697
dimwishlist:item=3602242905&perks=1932356121,3142289711,3017780555,460017080
dimwishlist:item=3602242905&perks=1932356121,3142289711,3017780555,4045335048
dimwishlist:item=3602242905&perks=1932356121,3142289711,3017780555,1015611457
dimwishlist:item=3602242905&perks=1932356121,3142289711,3017780555,2923251173
dimwishlist:item=3602242905&perks=1932356121,3142289711,4223976499,31345821
dimwishlist:item=3602242905&perks=1932356121,3142289711,4223976499,639190697
dimwishlist:item=3602242905&perks=1932356121,3142289711,4223976499,460017080
dimwishlist:item=3602242905&perks=1932356121,3142289711,4223976499,4045335048
dimwishlist:item=3602242905&perks=1932356121,3142289711,4223976499,1015611457
dimwishlist:item=3602242905&perks=1932356121,3142289711,4223976499,2923251173
dimwishlist:item=3602242905&perks=1932356121,3142289711,247725512,31345821
dimwishlist:item=3602242905&perks=1932356121,3142289711,247725512,639190697
dimwishlist:item=3602242905&perks=1932356121,3142289711,247725512,460017080
dimwishlist:item=3602242905&perks=1932356121,3142289711,247725512,4045335048
dimwishlist:item=3602242905&perks=1932356121,3142289711,247725512,1015611457
dimwishlist:item=3602242905&perks=1932356121,3142289711,247725512,2923251173
dimwishlist:item=3602242905&perks=1932356121,3142289711,2938480696,31345821
dimwishlist:item=3602242905&perks=1932356121,3142289711,2938480696,639190697
dimwishlist:item=3602242905&perks=1932356121,3142289711,2938480696,460017080
dimwishlist:item=3602242905&perks=1932356121,3142289711,2938480696,4045335048
dimwishlist:item=3602242905&perks=1932356121,3142289711,2938480696,1015611457
dimwishlist:item=3602242905&perks=1932356121,3142289711,2938480696,2923251173
dimwishlist:item=3602242905&perks=1932356121,3142289711,2387244414,31345821
dimwishlist:item=3602242905&perks=1932356121,3142289711,2387244414,639190697
dimwishlist:item=3602242905&perks=1932356121,3142289711,2387244414,460017080
dimwishlist:item=3602242905&perks=1932356121,3142289711,2387244414,4045335048
dimwishlist:item=3602242905&perks=1932356121,3142289711,2387244414,1015611457
dimwishlist:item=3602242905&perks=1932356121,3142289711,2387244414,2923251173
dimwishlist:item=3602242905&perks=1932356121,3142289711,1748774930,31345821
dimwishlist:item=3602242905&perks=1932356121,3142289711,1748774930,639190697
dimwishlist:item=3602242905&perks=1932356121,3142289711,1748774930,460017080
dimwishlist:item=3602242905&perks=1932356121,3142289711,1748774930,4045335048
dimwishlist:item=3602242905&perks=1932356121,3142289711,1748774930,1015611457
dimwishlist:item=3602242905&perks=1932356121,3142289711,1748774930,2923251173
dimwishlist:item=3602242905&perks=1932356121,3267421167,3017780555,31345821
dimwishlist:item=3602242905&perks=1932356121,3267421167,3017780555,639190697
dimwishlist:item=3602242905&perks=1932356121,3267421167,3017780555,460017080
dimwishlist:item=3602242905&perks=1932356121,3267421167,3017780555,4045335048
dimwishlist:item=3602242905&perks=1932356121,3267421167,3017780555,1015611457
dimwishlist:item=3602242905&perks=1932356121,3267421167,3017780555,2923251173
dimwishlist:item=3602242905&perks=1932356121,3267421167,4223976499,31345821
dimwishlist:item=3602242905&perks=1932356121,3267421167,4223976499,639190697
dimwishlist:item=3602242905&perks=1932356121,3267421167,4223976499,460017080
dimwishlist:item=3602242905&perks=1932356121,3267421167,4223976499,4045335048
dimwishlist:item=3602242905&perks=1932356121,3267421167,4223976499,1015611457
dimwishlist:item=3602242905&perks=1932356121,3267421167,4223976499,2923251173
dimwishlist:item=3602242905&perks=1932356121,3267421167,247725512,31345821
dimwishlist:item=3602242905&perks=1932356121,3267421167,247725512,639190697
dimwishlist:item=3602242905&perks=1932356121,3267421167,247725512,460017080
dimwishlist:item=3602242905&perks=1932356121,3267421167,247725512,4045335048
dimwishlist:item=3602242905&perks=1932356121,3267421167,247725512,1015611457
dimwishlist:item=3602242905&perks=1932356121,3267421167,247725512,2923251173
dimwishlist:item=3602242905&perks=1932356121,3267421167,2938480696,31345821
dimwishlist:item=3602242905&perks=1932356121,3267421167,2938480696,639190697
dimwishlist:item=3602242905&perks=1932356121,3267421167,2938480696,460017080
dimwishlist:item=3602242905&perks=1932356121,3267421167,2938480696,4045335048
dimwishlist:item=3602242905&perks=1932356121,3267421167,2938480696,1015611457
dimwishlist:item=3602242905&perks=1932356121,3267421167,2938480696,2923251173
dimwishlist:item=3602242905&perks=1932356121,3267421167,2387244414,31345821
dimwishlist:item=3602242905&perks=1932356121,3267421167,2387244414,639190697
dimwishlist:item=3602242905&perks=1932356121,3267421167,2387244414,460017080
dimwishlist:item=3602242905&perks=1932356121,3267421167,2387244414,4045335048
dimwishlist:item=3602242905&perks=1932356121,3267421167,2387244414,1015611457
dimwishlist:item=3602242905&perks=1932356121,3267421167,2387244414,2923251173
dimwishlist:item=3602242905&perks=1932356121,3267421167,1748774930,31345821
dimwishlist:item=3602242905&perks=1932356121,3267421167,1748774930,639190697
dimwishlist:item=3602242905&perks=1932356121,3267421167,1748774930,460017080
dimwishlist:item=3602242905&perks=1932356121,3267421167,1748774930,4045335048
dimwishlist:item=3602242905&perks=1932356121,3267421167,1748774930,1015611457
dimwishlist:item=3602242905&perks=1932356121,3267421167,1748774930,2923251173
dimwishlist:item=3602242905&perks=1932356121,3230963543,3017780555,31345821
dimwishlist:item=3602242905&perks=1932356121,3230963543,3017780555,639190697
dimwishlist:item=3602242905&perks=1932356121,3230963543,3017780555,460017080
dimwishlist:item=3602242905&perks=1932356121,3230963543,3017780555,4045335048
dimwishlist:item=3602242905&perks=1932356121,3230963543,3017780555,1015611457
dimwishlist:item=3602242905&perks=1932356121,3230963543,3017780555,2923251173
dimwishlist:item=3602242905&perks=1932356121,3230963543,4223976499,31345821
dimwishlist:item=3602242905&perks=1932356121,3230963543,4223976499,639190697
dimwishlist:item=3602242905&perks=1932356121,3230963543,4223976499,460017080
dimwishlist:item=3602242905&perks=1932356121,3230963543,4223976499,4045335048
dimwishlist:item=3602242905&perks=1932356121,3230963543,4223976499,1015611457
dimwishlist:item=3602242905&perks=1932356121,3230963543,4223976499,2923251173
dimwishlist:item=3602242905&perks=1932356121,3230963543,247725512,31345821
dimwishlist:item=3602242905&perks=1932356121,3230963543,247725512,639190697
dimwishlist:item=3602242905&perks=1932356121,3230963543,247725512,460017080
dimwishlist:item=3602242905&perks=1932356121,3230963543,247725512,4045335048
dimwishlist:item=3602242905&perks=1932356121,3230963543,247725512,1015611457
dimwishlist:item=3602242905&perks=1932356121,3230963543,247725512,2923251173
dimwishlist:item=3602242905&perks=1932356121,3230963543,2938480696,31345821
dimwishlist:item=3602242905&perks=1932356121,3230963543,2938480696,639190697
dimwishlist:item=3602242905&perks=1932356121,3230963543,2938480696,460017080
dimwishlist:item=3602242905&perks=1932356121,3230963543,2938480696,4045335048
dimwishlist:item=3602242905&perks=1932356121,3230963543,2938480696,1015611457
dimwishlist:item=3602242905&perks=1932356121,3230963543,2938480696,2923251173
dimwishlist:item=3602242905&perks=1932356121,3230963543,2387244414,31345821
dimwishlist:item=3602242905&perks=1932356121,3230963543,2387244414,639190697
dimwishlist:item=3602242905&perks=1932356121,3230963543,2387244414,460017080
dimwishlist:item=3602242905&perks=1932356121,3230963543,2387244414,4045335048
dimwishlist:item=3602242905&perks=1932356121,3230963543,2387244414,1015611457
dimwishlist:item=3602242905&perks=1932356121,3230963543,2387244414,2923251173
dimwishlist:item=3602242905&perks=1932356121,3230963543,1748774930,31345821
dimwishlist:item=3602242905&perks=1932356121,3230963543,1748774930,639190697
dimwishlist:item=3602242905&perks=1932356121,3230963543,1748774930,460017080
dimwishlist:item=3602242905&perks=1932356121,3230963543,1748774930,4045335048
dimwishlist:item=3602242905&perks=1932356121,3230963543,1748774930,1015611457
dimwishlist:item=3602242905&perks=1932356121,3230963543,1748774930,2923251173
dimwishlist:item=3602242905&perks=1932356121,1709045111,3017780555,31345821
dimwishlist:item=3602242905&perks=1932356121,1709045111,3017780555,639190697
dimwishlist:item=3602242905&perks=1932356121,1709045111,3017780555,460017080
dimwishlist:item=3602242905&perks=1932356121,1709045111,3017780555,4045335048
dimwishlist:item=3602242905&perks=1932356121,1709045111,3017780555,1015611457
dimwishlist:item=3602242905&perks=1932356121,1709045111,3017780555,2923251173
dimwishlist:item=3602242905&perks=1932356121,1709045111,4223976499,31345821
dimwishlist:item=3602242905&perks=1932356121,1709045111,4223976499,639190697
dimwishlist:item=3602242905&perks=1932356121,1709045111,4223976499,460017080
dimwishlist:item=3602242905&perks=1932356121,1709045111,4223976499,4045335048
dimwishlist:item=3602242905&perks=1932356121,1709045111,4223976499,1015611457
dimwishlist:item=3602242905&perks=1932356121,1709045111,4223976499,2923251173
dimwishlist:item=3602242905&perks=1932356121,1709045111,247725512,31345821
dimwishlist:item=3602242905&perks=1932356121,1709045111,247725512,639190697
dimwishlist:item=3602242905&perks=1932356121,1709045111,247725512,460017080
dimwishlist:item=3602242905&perks=1932356121,1709045111,247725512,4045335048
dimwishlist:item=3602242905&perks=1932356121,1709045111,247725512,1015611457
dimwishlist:item=3602242905&perks=1932356121,1709045111,247725512,2923251173
dimwishlist:item=3602242905&perks=1932356121,1709045111,2938480696,31345821
dimwishlist:item=3602242905&perks=1932356121,1709045111,2938480696,639190697
dimwishlist:item=3602242905&perks=1932356121,1709045111,2938480696,460017080
dimwishlist:item=3602242905&perks=1932356121,1709045111,2938480696,4045335048
dimwishlist:item=3602242905&perks=1932356121,1709045111,2938480696,1015611457
dimwishlist:item=3602242905&perks=1932356121,1709045111,2938480696,2923251173
dimwishlist:item=3602242905&perks=1932356121,1709045111,2387244414,31345821
dimwishlist:item=3602242905&perks=1932356121,1709045111,2387244414,639190697
dimwishlist:item=3602242905&perks=1932356121,1709045111,2387244414,460017080
dimwishlist:item=3602242905&perks=1932356121,1709045111,2387244414,4045335048
dimwishlist:item=3602242905&perks=1932356121,1709045111,2387244414,1015611457
dimwishlist:item=3602242905&perks=1932356121,1709045111,2387244414,2923251173
dimwishlist:item=3602242905&perks=1932356121,1709045111,1748774930,31345821
dimwishlist:item=3602242905&perks=1932356121,1709045111,1748774930,639190697
dimwishlist:item=3602242905&perks=1932356121,1709045111,1748774930,460017080
dimwishlist:item=3602242905&perks=1932356121,1709045111,1748774930,4045335048
dimwishlist:item=3602242905&perks=1932356121,1709045111,1748774930,1015611457
dimwishlist:item=3602242905&perks=1932356121,1709045111,1748774930,2923251173
dimwishlist:item=3602242905&perks=1932356121,106909392,3017780555,31345821
dimwishlist:item=3602242905&perks=1932356121,106909392,3017780555,639190697
dimwishlist:item=3602242905&perks=1932356121,106909392,3017780555,460017080
dimwishlist:item=3602242905&perks=1932356121,106909392,3017780555,4045335048
dimwishlist:item=3602242905&perks=1932356121,106909392,3017780555,1015611457
dimwishlist:item=3602242905&perks=1932356121,106909392,3017780555,2923251173
dimwishlist:item=3602242905&perks=1932356121,106909392,4223976499,31345821
dimwishlist:item=3602242905&perks=1932356121,106909392,4223976499,639190697
dimwishlist:item=3602242905&perks=1932356121,106909392,4223976499,460017080
dimwishlist:item=3602242905&perks=1932356121,106909392,4223976499,4045335048
dimwishlist:item=3602242905&perks=1932356121,106909392,4223976499,1015611457
dimwishlist:item=3602242905&perks=1932356121,106909392,4223976499,2923251173
dimwishlist:item=3602242905&perks=1932356121,106909392,247725512,31345821
dimwishlist:item=3602242905&perks=1932356121,106909392,247725512,639190697
dimwishlist:item=3602242905&perks=1932356121,106909392,247725512,460017080
dimwishlist:item=3602242905&perks=1932356121,106909392,247725512,4045335048
dimwishlist:item=3602242905&perks=1932356121,106909392,247725512,1015611457
dimwishlist:item=3602242905&perks=1932356121,106909392,247725512,2923251173
dimwishlist:item=3602242905&perks=1932356121,106909392,2938480696,31345821
dimwishlist:item=3602242905&perks=1932356121,106909392,2938480696,639190697
dimwishlist:item=3602242905&perks=1932356121,106909392,2938480696,460017080
dimwishlist:item=3602242905&perks=1932356121,106909392,2938480696,4045335048
dimwishlist:item=3602242905&perks=1932356121,106909392,2938480696,1015611457
dimwishlist:item=3602242905&perks=1932356121,106909392,2938480696,2923251173
dimwishlist:item=3602242905&perks=1932356121,106909392,2387244414,31345821
dimwishlist:item=3602242905&perks=1932356121,106909392,2387244414,639190697
dimwishlist:item=3602242905&perks=1932356121,106909392,2387244414,460017080
dimwishlist:item=3602242905&perks=1932356121,106909392,2387244414,4045335048
dimwishlist:item=3602242905&perks=1932356121,106909392,2387244414,1015611457
dimwishlist:item=3602242905&perks=1932356121,106909392,2387244414,2923251173
dimwishlist:item=3602242905&perks=1932356121,106909392,1748774930,31345821
dimwishlist:item=3602242905&perks=1932356121,106909392,1748774930,639190697
dimwishlist:item=3602242905&perks=1932356121,106909392,1748774930,460017080
dimwishlist:item=3602242905&perks=1932356121,106909392,1748774930,4045335048
dimwishlist:item=3602242905&perks=1932356121,106909392,1748774930,1015611457
dimwishlist:item=3602242905&perks=1932356121,106909392,1748774930,2923251173
dimwishlist:item=3602242905&perks=1932356121,1783397184,3017780555,31345821
dimwishlist:item=3602242905&perks=1932356121,1783397184,3017780555,639190697
dimwishlist:item=3602242905&perks=1932356121,1783397184,3017780555,460017080
dimwishlist:item=3602242905&perks=1932356121,1783397184,3017780555,4045335048
dimwishlist:item=3602242905&perks=1932356121,1783397184,3017780555,1015611457
dimwishlist:item=3602242905&perks=1932356121,1783397184,3017780555,2923251173
dimwishlist:item=3602242905&perks=1932356121,1783397184,4223976499,31345821
dimwishlist:item=3602242905&perks=1932356121,1783397184,4223976499,639190697
dimwishlist:item=3602242905&perks=1932356121,1783397184,4223976499,460017080
dimwishlist:item=3602242905&perks=1932356121,1783397184,4223976499,4045335048
dimwishlist:item=3602242905&perks=1932356121,1783397184,4223976499,1015611457
dimwishlist:item=3602242905&perks=1932356121,1783397184,4223976499,2923251173
dimwishlist:item=3602242905&perks=1932356121,1783397184,247725512,31345821
dimwishlist:item=3602242905&perks=1932356121,1783397184,247725512,639190697
dimwishlist:item=3602242905&perks=1932356121,1783397184,247725512,460017080
dimwishlist:item=3602242905&perks=1932356121,1783397184,247725512,4045335048
dimwishlist:item=3602242905&perks=1932356121,1783397184,247725512,1015611457
dimwishlist:item=3602242905&perks=1932356121,1783397184,247725512,2923251173
dimwishlist:item=3602242905&perks=1932356121,1783397184,2938480696,31345821
dimwishlist:item=3602242905&perks=1932356121,1783397184,2938480696,639190697
dimwishlist:item=3602242905&perks=1932356121,1783397184,2938480696,460017080
dimwishlist:item=3602242905&perks=1932356121,1783397184,2938480696,4045335048
dimwishlist:item=3602242905&perks=1932356121,1783397184,2938480696,1015611457
dimwishlist:item=3602242905&perks=1932356121,1783397184,2938480696,2923251173
dimwishlist:item=3602242905&perks=1932356121,1783397184,2387244414,31345821
dimwishlist:item=3602242905&perks=1932356121,1783397184,2387244414,639190697
dimwishlist:item=3602242905&perks=1932356121,1783397184,2387244414,460017080
dimwishlist:item=3602242905&perks=1932356121,1783397184,2387244414,4045335048
dimwishlist:item=3602242905&perks=1932356121,1783397184,2387244414,1015611457
dimwishlist:item=3602242905&perks=1932356121,1783397184,2387244414,2923251173
dimwishlist:item=3602242905&perks=1932356121,1783397184,1748774930,31345821
dimwishlist:item=3602242905&perks=1932356121,1783397184,1748774930,639190697
dimwishlist:item=3602242905&perks=1932356121,1783397184,1748774930,460017080
dimwishlist:item=3602242905&perks=1932356121,1783397184,1748774930,4045335048
dimwishlist:item=3602242905&perks=1932356121,1783397184,1748774930,1015611457
dimwishlist:item=3602242905&perks=1932356121,1783397184,1748774930,2923251173
dimwishlist:item=3602242905&perks=4090651448,3142289711,3017780555,31345821
dimwishlist:item=3602242905&perks=4090651448,3142289711,3017780555,639190697
dimwishlist:item=3602242905&perks=4090651448,3142289711,3017780555,460017080
dimwishlist:item=3602242905&perks=4090651448,3142289711,3017780555,4045335048
dimwishlist:item=3602242905&perks=4090651448,3142289711,3017780555,1015611457
dimwishlist:item=3602242905&perks=4090651448,3142289711,3017780555,2923251173
dimwishlist:item=3602242905&perks=4090651448,3142289711,4223976499,31345821
dimwishlist:item=3602242905&perks=4090651448,3142289711,4223976499,639190697
dimwishlist:item=3602242905&perks=4090651448,3142289711,4223976499,460017080
dimwishlist:item=3602242905&perks=4090651448,3142289711,4223976499,4045335048
dimwishlist:item=3602242905&perks=4090651448,3142289711,4223976499,1015611457
dimwishlist:item=3602242905&perks=4090651448,3142289711,4223976499,2923251173
dimwishlist:item=3602242905&perks=4090651448,3142289711,247725512,31345821
dimwishlist:item=3602242905&perks=4090651448,3142289711,247725512,639190697
dimwishlist:item=3602242905&perks=4090651448,3142289711,247725512,460017080
dimwishlist:item=3602242905&perks=4090651448,3142289711,247725512,4045335048
dimwishlist:item=3602242905&perks=4090651448,3142289711,247725512,1015611457
dimwishlist:item=3602242905&perks=4090651448,3142289711,247725512,2923251173
dimwishlist:item=3602242905&perks=4090651448,3142289711,2938480696,31345821
dimwishlist:item=3602242905&perks=4090651448,3142289711,2938480696,639190697
dimwishlist:item=3602242905&perks=4090651448,3142289711,2938480696,460017080
dimwishlist:item=3602242905&perks=4090651448,3142289711,2938480696,4045335048
dimwishlist:item=3602242905&perks=4090651448,3142289711,2938480696,1015611457
dimwishlist:item=3602242905&perks=4090651448,3142289711,2938480696,2923251173
dimwishlist:item=3602242905&perks=4090651448,3142289711,2387244414,31345821
dimwishlist:item=3602242905&perks=4090651448,3142289711,2387244414,639190697
dimwishlist:item=3602242905&perks=4090651448,3142289711,2387244414,460017080
dimwishlist:item=3602242905&perks=4090651448,3142289711,2387244414,4045335048
dimwishlist:item=3602242905&perks=4090651448,3142289711,2387244414,1015611457
dimwishlist:item=3602242905&perks=4090651448,3142289711,2387244414,2923251173
dimwishlist:item=3602242905&perks=4090651448,3142289711,1748774930,31345821
dimwishlist:item=3602242905&perks=4090651448,3142289711,1748774930,639190697
dimwishlist:item=3602242905&perks=4090651448,3142289711,1748774930,460017080
dimwishlist:item=3602242905&perks=4090651448,3142289711,1748774930,4045335048
dimwishlist:item=3602242905&perks=4090651448,3142289711,1748774930,1015611457
dimwishlist:item=3602242905&perks=4090651448,3142289711,1748774930,2923251173
dimwishlist:item=3602242905&perks=4090651448,3267421167,3017780555,31345821
dimwishlist:item=3602242905&perks=4090651448,3267421167,3017780555,639190697
dimwishlist:item=3602242905&perks=4090651448,3267421167,3017780555,460017080
dimwishlist:item=3602242905&perks=4090651448,3267421167,3017780555,4045335048
dimwishlist:item=3602242905&perks=4090651448,3267421167,3017780555,1015611457
dimwishlist:item=3602242905&perks=4090651448,3267421167,3017780555,2923251173
dimwishlist:item=3602242905&perks=4090651448,3267421167,4223976499,31345821
dimwishlist:item=3602242905&perks=4090651448,3267421167,4223976499,639190697
dimwishlist:item=3602242905&perks=4090651448,3267421167,4223976499,460017080
dimwishlist:item=3602242905&perks=4090651448,3267421167,4223976499,4045335048
dimwishlist:item=3602242905&perks=4090651448,3267421167,4223976499,1015611457
dimwishlist:item=3602242905&perks=4090651448,3267421167,4223976499,2923251173
dimwishlist:item=3602242905&perks=4090651448,3267421167,247725512,31345821
dimwishlist:item=3602242905&perks=4090651448,3267421167,247725512,639190697
dimwishlist:item=3602242905&perks=4090651448,3267421167,247725512,460017080
dimwishlist:item=3602242905&perks=4090651448,3267421167,247725512,4045335048
dimwishlist:item=3602242905&perks=4090651448,3267421167,247725512,1015611457
dimwishlist:item=3602242905&perks=4090651448,3267421167,247725512,2923251173
dimwishlist:item=3602242905&perks=4090651448,3267421167,2938480696,31345821
dimwishlist:item=3602242905&perks=4090651448,3267421167,2938480696,639190697
dimwishlist:item=3602242905&perks=4090651448,3267421167,2938480696,460017080
dimwishlist:item=3602242905&perks=4090651448,3267421167,2938480696,4045335048
dimwishlist:item=3602242905&perks=4090651448,3267421167,2938480696,1015611457
dimwishlist:item=3602242905&perks=4090651448,3267421167,2938480696,2923251173
dimwishlist:item=3602242905&perks=4090651448,3267421167,2387244414,31345821
dimwishlist:item=3602242905&perks=4090651448,3267421167,2387244414,639190697
dimwishlist:item=3602242905&perks=4090651448,3267421167,2387244414,460017080
dimwishlist:item=3602242905&perks=4090651448,3267421167,2387244414,4045335048
dimwishlist:item=3602242905&perks=4090651448,3267421167,2387244414,1015611457
dimwishlist:item=3602242905&perks=4090651448,3267421167,2387244414,2923251173
dimwishlist:item=3602242905&perks=4090651448,3267421167,1748774930,31345821
dimwishlist:item=3602242905&perks=4090651448,3267421167,1748774930,639190697
dimwishlist:item=3602242905&perks=4090651448,3267421167,1748774930,460017080
dimwishlist:item=3602242905&perks=4090651448,3267421167,1748774930,4045335048
dimwishlist:item=3602242905&perks=4090651448,3267421167,1748774930,1015611457
dimwishlist:item=3602242905&perks=4090651448,3267421167,1748774930,2923251173
dimwishlist:item=3602242905&perks=4090651448,3230963543,3017780555,31345821
dimwishlist:item=3602242905&perks=4090651448,3230963543,3017780555,639190697
dimwishlist:item=3602242905&perks=4090651448,3230963543,3017780555,460017080
dimwishlist:item=3602242905&perks=4090651448,3230963543,3017780555,4045335048
dimwishlist:item=3602242905&perks=4090651448,3230963543,3017780555,1015611457
dimwishlist:item=3602242905&perks=4090651448,3230963543,3017780555,2923251173
dimwishlist:item=3602242905&perks=4090651448,3230963543,4223976499,31345821
dimwishlist:item=3602242905&perks=4090651448,3230963543,4223976499,639190697
dimwishlist:item=3602242905&perks=4090651448,3230963543,4223976499,460017080
dimwishlist:item=3602242905&perks=4090651448,3230963543,4223976499,4045335048
dimwishlist:item=3602242905&perks=4090651448,3230963543,4223976499,1015611457
dimwishlist:item=3602242905&perks=4090651448,3230963543,4223976499,2923251173
dimwishlist:item=3602242905&perks=4090651448,3230963543,247725512,31345821
dimwishlist:item=3602242905&perks=4090651448,3230963543,247725512,639190697
dimwishlist:item=3602242905&perks=4090651448,3230963543,247725512,460017080
dimwishlist:item=3602242905&perks=4090651448,3230963543,247725512,4045335048
dimwishlist:item=3602242905&perks=4090651448,3230963543,247725512,1015611457
dimwishlist:item=3602242905&perks=4090651448,3230963543,247725512,2923251173
dimwishlist:item=3602242905&perks=4090651448,3230963543,2938480696,31345821
dimwishlist:item=3602242905&perks=4090651448,3230963543,2938480696,639190697
dimwishlist:item=3602242905&perks=4090651448,3230963543,2938480696,460017080
dimwishlist:item=3602242905&perks=4090651448,3230963543,2938480696,4045335048
dimwishlist:item=3602242905&perks=4090651448,3230963543,2938480696,1015611457
dimwishlist:item=3602242905&perks=4090651448,3230963543,2938480696,2923251173
dimwishlist:item=3602242905&perks=4090651448,3230963543,2387244414,31345821
dimwishlist:item=3602242905&perks=4090651448,3230963543,2387244414,639190697
dimwishlist:item=3602242905&perks=4090651448,3230963543,2387244414,460017080
dimwishlist:item=3602242905&perks=4090651448,3230963543,2387244414,4045335048
dimwishlist:item=3602242905&perks=4090651448,3230963543,2387244414,1015611457
dimwishlist:item=3602242905&perks=4090651448,3230963543,2387244414,2923251173
dimwishlist:item=3602242905&perks=4090651448,3230963543,1748774930,31345821
dimwishlist:item=3602242905&perks=4090651448,3230963543,1748774930,639190697
dimwishlist:item=3602242905&perks=4090651448,3230963543,1748774930,460017080
dimwishlist:item=3602242905&perks=4090651448,3230963543,1748774930,4045335048
dimwishlist:item=3602242905&perks=4090651448,3230963543,1748774930,1015611457
dimwishlist:item=3602242905&perks=4090651448,3230963543,1748774930,2923251173
dimwishlist:item=3602242905&perks=4090651448,1709045111,3017780555,31345821
dimwishlist:item=3602242905&perks=4090651448,1709045111,3017780555,639190697
dimwishlist:item=3602242905&perks=4090651448,1709045111,3017780555,460017080
dimwishlist:item=3602242905&perks=4090651448,1709045111,3017780555,4045335048
dimwishlist:item=3602242905&perks=4090651448,1709045111,3017780555,1015611457
dimwishlist:item=3602242905&perks=4090651448,1709045111,3017780555,2923251173
dimwishlist:item=3602242905&perks=4090651448,1709045111,4223976499,31345821
dimwishlist:item=3602242905&perks=4090651448,1709045111,4223976499,639190697
dimwishlist:item=3602242905&perks=4090651448,1709045111,4223976499,460017080
dimwishlist:item=3602242905&perks=4090651448,1709045111,4223976499,4045335048
dimwishlist:item=3602242905&perks=4090651448,1709045111,4223976499,1015611457
dimwishlist:item=3602242905&perks=4090651448,1709045111,4223976499,2923251173
dimwishlist:item=3602242905&perks=4090651448,1709045111,247725512,31345821
dimwishlist:item=3602242905&perks=4090651448,1709045111,247725512,639190697
dimwishlist:item=3602242905&perks=4090651448,1709045111,247725512,460017080
dimwishlist:item=3602242905&perks=4090651448,1709045111,247725512,4045335048
dimwishlist:item=3602242905&perks=4090651448,1709045111,247725512,1015611457
dimwishlist:item=3602242905&perks=4090651448,1709045111,247725512,2923251173
dimwishlist:item=3602242905&perks=4090651448,1709045111,2938480696,31345821
dimwishlist:item=3602242905&perks=4090651448,1709045111,2938480696,639190697
dimwishlist:item=3602242905&perks=4090651448,1709045111,2938480696,460017080
dimwishlist:item=3602242905&perks=4090651448,1709045111,2938480696,4045335048
dimwishlist:item=3602242905&perks=4090651448,1709045111,2938480696,1015611457
dimwishlist:item=3602242905&perks=4090651448,1709045111,2938480696,2923251173
dimwishlist:item=3602242905&perks=4090651448,1709045111,2387244414,31345821
dimwishlist:item=3602242905&perks=4090651448,1709045111,2387244414,639190697
dimwishlist:item=3602242905&perks=4090651448,1709045111,2387244414,460017080
dimwishlist:item=3602242905&perks=4090651448,1709045111,2387244414,4045335048
dimwishlist:item=3602242905&perks=4090651448,1709045111,2387244414,1015611457
dimwishlist:item=3602242905&perks=4090651448,1709045111,2387244414,2923251173
dimwishlist:item=3602242905&perks=4090651448,1709045111,1748774930,31345821
dimwishlist:item=3602242905&perks=4090651448,1709045111,1748774930,639190697
dimwishlist:item=3602242905&perks=4090651448,1709045111,1748774930,460017080
dimwishlist:item=3602242905&perks=4090651448,1709045111,1748774930,4045335048
dimwishlist:item=3602242905&perks=4090651448,1709045111,1748774930,1015611457
dimwishlist:item=3602242905&perks=4090651448,1709045111,1748774930,2923251173
dimwishlist:item=3602242905&perks=4090651448,106909392,3017780555,31345821
dimwishlist:item=3602242905&perks=4090651448,106909392,3017780555,639190697
dimwishlist:item=3602242905&perks=4090651448,106909392,3017780555,460017080
dimwishlist:item=3602242905&perks=4090651448,106909392,3017780555,4045335048
dimwishlist:item=3602242905&perks=4090651448,106909392,3017780555,1015611457
dimwishlist:item=3602242905&perks=4090651448,106909392,3017780555,2923251173
dimwishlist:item=3602242905&perks=4090651448,106909392,4223976499,31345821
dimwishlist:item=3602242905&perks=4090651448,106909392,4223976499,639190697
dimwishlist:item=3602242905&perks=4090651448,106909392,4223976499,460017080
dimwishlist:item=3602242905&perks=4090651448,106909392,4223976499,4045335048
dimwishlist:item=3602242905&perks=4090651448,106909392,4223976499,1015611457
dimwishlist:item=3602242905&perks=4090651448,106909392,4223976499,2923251173
dimwishlist:item=3602242905&perks=4090651448,106909392,247725512,31345821
dimwishlist:item=3602242905&perks=4090651448,106909392,247725512,639190697
dimwishlist:item=3602242905&perks=4090651448,106909392,247725512,460017080
dimwishlist:item=3602242905&perks=4090651448,106909392,247725512,4045335048
dimwishlist:item=3602242905&perks=4090651448,106909392,247725512,1015611457
dimwishlist:item=3602242905&perks=4090651448,106909392,247725512,2923251173
dimwishlist:item=3602242905&perks=4090651448,106909392,2938480696,31345821
dimwishlist:item=3602242905&perks=4090651448,106909392,2938480696,639190697
dimwishlist:item=3602242905&perks=4090651448,106909392,2938480696,460017080
dimwishlist:item=3602242905&perks=4090651448,106909392,2938480696,4045335048
dimwishlist:item=3602242905&perks=4090651448,106909392,2938480696,1015611457
dimwishlist:item=3602242905&perks=4090651448,106909392,2938480696,2923251173
dimwishlist:item=3602242905&perks=4090651448,106909392,2387244414,31345821
dimwishlist:item=3602242905&perks=4090651448,106909392,2387244414,639190697
dimwishlist:item=3602242905&perks=4090651448,106909392,2387244414,460017080
dimwishlist:item=3602242905&perks=4090651448,106909392,2387244414,4045335048
dimwishlist:item=3602242905&perks=4090651448,106909392,2387244414,1015611457
dimwishlist:item=3602242905&perks=4090651448,106909392,2387244414,2923251173
dimwishlist:item=3602242905&perks=4090651448,106909392,1748774930,31345821
dimwishlist:item=3602242905&perks=4090651448,106909392,1748774930,639190697
dimwishlist:item=3602242905&perks=4090651448,106909392,1748774930,460017080
dimwishlist:item=3602242905&perks=4090651448,106909392,1748774930,4045335048
dimwishlist:item=3602242905&perks=4090651448,106909392,1748774930,1015611457
dimwishlist:item=3602242905&perks=4090651448,106909392,1748774930,2923251173
dimwishlist:item=3602242905&perks=4090651448,1783397184,3017780555,31345821
dimwishlist:item=3602242905&perks=4090651448,1783397184,3017780555,639190697
dimwishlist:item=3602242905&perks=4090651448,1783397184,3017780555,460017080
dimwishlist:item=3602242905&perks=4090651448,1783397184,3017780555,4045335048
dimwishlist:item=3602242905&perks=4090651448,1783397184,3017780555,1015611457
dimwishlist:item=3602242905&perks=4090651448,1783397184,3017780555,2923251173
dimwishlist:item=3602242905&perks=4090651448,1783397184,4223976499,31345821
dimwishlist:item=3602242905&perks=4090651448,1783397184,4223976499,639190697
dimwishlist:item=3602242905&perks=4090651448,1783397184,4223976499,460017080
dimwishlist:item=3602242905&perks=4090651448,1783397184,4223976499,4045335048
dimwishlist:item=3602242905&perks=4090651448,1783397184,4223976499,1015611457
dimwishlist:item=3602242905&perks=4090651448,1783397184,4223976499,2923251173
dimwishlist:item=3602242905&perks=4090651448,1783397184,247725512,31345821
dimwishlist:item=3602242905&perks=4090651448,1783397184,247725512,639190697
dimwishlist:item=3602242905&perks=4090651448,1783397184,247725512,460017080
dimwishlist:item=3602242905&perks=4090651448,1783397184,247725512,4045335048
dimwishlist:item=3602242905&perks=4090651448,1783397184,247725512,1015611457
dimwishlist:item=3602242905&perks=4090651448,1783397184,247725512,2923251173
dimwishlist:item=3602242905&perks=4090651448,1783397184,2938480696,31345821
dimwishlist:item=3602242905&perks=4090651448,1783397184,2938480696,639190697
dimwishlist:item=3602242905&perks=4090651448,1783397184,2938480696,460017080
dimwishlist:item=3602242905&perks=4090651448,1783397184,2938480696,4045335048
dimwishlist:item=3602242905&perks=4090651448,1783397184,2938480696,1015611457
dimwishlist:item=3602242905&perks=4090651448,1783397184,2938480696,2923251173
dimwishlist:item=3602242905&perks=4090651448,1783397184,2387244414,31345821
dimwishlist:item=3602242905&perks=4090651448,1783397184,2387244414,639190697
dimwishlist:item=3602242905&perks=4090651448,1783397184,2387244414,460017080
dimwishlist:item=3602242905&perks=4090651448,1783397184,2387244414,4045335048
dimwishlist:item=3602242905&perks=4090651448,1783397184,2387244414,1015611457
dimwishlist:item=3602242905&perks=4090651448,1783397184,2387244414,2923251173
dimwishlist:item=3602242905&perks=4090651448,1783397184,1748774930,31345821
dimwishlist:item=3602242905&perks=4090651448,1783397184,1748774930,639190697
dimwishlist:item=3602242905&perks=4090651448,1783397184,1748774930,460017080
dimwishlist:item=3602242905&perks=4090651448,1783397184,1748774930,4045335048
dimwishlist:item=3602242905&perks=4090651448,1783397184,1748774930,1015611457
dimwishlist:item=3602242905&perks=4090651448,1783397184,1748774930,2923251173
dimwishlist:item=3602242905&perks=111235976,3142289711,3017780555,31345821
dimwishlist:item=3602242905&perks=111235976,3142289711,3017780555,639190697
dimwishlist:item=3602242905&perks=111235976,3142289711,3017780555,460017080
dimwishlist:item=3602242905&perks=111235976,3142289711,3017780555,4045335048
dimwishlist:item=3602242905&perks=111235976,3142289711,3017780555,1015611457
dimwishlist:item=3602242905&perks=111235976,3142289711,3017780555,2923251173
dimwishlist:item=3602242905&perks=111235976,3142289711,4223976499,31345821
dimwishlist:item=3602242905&perks=111235976,3142289711,4223976499,639190697
dimwishlist:item=3602242905&perks=111235976,3142289711,4223976499,460017080
dimwishlist:item=3602242905&perks=111235976,3142289711,4223976499,4045335048
dimwishlist:item=3602242905&perks=111235976,3142289711,4223976499,1015611457
dimwishlist:item=3602242905&perks=111235976,3142289711,4223976499,2923251173
dimwishlist:item=3602242905&perks=111235976,3142289711,247725512,31345821
dimwishlist:item=3602242905&perks=111235976,3142289711,247725512,639190697
dimwishlist:item=3602242905&perks=111235976,3142289711,247725512,460017080
dimwishlist:item=3602242905&perks=111235976,3142289711,247725512,4045335048
dimwishlist:item=3602242905&perks=111235976,3142289711,247725512,1015611457
dimwishlist:item=3602242905&perks=111235976,3142289711,247725512,2923251173
dimwishlist:item=3602242905&perks=111235976,3142289711,2938480696,31345821
dimwishlist:item=3602242905&perks=111235976,3142289711,2938480696,639190697
dimwishlist:item=3602242905&perks=111235976,3142289711,2938480696,460017080
dimwishlist:item=3602242905&perks=111235976,3142289711,2938480696,4045335048
dimwishlist:item=3602242905&perks=111235976,3142289711,2938480696,1015611457
dimwishlist:item=3602242905&perks=111235976,3142289711,2938480696,2923251173
dimwishlist:item=3602242905&perks=111235976,3142289711,2387244414,31345821
dimwishlist:item=3602242905&perks=111235976,3142289711,2387244414,639190697
dimwishlist:item=3602242905&perks=111235976,3142289711,2387244414,460017080
dimwishlist:item=3602242905&perks=111235976,3142289711,2387244414,4045335048
dimwishlist:item=3602242905&perks=111235976,3142289711,2387244414,1015611457
dimwishlist:item=3602242905&perks=111235976,3142289711,2387244414,2923251173
dimwishlist:item=3602242905&perks=111235976,3142289711,1748774930,31345821
dimwishlist:item=3602242905&perks=111235976,3142289711,1748774930,639190697
dimwishlist:item=3602242905&perks=111235976,3142289711,1748774930,460017080
dimwishlist:item=3602242905&perks=111235976,3142289711,1748774930,4045335048
dimwishlist:item=3602242905&perks=111235976,3142289711,1748774930,1015611457
dimwishlist:item=3602242905&perks=111235976,3142289711,1748774930,2923251173
dimwishlist:item=3602242905&perks=111235976,3267421167,3017780555,31345821
dimwishlist:item=3602242905&perks=111235976,3267421167,3017780555,639190697
dimwishlist:item=3602242905&perks=111235976,3267421167,3017780555,460017080
dimwishlist:item=3602242905&perks=111235976,3267421167,3017780555,4045335048
dimwishlist:item=3602242905&perks=111235976,3267421167,3017780555,1015611457
dimwishlist:item=3602242905&perks=111235976,3267421167,3017780555,2923251173
dimwishlist:item=3602242905&perks=111235976,3267421167,4223976499,31345821
dimwishlist:item=3602242905&perks=111235976,3267421167,4223976499,639190697
dimwishlist:item=3602242905&perks=111235976,3267421167,4223976499,460017080
dimwishlist:item=3602242905&perks=111235976,3267421167,4223976499,4045335048
dimwishlist:item=3602242905&perks=111235976,3267421167,4223976499,1015611457
dimwishlist:item=3602242905&perks=111235976,3267421167,4223976499,2923251173
dimwishlist:item=3602242905&perks=111235976,3267421167,247725512,31345821
dimwishlist:item=3602242905&perks=111235976,3267421167,247725512,639190697
dimwishlist:item=3602242905&perks=111235976,3267421167,247725512,460017080
dimwishlist:item=3602242905&perks=111235976,3267421167,247725512,4045335048
dimwishlist:item=3602242905&perks=111235976,3267421167,247725512,1015611457
dimwishlist:item=3602242905&perks=111235976,3267421167,247725512,2923251173
dimwishlist:item=3602242905&perks=111235976,3267421167,2938480696,31345821
dimwishlist:item=3602242905&perks=111235976,3267421167,2938480696,639190697
dimwishlist:item=3602242905&perks=111235976,3267421167,2938480696,460017080
dimwishlist:item=3602242905&perks=111235976,3267421167,2938480696,4045335048
dimwishlist:item=3602242905&perks=111235976,3267421167,2938480696,1015611457
dimwishlist:item=3602242905&perks=111235976,3267421167,2938480696,2923251173
dimwishlist:item=3602242905&perks=111235976,3267421167,2387244414,31345821
dimwishlist:item=3602242905&perks=111235976,3267421167,2387244414,639190697
dimwishlist:item=3602242905&perks=111235976,3267421167,2387244414,460017080
dimwishlist:item=3602242905&perks=111235976,3267421167,2387244414,4045335048
dimwishlist:item=3602242905&perks=111235976,3267421167,2387244414,1015611457
dimwishlist:item=3602242905&perks=111235976,3267421167,2387244414,2923251173
dimwishlist:item=3602242905&perks=111235976,3267421167,1748774930,31345821
dimwishlist:item=3602242905&perks=111235976,3267421167,1748774930,639190697
dimwishlist:item=3602242905&perks=111235976,3267421167,1748774930,460017080
dimwishlist:item=3602242905&perks=111235976,3267421167,1748774930,4045335048
dimwishlist:item=3602242905&perks=111235976,3267421167,1748774930,1015611457
dimwishlist:item=3602242905&perks=111235976,3267421167,1748774930,2923251173
dimwishlist:item=3602242905&perks=111235976,3230963543,3017780555,31345821
dimwishlist:item=3602242905&perks=111235976,3230963543,3017780555,639190697
dimwishlist:item=3602242905&perks=111235976,3230963543,3017780555,460017080
dimwishlist:item=3602242905&perks=111235976,3230963543,3017780555,4045335048
dimwishlist:item=3602242905&perks=111235976,3230963543,3017780555,1015611457
dimwishlist:item=3602242905&perks=111235976,3230963543,3017780555,2923251173
dimwishlist:item=3602242905&perks=111235976,3230963543,4223976499,31345821
dimwishlist:item=3602242905&perks=111235976,3230963543,4223976499,639190697
dimwishlist:item=3602242905&perks=111235976,3230963543,4223976499,460017080
dimwishlist:item=3602242905&perks=111235976,3230963543,4223976499,4045335048
dimwishlist:item=3602242905&perks=111235976,3230963543,4223976499,1015611457
dimwishlist:item=3602242905&perks=111235976,3230963543,4223976499,2923251173
dimwishlist:item=3602242905&perks=111235976,3230963543,247725512,31345821
dimwishlist:item=3602242905&perks=111235976,3230963543,247725512,639190697
dimwishlist:item=3602242905&perks=111235976,3230963543,247725512,460017080
dimwishlist:item=3602242905&perks=111235976,3230963543,247725512,4045335048
dimwishlist:item=3602242905&perks=111235976,3230963543,247725512,1015611457
dimwishlist:item=3602242905&perks=111235976,3230963543,247725512,2923251173
dimwishlist:item=3602242905&perks=111235976,3230963543,2938480696,31345821
dimwishlist:item=3602242905&perks=111235976,3230963543,2938480696,639190697
dimwishlist:item=3602242905&perks=111235976,3230963543,2938480696,460017080
dimwishlist:item=3602242905&perks=111235976,3230963543,2938480696,4045335048
dimwishlist:item=3602242905&perks=111235976,3230963543,2938480696,1015611457
dimwishlist:item=3602242905&perks=111235976,3230963543,2938480696,2923251173
dimwishlist:item=3602242905&perks=111235976,3230963543,2387244414,31345821
dimwishlist:item=3602242905&perks=111235976,3230963543,2387244414,639190697
dimwishlist:item=3602242905&perks=111235976,3230963543,2387244414,460017080
dimwishlist:item=3602242905&perks=111235976,3230963543,2387244414,4045335048
dimwishlist:item=3602242905&perks=111235976,3230963543,2387244414,1015611457
dimwishlist:item=3602242905&perks=111235976,3230963543,2387244414,2923251173
dimwishlist:item=3602242905&perks=111235976,3230963543,1748774930,31345821
dimwishlist:item=3602242905&perks=111235976,3230963543,1748774930,639190697
dimwishlist:item=3602242905&perks=111235976,3230963543,1748774930,460017080
dimwishlist:item=3602242905&perks=111235976,3230963543,1748774930,4045335048
dimwishlist:item=3602242905&perks=111235976,3230963543,1748774930,1015611457
dimwishlist:item=3602242905&perks=111235976,3230963543,1748774930,2923251173
dimwishlist:item=3602242905&perks=111235976,1709045111,3017780555,31345821
dimwishlist:item=3602242905&perks=111235976,1709045111,3017780555,639190697
dimwishlist:item=3602242905&perks=111235976,1709045111,3017780555,460017080
dimwishlist:item=3602242905&perks=111235976,1709045111,3017780555,4045335048
dimwishlist:item=3602242905&perks=111235976,1709045111,3017780555,1015611457
dimwishlist:item=3602242905&perks=111235976,1709045111,3017780555,2923251173
dimwishlist:item=3602242905&perks=111235976,1709045111,4223976499,31345821
dimwishlist:item=3602242905&perks=111235976,1709045111,4223976499,639190697
dimwishlist:item=3602242905&perks=111235976,1709045111,4223976499,460017080
dimwishlist:item=3602242905&perks=111235976,1709045111,4223976499,4045335048
dimwishlist:item=3602242905&perks=111235976,1709045111,4223976499,1015611457
dimwishlist:item=3602242905&perks=111235976,1709045111,4223976499,2923251173
dimwishlist:item=3602242905&perks=111235976,1709045111,247725512,31345821
dimwishlist:item=3602242905&perks=111235976,1709045111,247725512,639190697
dimwishlist:item=3602242905&perks=111235976,1709045111,247725512,460017080
dimwishlist:item=3602242905&perks=111235976,1709045111,247725512,4045335048
dimwishlist:item=3602242905&perks=111235976,1709045111,247725512,1015611457
dimwishlist:item=3602242905&perks=111235976,1709045111,247725512,2923251173
dimwishlist:item=3602242905&perks=111235976,1709045111,2938480696,31345821
dimwishlist:item=3602242905&perks=111235976,1709045111,2938480696,639190697
dimwishlist:item=3602242905&perks=111235976,1709045111,2938480696,460017080
dimwishlist:item=3602242905&perks=111235976,1709045111,2938480696,4045335048
dimwishlist:item=3602242905&perks=111235976,1709045111,2938480696,1015611457
dimwishlist:item=3602242905&perks=111235976,1709045111,2938480696,2923251173
dimwishlist:item=3602242905&perks=111235976,1709045111,2387244414,31345821
dimwishlist:item=3602242905&perks=111235976,1709045111,2387244414,639190697
dimwishlist:item=3602242905&perks=111235976,1709045111,2387244414,460017080
dimwishlist:item=3602242905&perks=111235976,1709045111,2387244414,4045335048
dimwishlist:item=3602242905&perks=111235976,1709045111,2387244414,1015611457
dimwishlist:item=3602242905&perks=111235976,1709045111,2387244414,2923251173
dimwishlist:item=3602242905&perks=111235976,1709045111,1748774930,31345821
dimwishlist:item=3602242905&perks=111235976,1709045111,1748774930,639190697
dimwishlist:item=3602242905&perks=111235976,1709045111,1748774930,460017080
dimwishlist:item=3602242905&perks=111235976,1709045111,1748774930,4045335048
dimwishlist:item=3602242905&perks=111235976,1709045111,1748774930,1015611457
dimwishlist:item=3602242905&perks=111235976,1709045111,1748774930,2923251173
dimwishlist:item=3602242905&perks=111235976,106909392,3017780555,31345821
dimwishlist:item=3602242905&perks=111235976,106909392,3017780555,639190697
dimwishlist:item=3602242905&perks=111235976,106909392,3017780555,460017080
dimwishlist:item=3602242905&perks=111235976,106909392,3017780555,4045335048
dimwishlist:item=3602242905&perks=111235976,106909392,3017780555,1015611457
dimwishlist:item=3602242905&perks=111235976,106909392,3017780555,2923251173
dimwishlist:item=3602242905&perks=111235976,106909392,4223976499,31345821
dimwishlist:item=3602242905&perks=111235976,106909392,4223976499,639190697
dimwishlist:item=3602242905&perks=111235976,106909392,4223976499,460017080
dimwishlist:item=3602242905&perks=111235976,106909392,4223976499,4045335048
dimwishlist:item=3602242905&perks=111235976,106909392,4223976499,1015611457
dimwishlist:item=3602242905&perks=111235976,106909392,4223976499,2923251173
dimwishlist:item=3602242905&perks=111235976,106909392,247725512,31345821
dimwishlist:item=3602242905&perks=111235976,106909392,247725512,639190697
dimwishlist:item=3602242905&perks=111235976,106909392,247725512,460017080
dimwishlist:item=3602242905&perks=111235976,106909392,247725512,4045335048
dimwishlist:item=3602242905&perks=111235976,106909392,247725512,1015611457
dimwishlist:item=3602242905&perks=111235976,106909392,247725512,2923251173
dimwishlist:item=3602242905&perks=111235976,106909392,2938480696,31345821
dimwishlist:item=3602242905&perks=111235976,106909392,2938480696,639190697
dimwishlist:item=3602242905&perks=111235976,106909392,2938480696,460017080
dimwishlist:item=3602242905&perks=111235976,106909392,2938480696,4045335048
dimwishlist:item=3602242905&perks=111235976,106909392,2938480696,1015611457
dimwishlist:item=3602242905&perks=111235976,106909392,2938480696,2923251173
dimwishlist:item=3602242905&perks=111235976,106909392,2387244414,31345821
dimwishlist:item=3602242905&perks=111235976,106909392,2387244414,639190697
dimwishlist:item=3602242905&perks=111235976,106909392,2387244414,460017080
dimwishlist:item=3602242905&perks=111235976,106909392,2387244414,4045335048
dimwishlist:item=3602242905&perks=111235976,106909392,2387244414,1015611457
dimwishlist:item=3602242905&perks=111235976,106909392,2387244414,2923251173
dimwishlist:item=3602242905&perks=111235976,106909392,1748774930,31345821
dimwishlist:item=3602242905&perks=111235976,106909392,1748774930,639190697
dimwishlist:item=3602242905&perks=111235976,106909392,1748774930,460017080
dimwishlist:item=3602242905&perks=111235976,106909392,1748774930,4045335048
dimwishlist:item=3602242905&perks=111235976,106909392,1748774930,1015611457
dimwishlist:item=3602242905&perks=111235976,106909392,1748774930,2923251173
dimwishlist:item=3602242905&perks=111235976,1783397184,3017780555,31345821
dimwishlist:item=3602242905&perks=111235976,1783397184,3017780555,639190697
dimwishlist:item=3602242905&perks=111235976,1783397184,3017780555,460017080
dimwishlist:item=3602242905&perks=111235976,1783397184,3017780555,4045335048
dimwishlist:item=3602242905&perks=111235976,1783397184,3017780555,1015611457
dimwishlist:item=3602242905&perks=111235976,1783397184,3017780555,2923251173
dimwishlist:item=3602242905&perks=111235976,1783397184,4223976499,31345821
dimwishlist:item=3602242905&perks=111235976,1783397184,4223976499,639190697
dimwishlist:item=3602242905&perks=111235976,1783397184,4223976499,460017080
dimwishlist:item=3602242905&perks=111235976,1783397184,4223976499,4045335048
dimwishlist:item=3602242905&perks=111235976,1783397184,4223976499,1015611457
dimwishlist:item=3602242905&perks=111235976,1783397184,4223976499,2923251173
dimwishlist:item=3602242905&perks=111235976,1783397184,247725512,31345821
dimwishlist:item=3602242905&perks=111235976,1783397184,247725512,639190697
dimwishlist:item=3602242905&perks=111235976,1783397184,247725512,460017080
dimwishlist:item=3602242905&perks=111235976,1783397184,247725512,4045335048
dimwishlist:item=3602242905&perks=111235976,1783397184,247725512,1015611457
dimwishlist:item=3602242905&perks=111235976,1783397184,247725512,2923251173
dimwishlist:item=3602242905&perks=111235976,1783397184,2938480696,31345821
dimwishlist:item=3602242905&perks=111235976,1783397184,2938480696,639190697
dimwishlist:item=3602242905&perks=111235976,1783397184,2938480696,460017080
dimwishlist:item=3602242905&perks=111235976,1783397184,2938480696,4045335048
dimwishlist:item=3602242905&perks=111235976,1783397184,2938480696,1015611457
dimwishlist:item=3602242905&perks=111235976,1783397184,2938480696,2923251173
dimwishlist:item=3602242905&perks=111235976,1783397184,2387244414,31345821
dimwishlist:item=3602242905&perks=111235976,1783397184,2387244414,639190697
dimwishlist:item=3602242905&perks=111235976,1783397184,2387244414,460017080
dimwishlist:item=3602242905&perks=111235976,1783397184,2387244414,4045335048
dimwishlist:item=3602242905&perks=111235976,1783397184,2387244414,1015611457
dimwishlist:item=3602242905&perks=111235976,1783397184,2387244414,2923251173
dimwishlist:item=3602242905&perks=111235976,1783397184,1748774930,31345821
dimwishlist:item=3602242905&perks=111235976,1783397184,1748774930,639190697
dimwishlist:item=3602242905&perks=111235976,1783397184,1748774930,460017080
dimwishlist:item=3602242905&perks=111235976,1783397184,1748774930,4045335048
dimwishlist:item=3602242905&perks=111235976,1783397184,1748774930,1015611457
dimwishlist:item=3602242905&perks=111235976,1783397184,1748774930,2923251173


// Stars in Shadow - PERKS PVP (god-pvp,pvp)
//notes: MW=RANGE>RELOAD>HANDLING>STABILITY tags:god-pvp,pvp
dimwishlist:item=3602242905&perks=3017780555,31345821
dimwishlist:item=3602242905&perks=3017780555,639190697
dimwishlist:item=3602242905&perks=3017780555,460017080
dimwishlist:item=3602242905&perks=3017780555,4045335048
dimwishlist:item=3602242905&perks=3017780555,1015611457
dimwishlist:item=3602242905&perks=3017780555,2923251173
dimwishlist:item=3602242905&perks=4223976499,31345821
dimwishlist:item=3602242905&perks=4223976499,639190697
dimwishlist:item=3602242905&perks=4223976499,460017080
dimwishlist:item=3602242905&perks=4223976499,4045335048
dimwishlist:item=3602242905&perks=4223976499,1015611457
dimwishlist:item=3602242905&perks=4223976499,2923251173
dimwishlist:item=3602242905&perks=247725512,31345821
dimwishlist:item=3602242905&perks=247725512,639190697
dimwishlist:item=3602242905&perks=247725512,460017080
dimwishlist:item=3602242905&perks=247725512,4045335048
dimwishlist:item=3602242905&perks=247725512,1015611457
dimwishlist:item=3602242905&perks=247725512,2923251173
dimwishlist:item=3602242905&perks=2938480696,31345821
dimwishlist:item=3602242905&perks=2938480696,639190697
dimwishlist:item=3602242905&perks=2938480696,460017080
dimwishlist:item=3602242905&perks=2938480696,4045335048
dimwishlist:item=3602242905&perks=2938480696,1015611457
dimwishlist:item=3602242905&perks=2938480696,2923251173
dimwishlist:item=3602242905&perks=2387244414,31345821
dimwishlist:item=3602242905&perks=2387244414,639190697
dimwishlist:item=3602242905&perks=2387244414,460017080
dimwishlist:item=3602242905&perks=2387244414,4045335048
dimwishlist:item=3602242905&perks=2387244414,1015611457
dimwishlist:item=3602242905&perks=2387244414,2923251173
dimwishlist:item=3602242905&perks=1748774930,31345821
dimwishlist:item=3602242905&perks=1748774930,639190697
dimwishlist:item=3602242905&perks=1748774930,460017080
dimwishlist:item=3602242905&perks=1748774930,4045335048
dimwishlist:item=3602242905&perks=1748774930,1015611457
dimwishlist:item=3602242905&perks=1748774930,2923251173


// MIDA Mini-Tool - GOD PVE (god-pve)
//notes: MW=RELOAD>RANGE>STABILITY>HANDLING tags:god-pve
dimwishlist:item=3946054154&perks=839105230,3230963543,3017780555,4293542123
dimwishlist:item=3946054154&perks=839105230,3230963543,3017780555,2675184851
dimwishlist:item=3946054154&perks=839105230,3230963543,3017780555,2890807135
dimwishlist:item=3946054154&perks=839105230,3230963543,3017780555,3581929919
dimwishlist:item=3946054154&perks=839105230,3230963543,3017780555,3081867624
dimwishlist:item=3946054154&perks=839105230,3230963543,3017780555,2963273944
dimwishlist:item=3946054154&perks=839105230,3230963543,3017780555,4104185692
dimwishlist:item=3946054154&perks=839105230,3230963543,3017780555,3007133316
dimwishlist:item=3946054154&perks=839105230,3230963543,4223976499,4293542123
dimwishlist:item=3946054154&perks=839105230,3230963543,4223976499,2675184851
dimwishlist:item=3946054154&perks=839105230,3230963543,4223976499,2890807135
dimwishlist:item=3946054154&perks=839105230,3230963543,4223976499,3581929919
dimwishlist:item=3946054154&perks=839105230,3230963543,4223976499,3081867624
dimwishlist:item=3946054154&perks=839105230,3230963543,4223976499,2963273944
dimwishlist:item=3946054154&perks=839105230,3230963543,4223976499,4104185692
dimwishlist:item=3946054154&perks=839105230,3230963543,4223976499,3007133316
dimwishlist:item=3946054154&perks=839105230,3230963543,243981275,4293542123
dimwishlist:item=3946054154&perks=839105230,3230963543,243981275,2675184851
dimwishlist:item=3946054154&perks=839105230,3230963543,243981275,2890807135
dimwishlist:item=3946054154&perks=839105230,3230963543,243981275,3581929919
dimwishlist:item=3946054154&perks=839105230,3230963543,243981275,3081867624
dimwishlist:item=3946054154&perks=839105230,3230963543,243981275,2963273944
dimwishlist:item=3946054154&perks=839105230,3230963543,243981275,4104185692
dimwishlist:item=3946054154&perks=839105230,3230963543,243981275,3007133316
dimwishlist:item=3946054154&perks=839105230,3230963543,984655331,4293542123
dimwishlist:item=3946054154&perks=839105230,3230963543,984655331,2675184851
dimwishlist:item=3946054154&perks=839105230,3230963543,984655331,2890807135
dimwishlist:item=3946054154&perks=839105230,3230963543,984655331,3581929919
dimwishlist:item=3946054154&perks=839105230,3230963543,984655331,3081867624
dimwishlist:item=3946054154&perks=839105230,3230963543,984655331,2963273944
dimwishlist:item=3946054154&perks=839105230,3230963543,984655331,4104185692
dimwishlist:item=3946054154&perks=839105230,3230963543,984655331,3007133316
dimwishlist:item=3946054154&perks=839105230,1709045111,3017780555,4293542123
dimwishlist:item=3946054154&perks=839105230,1709045111,3017780555,2675184851
dimwishlist:item=3946054154&perks=839105230,1709045111,3017780555,2890807135
dimwishlist:item=3946054154&perks=839105230,1709045111,3017780555,3581929919
dimwishlist:item=3946054154&perks=839105230,1709045111,3017780555,3081867624
dimwishlist:item=3946054154&perks=839105230,1709045111,3017780555,2963273944
dimwishlist:item=3946054154&perks=839105230,1709045111,3017780555,4104185692
dimwishlist:item=3946054154&perks=839105230,1709045111,3017780555,3007133316
dimwishlist:item=3946054154&perks=839105230,1709045111,4223976499,4293542123
dimwishlist:item=3946054154&perks=839105230,1709045111,4223976499,2675184851
dimwishlist:item=3946054154&perks=839105230,1709045111,4223976499,2890807135
dimwishlist:item=3946054154&perks=839105230,1709045111,4223976499,3581929919
dimwishlist:item=3946054154&perks=839105230,1709045111,4223976499,3081867624
dimwishlist:item=3946054154&perks=839105230,1709045111,4223976499,2963273944
dimwishlist:item=3946054154&perks=839105230,1709045111,4223976499,4104185692
dimwishlist:item=3946054154&perks=839105230,1709045111,4223976499,3007133316
dimwishlist:item=3946054154&perks=839105230,1709045111,243981275,4293542123
dimwishlist:item=3946054154&perks=839105230,1709045111,243981275,2675184851
dimwishlist:item=3946054154&perks=839105230,1709045111,243981275,2890807135
dimwishlist:item=3946054154&perks=839105230,1709045111,243981275,3581929919
dimwishlist:item=3946054154&perks=839105230,1709045111,243981275,3081867624
dimwishlist:item=3946054154&perks=839105230,1709045111,243981275,2963273944
dimwishlist:item=3946054154&perks=839105230,1709045111,243981275,4104185692
dimwishlist:item=3946054154&perks=839105230,1709045111,243981275,3007133316
dimwishlist:item=3946054154&perks=839105230,1709045111,984655331,4293542123
dimwishlist:item=3946054154&perks=839105230,1709045111,984655331,2675184851
dimwishlist:item=3946054154&perks=839105230,1709045111,984655331,2890807135
dimwishlist:item=3946054154&perks=839105230,1709045111,984655331,3581929919
dimwishlist:item=3946054154&perks=839105230,1709045111,984655331,3081867624
dimwishlist:item=3946054154&perks=839105230,1709045111,984655331,2963273944
dimwishlist:item=3946054154&perks=839105230,1709045111,984655331,4104185692
dimwishlist:item=3946054154&perks=839105230,1709045111,984655331,3007133316
dimwishlist:item=3946054154&perks=839105230,679225683,3017780555,4293542123
dimwishlist:item=3946054154&perks=839105230,679225683,3017780555,2675184851
dimwishlist:item=3946054154&perks=839105230,679225683,3017780555,2890807135
dimwishlist:item=3946054154&perks=839105230,679225683,3017780555,3581929919
dimwishlist:item=3946054154&perks=839105230,679225683,3017780555,3081867624
dimwishlist:item=3946054154&perks=839105230,679225683,3017780555,2963273944
dimwishlist:item=3946054154&perks=839105230,679225683,3017780555,4104185692
dimwishlist:item=3946054154&perks=839105230,679225683,3017780555,3007133316
dimwishlist:item=3946054154&perks=839105230,679225683,4223976499,4293542123
dimwishlist:item=3946054154&perks=839105230,679225683,4223976499,2675184851
dimwishlist:item=3946054154&perks=839105230,679225683,4223976499,2890807135
dimwishlist:item=3946054154&perks=839105230,679225683,4223976499,3581929919
dimwishlist:item=3946054154&perks=839105230,679225683,4223976499,3081867624
dimwishlist:item=3946054154&perks=839105230,679225683,4223976499,2963273944
dimwishlist:item=3946054154&perks=839105230,679225683,4223976499,4104185692
dimwishlist:item=3946054154&perks=839105230,679225683,4223976499,3007133316
dimwishlist:item=3946054154&perks=839105230,679225683,243981275,4293542123
dimwishlist:item=3946054154&perks=839105230,679225683,243981275,2675184851
dimwishlist:item=3946054154&perks=839105230,679225683,243981275,2890807135
dimwishlist:item=3946054154&perks=839105230,679225683,243981275,3581929919
dimwishlist:item=3946054154&perks=839105230,679225683,243981275,3081867624
dimwishlist:item=3946054154&perks=839105230,679225683,243981275,2963273944
dimwishlist:item=3946054154&perks=839105230,679225683,243981275,4104185692
dimwishlist:item=3946054154&perks=839105230,679225683,243981275,3007133316
dimwishlist:item=3946054154&perks=839105230,679225683,984655331,4293542123
dimwishlist:item=3946054154&perks=839105230,679225683,984655331,2675184851
dimwishlist:item=3946054154&perks=839105230,679225683,984655331,2890807135
dimwishlist:item=3946054154&perks=839105230,679225683,984655331,3581929919
dimwishlist:item=3946054154&perks=839105230,679225683,984655331,3081867624
dimwishlist:item=3946054154&perks=839105230,679225683,984655331,2963273944
dimwishlist:item=3946054154&perks=839105230,679225683,984655331,4104185692
dimwishlist:item=3946054154&perks=839105230,679225683,984655331,3007133316
dimwishlist:item=3946054154&perks=839105230,1807273211,3017780555,4293542123
dimwishlist:item=3946054154&perks=839105230,1807273211,3017780555,2675184851
dimwishlist:item=3946054154&perks=839105230,1807273211,3017780555,2890807135
dimwishlist:item=3946054154&perks=839105230,1807273211,3017780555,3581929919
dimwishlist:item=3946054154&perks=839105230,1807273211,3017780555,3081867624
dimwishlist:item=3946054154&perks=839105230,1807273211,3017780555,2963273944
dimwishlist:item=3946054154&perks=839105230,1807273211,3017780555,4104185692
dimwishlist:item=3946054154&perks=839105230,1807273211,3017780555,3007133316
dimwishlist:item=3946054154&perks=839105230,1807273211,4223976499,4293542123
dimwishlist:item=3946054154&perks=839105230,1807273211,4223976499,2675184851
dimwishlist:item=3946054154&perks=839105230,1807273211,4223976499,2890807135
dimwishlist:item=3946054154&perks=839105230,1807273211,4223976499,3581929919
dimwishlist:item=3946054154&perks=839105230,1807273211,4223976499,3081867624
dimwishlist:item=3946054154&perks=839105230,1807273211,4223976499,2963273944
dimwishlist:item=3946054154&perks=839105230,1807273211,4223976499,4104185692
dimwishlist:item=3946054154&perks=839105230,1807273211,4223976499,3007133316
dimwishlist:item=3946054154&perks=839105230,1807273211,243981275,4293542123
dimwishlist:item=3946054154&perks=839105230,1807273211,243981275,2675184851
dimwishlist:item=3946054154&perks=839105230,1807273211,243981275,2890807135
dimwishlist:item=3946054154&perks=839105230,1807273211,243981275,3581929919
dimwishlist:item=3946054154&perks=839105230,1807273211,243981275,3081867624
dimwishlist:item=3946054154&perks=839105230,1807273211,243981275,2963273944
dimwishlist:item=3946054154&perks=839105230,1807273211,243981275,4104185692
dimwishlist:item=3946054154&perks=839105230,1807273211,243981275,3007133316
dimwishlist:item=3946054154&perks=839105230,1807273211,984655331,4293542123
dimwishlist:item=3946054154&perks=839105230,1807273211,984655331,2675184851
dimwishlist:item=3946054154&perks=839105230,1807273211,984655331,2890807135
dimwishlist:item=3946054154&perks=839105230,1807273211,984655331,3581929919
dimwishlist:item=3946054154&perks=839105230,1807273211,984655331,3081867624
dimwishlist:item=3946054154&perks=839105230,1807273211,984655331,2963273944
dimwishlist:item=3946054154&perks=839105230,1807273211,984655331,4104185692
dimwishlist:item=3946054154&perks=839105230,1807273211,984655331,3007133316
dimwishlist:item=3946054154&perks=839105230,1885400500,3017780555,4293542123
dimwishlist:item=3946054154&perks=839105230,1885400500,3017780555,2675184851
dimwishlist:item=3946054154&perks=839105230,1885400500,3017780555,2890807135
dimwishlist:item=3946054154&perks=839105230,1885400500,3017780555,3581929919
dimwishlist:item=3946054154&perks=839105230,1885400500,3017780555,3081867624
dimwishlist:item=3946054154&perks=839105230,1885400500,3017780555,2963273944
dimwishlist:item=3946054154&perks=839105230,1885400500,3017780555,4104185692
dimwishlist:item=3946054154&perks=839105230,1885400500,3017780555,3007133316
dimwishlist:item=3946054154&perks=839105230,1885400500,4223976499,4293542123
dimwishlist:item=3946054154&perks=839105230,1885400500,4223976499,2675184851
dimwishlist:item=3946054154&perks=839105230,1885400500,4223976499,2890807135
dimwishlist:item=3946054154&perks=839105230,1885400500,4223976499,3581929919
dimwishlist:item=3946054154&perks=839105230,1885400500,4223976499,3081867624
dimwishlist:item=3946054154&perks=839105230,1885400500,4223976499,2963273944
dimwishlist:item=3946054154&perks=839105230,1885400500,4223976499,4104185692
dimwishlist:item=3946054154&perks=839105230,1885400500,4223976499,3007133316
dimwishlist:item=3946054154&perks=839105230,1885400500,243981275,4293542123
dimwishlist:item=3946054154&perks=839105230,1885400500,243981275,2675184851
dimwishlist:item=3946054154&perks=839105230,1885400500,243981275,2890807135
dimwishlist:item=3946054154&perks=839105230,1885400500,243981275,3581929919
dimwishlist:item=3946054154&perks=839105230,1885400500,243981275,3081867624
dimwishlist:item=3946054154&perks=839105230,1885400500,243981275,2963273944
dimwishlist:item=3946054154&perks=839105230,1885400500,243981275,4104185692
dimwishlist:item=3946054154&perks=839105230,1885400500,243981275,3007133316
dimwishlist:item=3946054154&perks=839105230,1885400500,984655331,4293542123
dimwishlist:item=3946054154&perks=839105230,1885400500,984655331,2675184851
dimwishlist:item=3946054154&perks=839105230,1885400500,984655331,2890807135
dimwishlist:item=3946054154&perks=839105230,1885400500,984655331,3581929919
dimwishlist:item=3946054154&perks=839105230,1885400500,984655331,3081867624
dimwishlist:item=3946054154&perks=839105230,1885400500,984655331,2963273944
dimwishlist:item=3946054154&perks=839105230,1885400500,984655331,4104185692
dimwishlist:item=3946054154&perks=839105230,1885400500,984655331,3007133316
dimwishlist:item=3946054154&perks=839105230,1968098204,3017780555,4293542123
dimwishlist:item=3946054154&perks=839105230,1968098204,3017780555,2675184851
dimwishlist:item=3946054154&perks=839105230,1968098204,3017780555,2890807135
dimwishlist:item=3946054154&perks=839105230,1968098204,3017780555,3581929919
dimwishlist:item=3946054154&perks=839105230,1968098204,3017780555,3081867624
dimwishlist:item=3946054154&perks=839105230,1968098204,3017780555,2963273944
dimwishlist:item=3946054154&perks=839105230,1968098204,3017780555,4104185692
dimwishlist:item=3946054154&perks=839105230,1968098204,3017780555,3007133316
dimwishlist:item=3946054154&perks=839105230,1968098204,4223976499,4293542123
dimwishlist:item=3946054154&perks=839105230,1968098204,4223976499,2675184851
dimwishlist:item=3946054154&perks=839105230,1968098204,4223976499,2890807135
dimwishlist:item=3946054154&perks=839105230,1968098204,4223976499,3581929919
dimwishlist:item=3946054154&perks=839105230,1968098204,4223976499,3081867624
dimwishlist:item=3946054154&perks=839105230,1968098204,4223976499,2963273944
dimwishlist:item=3946054154&perks=839105230,1968098204,4223976499,4104185692
dimwishlist:item=3946054154&perks=839105230,1968098204,4223976499,3007133316
dimwishlist:item=3946054154&perks=839105230,1968098204,243981275,4293542123
dimwishlist:item=3946054154&perks=839105230,1968098204,243981275,2675184851
dimwishlist:item=3946054154&perks=839105230,1968098204,243981275,2890807135
dimwishlist:item=3946054154&perks=839105230,1968098204,243981275,3581929919
dimwishlist:item=3946054154&perks=839105230,1968098204,243981275,3081867624
dimwishlist:item=3946054154&perks=839105230,1968098204,243981275,2963273944
dimwishlist:item=3946054154&perks=839105230,1968098204,243981275,4104185692
dimwishlist:item=3946054154&perks=839105230,1968098204,243981275,3007133316
dimwishlist:item=3946054154&perks=839105230,1968098204,984655331,4293542123
dimwishlist:item=3946054154&perks=839105230,1968098204,984655331,2675184851
dimwishlist:item=3946054154&perks=839105230,1968098204,984655331,2890807135
dimwishlist:item=3946054154&perks=839105230,1968098204,984655331,3581929919
dimwishlist:item=3946054154&perks=839105230,1968098204,984655331,3081867624
dimwishlist:item=3946054154&perks=839105230,1968098204,984655331,2963273944
dimwishlist:item=3946054154&perks=839105230,1968098204,984655331,4104185692
dimwishlist:item=3946054154&perks=839105230,1968098204,984655331,3007133316
dimwishlist:item=3946054154&perks=3048246338,3230963543,3017780555,4293542123
dimwishlist:item=3946054154&perks=3048246338,3230963543,3017780555,2675184851
dimwishlist:item=3946054154&perks=3048246338,3230963543,3017780555,2890807135
dimwishlist:item=3946054154&perks=3048246338,3230963543,3017780555,3581929919
dimwishlist:item=3946054154&perks=3048246338,3230963543,3017780555,3081867624
dimwishlist:item=3946054154&perks=3048246338,3230963543,3017780555,2963273944
dimwishlist:item=3946054154&perks=3048246338,3230963543,3017780555,4104185692
dimwishlist:item=3946054154&perks=3048246338,3230963543,3017780555,3007133316
dimwishlist:item=3946054154&perks=3048246338,3230963543,4223976499,4293542123
dimwishlist:item=3946054154&perks=3048246338,3230963543,4223976499,2675184851
dimwishlist:item=3946054154&perks=3048246338,3230963543,4223976499,2890807135
dimwishlist:item=3946054154&perks=3048246338,3230963543,4223976499,3581929919
dimwishlist:item=3946054154&perks=3048246338,3230963543,4223976499,3081867624
dimwishlist:item=3946054154&perks=3048246338,3230963543,4223976499,2963273944
dimwishlist:item=3946054154&perks=3048246338,3230963543,4223976499,4104185692
dimwishlist:item=3946054154&perks=3048246338,3230963543,4223976499,3007133316
dimwishlist:item=3946054154&perks=3048246338,3230963543,243981275,4293542123
dimwishlist:item=3946054154&perks=3048246338,3230963543,243981275,2675184851
dimwishlist:item=3946054154&perks=3048246338,3230963543,243981275,2890807135
dimwishlist:item=3946054154&perks=3048246338,3230963543,243981275,3581929919
dimwishlist:item=3946054154&perks=3048246338,3230963543,243981275,3081867624
dimwishlist:item=3946054154&perks=3048246338,3230963543,243981275,2963273944
dimwishlist:item=3946054154&perks=3048246338,3230963543,243981275,4104185692
dimwishlist:item=3946054154&perks=3048246338,3230963543,243981275,3007133316
dimwishlist:item=3946054154&perks=3048246338,3230963543,984655331,4293542123
dimwishlist:item=3946054154&perks=3048246338,3230963543,984655331,2675184851
dimwishlist:item=3946054154&perks=3048246338,3230963543,984655331,2890807135
dimwishlist:item=3946054154&perks=3048246338,3230963543,984655331,3581929919
dimwishlist:item=3946054154&perks=3048246338,3230963543,984655331,3081867624
dimwishlist:item=3946054154&perks=3048246338,3230963543,984655331,2963273944
dimwishlist:item=3946054154&perks=3048246338,3230963543,984655331,4104185692
dimwishlist:item=3946054154&perks=3048246338,3230963543,984655331,3007133316
dimwishlist:item=3946054154&perks=3048246338,1709045111,3017780555,4293542123
dimwishlist:item=3946054154&perks=3048246338,1709045111,3017780555,2675184851
dimwishlist:item=3946054154&perks=3048246338,1709045111,3017780555,2890807135
dimwishlist:item=3946054154&perks=3048246338,1709045111,3017780555,3581929919
dimwishlist:item=3946054154&perks=3048246338,1709045111,3017780555,3081867624
dimwishlist:item=3946054154&perks=3048246338,1709045111,3017780555,2963273944
dimwishlist:item=3946054154&perks=3048246338,1709045111,3017780555,4104185692
dimwishlist:item=3946054154&perks=3048246338,1709045111,3017780555,3007133316
dimwishlist:item=3946054154&perks=3048246338,1709045111,4223976499,4293542123
dimwishlist:item=3946054154&perks=3048246338,1709045111,4223976499,2675184851
dimwishlist:item=3946054154&perks=3048246338,1709045111,4223976499,2890807135
dimwishlist:item=3946054154&perks=3048246338,1709045111,4223976499,3581929919
dimwishlist:item=3946054154&perks=3048246338,1709045111,4223976499,3081867624
dimwishlist:item=3946054154&perks=3048246338,1709045111,4223976499,2963273944
dimwishlist:item=3946054154&perks=3048246338,1709045111,4223976499,4104185692
dimwishlist:item=3946054154&perks=3048246338,1709045111,4223976499,3007133316
dimwishlist:item=3946054154&perks=3048246338,1709045111,243981275,4293542123
dimwishlist:item=3946054154&perks=3048246338,1709045111,243981275,2675184851
dimwishlist:item=3946054154&perks=3048246338,1709045111,243981275,2890807135
dimwishlist:item=3946054154&perks=3048246338,1709045111,243981275,3581929919
dimwishlist:item=3946054154&perks=3048246338,1709045111,243981275,3081867624
dimwishlist:item=3946054154&perks=3048246338,1709045111,243981275,2963273944
dimwishlist:item=3946054154&perks=3048246338,1709045111,243981275,4104185692
dimwishlist:item=3946054154&perks=3048246338,1709045111,243981275,3007133316
dimwishlist:item=3946054154&perks=3048246338,1709045111,984655331,4293542123
dimwishlist:item=3946054154&perks=3048246338,1709045111,984655331,2675184851
dimwishlist:item=3946054154&perks=3048246338,1709045111,984655331,2890807135
dimwishlist:item=3946054154&perks=3048246338,1709045111,984655331,3581929919
dimwishlist:item=3946054154&perks=3048246338,1709045111,984655331,3081867624
dimwishlist:item=3946054154&perks=3048246338,1709045111,984655331,2963273944
dimwishlist:item=3946054154&perks=3048246338,1709045111,984655331,4104185692
dimwishlist:item=3946054154&perks=3048246338,1709045111,984655331,3007133316
dimwishlist:item=3946054154&perks=3048246338,679225683,3017780555,4293542123
dimwishlist:item=3946054154&perks=3048246338,679225683,3017780555,2675184851
dimwishlist:item=3946054154&perks=3048246338,679225683,3017780555,2890807135
dimwishlist:item=3946054154&perks=3048246338,679225683,3017780555,3581929919
dimwishlist:item=3946054154&perks=3048246338,679225683,3017780555,3081867624
dimwishlist:item=3946054154&perks=3048246338,679225683,3017780555,2963273944
dimwishlist:item=3946054154&perks=3048246338,679225683,3017780555,4104185692
dimwishlist:item=3946054154&perks=3048246338,679225683,3017780555,3007133316
dimwishlist:item=3946054154&perks=3048246338,679225683,4223976499,4293542123
dimwishlist:item=3946054154&perks=3048246338,679225683,4223976499,2675184851
dimwishlist:item=3946054154&perks=3048246338,679225683,4223976499,2890807135
dimwishlist:item=3946054154&perks=3048246338,679225683,4223976499,3581929919
dimwishlist:item=3946054154&perks=3048246338,679225683,4223976499,3081867624
dimwishlist:item=3946054154&perks=3048246338,679225683,4223976499,2963273944
dimwishlist:item=3946054154&perks=3048246338,679225683,4223976499,4104185692
dimwishlist:item=3946054154&perks=3048246338,679225683,4223976499,3007133316
dimwishlist:item=3946054154&perks=3048246338,679225683,243981275,4293542123
dimwishlist:item=3946054154&perks=3048246338,679225683,243981275,2675184851
dimwishlist:item=3946054154&perks=3048246338,679225683,243981275,2890807135
dimwishlist:item=3946054154&perks=3048246338,679225683,243981275,3581929919
dimwishlist:item=3946054154&perks=3048246338,679225683,243981275,3081867624
dimwishlist:item=3946054154&perks=3048246338,679225683,243981275,2963273944
dimwishlist:item=3946054154&perks=3048246338,679225683,243981275,4104185692
dimwishlist:item=3946054154&perks=3048246338,679225683,243981275,3007133316
dimwishlist:item=3946054154&perks=3048246338,679225683,984655331,4293542123
dimwishlist:item=3946054154&perks=3048246338,679225683,984655331,2675184851
dimwishlist:item=3946054154&perks=3048246338,679225683,984655331,2890807135
dimwishlist:item=3946054154&perks=3048246338,679225683,984655331,3581929919
dimwishlist:item=3946054154&perks=3048246338,679225683,984655331,3081867624
dimwishlist:item=3946054154&perks=3048246338,679225683,984655331,2963273944
dimwishlist:item=3946054154&perks=3048246338,679225683,984655331,4104185692
dimwishlist:item=3946054154&perks=3048246338,679225683,984655331,3007133316
dimwishlist:item=3946054154&perks=3048246338,1807273211,3017780555,4293542123
dimwishlist:item=3946054154&perks=3048246338,1807273211,3017780555,2675184851
dimwishlist:item=3946054154&perks=3048246338,1807273211,3017780555,2890807135
dimwishlist:item=3946054154&perks=3048246338,1807273211,3017780555,3581929919
dimwishlist:item=3946054154&perks=3048246338,1807273211,3017780555,3081867624
dimwishlist:item=3946054154&perks=3048246338,1807273211,3017780555,2963273944
dimwishlist:item=3946054154&perks=3048246338,1807273211,3017780555,4104185692
dimwishlist:item=3946054154&perks=3048246338,1807273211,3017780555,3007133316
dimwishlist:item=3946054154&perks=3048246338,1807273211,4223976499,4293542123
dimwishlist:item=3946054154&perks=3048246338,1807273211,4223976499,2675184851
dimwishlist:item=3946054154&perks=3048246338,1807273211,4223976499,2890807135
dimwishlist:item=3946054154&perks=3048246338,1807273211,4223976499,3581929919
dimwishlist:item=3946054154&perks=3048246338,1807273211,4223976499,3081867624
dimwishlist:item=3946054154&perks=3048246338,1807273211,4223976499,2963273944
dimwishlist:item=3946054154&perks=3048246338,1807273211,4223976499,4104185692
dimwishlist:item=3946054154&perks=3048246338,1807273211,4223976499,3007133316
dimwishlist:item=3946054154&perks=3048246338,1807273211,243981275,4293542123
dimwishlist:item=3946054154&perks=3048246338,1807273211,243981275,2675184851
dimwishlist:item=3946054154&perks=3048246338,1807273211,243981275,2890807135
dimwishlist:item=3946054154&perks=3048246338,1807273211,243981275,3581929919
dimwishlist:item=3946054154&perks=3048246338,1807273211,243981275,3081867624
dimwishlist:item=3946054154&perks=3048246338,1807273211,243981275,2963273944
dimwishlist:item=3946054154&perks=3048246338,1807273211,243981275,4104185692
dimwishlist:item=3946054154&perks=3048246338,1807273211,243981275,3007133316
dimwishlist:item=3946054154&perks=3048246338,1807273211,984655331,4293542123
dimwishlist:item=3946054154&perks=3048246338,1807273211,984655331,2675184851
dimwishlist:item=3946054154&perks=3048246338,1807273211,984655331,2890807135
dimwishlist:item=3946054154&perks=3048246338,1807273211,984655331,3581929919
dimwishlist:item=3946054154&perks=3048246338,1807273211,984655331,3081867624
dimwishlist:item=3946054154&perks=3048246338,1807273211,984655331,2963273944
dimwishlist:item=3946054154&perks=3048246338,1807273211,984655331,4104185692
dimwishlist:item=3946054154&perks=3048246338,1807273211,984655331,3007133316
dimwishlist:item=3946054154&perks=3048246338,1885400500,3017780555,4293542123
dimwishlist:item=3946054154&perks=3048246338,1885400500,3017780555,2675184851
dimwishlist:item=3946054154&perks=3048246338,1885400500,3017780555,2890807135
dimwishlist:item=3946054154&perks=3048246338,1885400500,3017780555,3581929919
dimwishlist:item=3946054154&perks=3048246338,1885400500,3017780555,3081867624
dimwishlist:item=3946054154&perks=3048246338,1885400500,3017780555,2963273944
dimwishlist:item=3946054154&perks=3048246338,1885400500,3017780555,4104185692
dimwishlist:item=3946054154&perks=3048246338,1885400500,3017780555,3007133316
dimwishlist:item=3946054154&perks=3048246338,1885400500,4223976499,4293542123
dimwishlist:item=3946054154&perks=3048246338,1885400500,4223976499,2675184851
dimwishlist:item=3946054154&perks=3048246338,1885400500,4223976499,2890807135
dimwishlist:item=3946054154&perks=3048246338,1885400500,4223976499,3581929919
dimwishlist:item=3946054154&perks=3048246338,1885400500,4223976499,3081867624
dimwishlist:item=3946054154&perks=3048246338,1885400500,4223976499,2963273944
dimwishlist:item=3946054154&perks=3048246338,1885400500,4223976499,4104185692
dimwishlist:item=3946054154&perks=3048246338,1885400500,4223976499,3007133316
dimwishlist:item=3946054154&perks=3048246338,1885400500,243981275,4293542123
dimwishlist:item=3946054154&perks=3048246338,1885400500,243981275,2675184851
dimwishlist:item=3946054154&perks=3048246338,1885400500,243981275,2890807135
dimwishlist:item=3946054154&perks=3048246338,1885400500,243981275,3581929919
dimwishlist:item=3946054154&perks=3048246338,1885400500,243981275,3081867624
dimwishlist:item=3946054154&perks=3048246338,1885400500,243981275,2963273944
dimwishlist:item=3946054154&perks=3048246338,1885400500,243981275,4104185692
dimwishlist:item=3946054154&perks=3048246338,1885400500,243981275,3007133316
dimwishlist:item=3946054154&perks=3048246338,1885400500,984655331,4293542123
dimwishlist:item=3946054154&perks=3048246338,1885400500,984655331,2675184851
dimwishlist:item=3946054154&perks=3048246338,1885400500,984655331,2890807135
dimwishlist:item=3946054154&perks=3048246338,1885400500,984655331,3581929919
dimwishlist:item=3946054154&perks=3048246338,1885400500,984655331,3081867624
dimwishlist:item=3946054154&perks=3048246338,1885400500,984655331,2963273944
dimwishlist:item=3946054154&perks=3048246338,1885400500,984655331,4104185692
dimwishlist:item=3946054154&perks=3048246338,1885400500,984655331,3007133316
dimwishlist:item=3946054154&perks=3048246338,1968098204,3017780555,4293542123
dimwishlist:item=3946054154&perks=3048246338,1968098204,3017780555,2675184851
dimwishlist:item=3946054154&perks=3048246338,1968098204,3017780555,2890807135
dimwishlist:item=3946054154&perks=3048246338,1968098204,3017780555,3581929919
dimwishlist:item=3946054154&perks=3048246338,1968098204,3017780555,3081867624
dimwishlist:item=3946054154&perks=3048246338,1968098204,3017780555,2963273944
dimwishlist:item=3946054154&perks=3048246338,1968098204,3017780555,4104185692
dimwishlist:item=3946054154&perks=3048246338,1968098204,3017780555,3007133316
dimwishlist:item=3946054154&perks=3048246338,1968098204,4223976499,4293542123
dimwishlist:item=3946054154&perks=3048246338,1968098204,4223976499,2675184851
dimwishlist:item=3946054154&perks=3048246338,1968098204,4223976499,2890807135
dimwishlist:item=3946054154&perks=3048246338,1968098204,4223976499,3581929919
dimwishlist:item=3946054154&perks=3048246338,1968098204,4223976499,3081867624
dimwishlist:item=3946054154&perks=3048246338,1968098204,4223976499,2963273944
dimwishlist:item=3946054154&perks=3048246338,1968098204,4223976499,4104185692
dimwishlist:item=3946054154&perks=3048246338,1968098204,4223976499,3007133316
dimwishlist:item=3946054154&perks=3048246338,1968098204,243981275,4293542123
dimwishlist:item=3946054154&perks=3048246338,1968098204,243981275,2675184851
dimwishlist:item=3946054154&perks=3048246338,1968098204,243981275,2890807135
dimwishlist:item=3946054154&perks=3048246338,1968098204,243981275,3581929919
dimwishlist:item=3946054154&perks=3048246338,1968098204,243981275,3081867624
dimwishlist:item=3946054154&perks=3048246338,1968098204,243981275,2963273944
dimwishlist:item=3946054154&perks=3048246338,1968098204,243981275,4104185692
dimwishlist:item=3946054154&perks=3048246338,1968098204,243981275,3007133316
dimwishlist:item=3946054154&perks=3048246338,1968098204,984655331,4293542123
dimwishlist:item=3946054154&perks=3048246338,1968098204,984655331,2675184851
dimwishlist:item=3946054154&perks=3048246338,1968098204,984655331,2890807135
dimwishlist:item=3946054154&perks=3048246338,1968098204,984655331,3581929919
dimwishlist:item=3946054154&perks=3048246338,1968098204,984655331,3081867624
dimwishlist:item=3946054154&perks=3048246338,1968098204,984655331,2963273944
dimwishlist:item=3946054154&perks=3048246338,1968098204,984655331,4104185692
dimwishlist:item=3946054154&perks=3048246338,1968098204,984655331,3007133316
dimwishlist:item=3946054154&perks=4090651448,3230963543,3017780555,4293542123
dimwishlist:item=3946054154&perks=4090651448,3230963543,3017780555,2675184851
dimwishlist:item=3946054154&perks=4090651448,3230963543,3017780555,2890807135
dimwishlist:item=3946054154&perks=4090651448,3230963543,3017780555,3581929919
dimwishlist:item=3946054154&perks=4090651448,3230963543,3017780555,3081867624
dimwishlist:item=3946054154&perks=4090651448,3230963543,3017780555,2963273944
dimwishlist:item=3946054154&perks=4090651448,3230963543,3017780555,4104185692
dimwishlist:item=3946054154&perks=4090651448,3230963543,3017780555,3007133316
dimwishlist:item=3946054154&perks=4090651448,3230963543,4223976499,4293542123
dimwishlist:item=3946054154&perks=4090651448,3230963543,4223976499,2675184851
dimwishlist:item=3946054154&perks=4090651448,3230963543,4223976499,2890807135
dimwishlist:item=3946054154&perks=4090651448,3230963543,4223976499,3581929919
dimwishlist:item=3946054154&perks=4090651448,3230963543,4223976499,3081867624
dimwishlist:item=3946054154&perks=4090651448,3230963543,4223976499,2963273944
dimwishlist:item=3946054154&perks=4090651448,3230963543,4223976499,4104185692
dimwishlist:item=3946054154&perks=4090651448,3230963543,4223976499,3007133316
dimwishlist:item=3946054154&perks=4090651448,3230963543,243981275,4293542123
dimwishlist:item=3946054154&perks=4090651448,3230963543,243981275,2675184851
dimwishlist:item=3946054154&perks=4090651448,3230963543,243981275,2890807135
dimwishlist:item=3946054154&perks=4090651448,3230963543,243981275,3581929919
dimwishlist:item=3946054154&perks=4090651448,3230963543,243981275,3081867624
dimwishlist:item=3946054154&perks=4090651448,3230963543,243981275,2963273944
dimwishlist:item=3946054154&perks=4090651448,3230963543,243981275,4104185692
dimwishlist:item=3946054154&perks=4090651448,3230963543,243981275,3007133316
dimwishlist:item=3946054154&perks=4090651448,3230963543,984655331,4293542123
dimwishlist:item=3946054154&perks=4090651448,3230963543,984655331,2675184851
dimwishlist:item=3946054154&perks=4090651448,3230963543,984655331,2890807135
dimwishlist:item=3946054154&perks=4090651448,3230963543,984655331,3581929919
dimwishlist:item=3946054154&perks=4090651448,3230963543,984655331,3081867624
dimwishlist:item=3946054154&perks=4090651448,3230963543,984655331,2963273944
dimwishlist:item=3946054154&perks=4090651448,3230963543,984655331,4104185692
dimwishlist:item=3946054154&perks=4090651448,3230963543,984655331,3007133316
dimwishlist:item=3946054154&perks=4090651448,1709045111,3017780555,4293542123
dimwishlist:item=3946054154&perks=4090651448,1709045111,3017780555,2675184851
dimwishlist:item=3946054154&perks=4090651448,1709045111,3017780555,2890807135
dimwishlist:item=3946054154&perks=4090651448,1709045111,3017780555,3581929919
dimwishlist:item=3946054154&perks=4090651448,1709045111,3017780555,3081867624
dimwishlist:item=3946054154&perks=4090651448,1709045111,3017780555,2963273944
dimwishlist:item=3946054154&perks=4090651448,1709045111,3017780555,4104185692
dimwishlist:item=3946054154&perks=4090651448,1709045111,3017780555,3007133316
dimwishlist:item=3946054154&perks=4090651448,1709045111,4223976499,4293542123
dimwishlist:item=3946054154&perks=4090651448,1709045111,4223976499,2675184851
dimwishlist:item=3946054154&perks=4090651448,1709045111,4223976499,2890807135
dimwishlist:item=3946054154&perks=4090651448,1709045111,4223976499,3581929919
dimwishlist:item=3946054154&perks=4090651448,1709045111,4223976499,3081867624
dimwishlist:item=3946054154&perks=4090651448,1709045111,4223976499,2963273944
dimwishlist:item=3946054154&perks=4090651448,1709045111,4223976499,4104185692
dimwishlist:item=3946054154&perks=4090651448,1709045111,4223976499,3007133316
dimwishlist:item=3946054154&perks=4090651448,1709045111,243981275,4293542123
dimwishlist:item=3946054154&perks=4090651448,1709045111,243981275,2675184851
dimwishlist:item=3946054154&perks=4090651448,1709045111,243981275,2890807135
dimwishlist:item=3946054154&perks=4090651448,1709045111,243981275,3581929919
dimwishlist:item=3946054154&perks=4090651448,1709045111,243981275,3081867624
dimwishlist:item=3946054154&perks=4090651448,1709045111,243981275,2963273944
dimwishlist:item=3946054154&perks=4090651448,1709045111,243981275,4104185692
dimwishlist:item=3946054154&perks=4090651448,1709045111,243981275,3007133316
dimwishlist:item=3946054154&perks=4090651448,1709045111,984655331,4293542123
dimwishlist:item=3946054154&perks=4090651448,1709045111,984655331,2675184851
dimwishlist:item=3946054154&perks=4090651448,1709045111,984655331,2890807135
dimwishlist:item=3946054154&perks=4090651448,1709045111,984655331,3581929919
dimwishlist:item=3946054154&perks=4090651448,1709045111,984655331,3081867624
dimwishlist:item=3946054154&perks=4090651448,1709045111,984655331,2963273944
dimwishlist:item=3946054154&perks=4090651448,1709045111,984655331,4104185692
dimwishlist:item=3946054154&perks=4090651448,1709045111,984655331,3007133316
dimwishlist:item=3946054154&perks=4090651448,679225683,3017780555,4293542123
dimwishlist:item=3946054154&perks=4090651448,679225683,3017780555,2675184851
dimwishlist:item=3946054154&perks=4090651448,679225683,3017780555,2890807135
dimwishlist:item=3946054154&perks=4090651448,679225683,3017780555,3581929919
dimwishlist:item=3946054154&perks=4090651448,679225683,3017780555,3081867624
dimwishlist:item=3946054154&perks=4090651448,679225683,3017780555,2963273944
dimwishlist:item=3946054154&perks=4090651448,679225683,3017780555,4104185692
dimwishlist:item=3946054154&perks=4090651448,679225683,3017780555,3007133316
dimwishlist:item=3946054154&perks=4090651448,679225683,4223976499,4293542123
dimwishlist:item=3946054154&perks=4090651448,679225683,4223976499,2675184851
dimwishlist:item=3946054154&perks=4090651448,679225683,4223976499,2890807135
dimwishlist:item=3946054154&perks=4090651448,679225683,4223976499,3581929919
dimwishlist:item=3946054154&perks=4090651448,679225683,4223976499,3081867624
dimwishlist:item=3946054154&perks=4090651448,679225683,4223976499,2963273944
dimwishlist:item=3946054154&perks=4090651448,679225683,4223976499,4104185692
dimwishlist:item=3946054154&perks=4090651448,679225683,4223976499,3007133316
dimwishlist:item=3946054154&perks=4090651448,679225683,243981275,4293542123
dimwishlist:item=3946054154&perks=4090651448,679225683,243981275,2675184851
dimwishlist:item=3946054154&perks=4090651448,679225683,243981275,2890807135
dimwishlist:item=3946054154&perks=4090651448,679225683,243981275,3581929919
dimwishlist:item=3946054154&perks=4090651448,679225683,243981275,3081867624
dimwishlist:item=3946054154&perks=4090651448,679225683,243981275,2963273944
dimwishlist:item=3946054154&perks=4090651448,679225683,243981275,4104185692
dimwishlist:item=3946054154&perks=4090651448,679225683,243981275,3007133316
dimwishlist:item=3946054154&perks=4090651448,679225683,984655331,4293542123
dimwishlist:item=3946054154&perks=4090651448,679225683,984655331,2675184851
dimwishlist:item=3946054154&perks=4090651448,679225683,984655331,2890807135
dimwishlist:item=3946054154&perks=4090651448,679225683,984655331,3581929919
dimwishlist:item=3946054154&perks=4090651448,679225683,984655331,3081867624
dimwishlist:item=3946054154&perks=4090651448,679225683,984655331,2963273944
dimwishlist:item=3946054154&perks=4090651448,679225683,984655331,4104185692
dimwishlist:item=3946054154&perks=4090651448,679225683,984655331,3007133316
dimwishlist:item=3946054154&perks=4090651448,1807273211,3017780555,4293542123
dimwishlist:item=3946054154&perks=4090651448,1807273211,3017780555,2675184851
dimwishlist:item=3946054154&perks=4090651448,1807273211,3017780555,2890807135
dimwishlist:item=3946054154&perks=4090651448,1807273211,3017780555,3581929919
dimwishlist:item=3946054154&perks=4090651448,1807273211,3017780555,3081867624
dimwishlist:item=3946054154&perks=4090651448,1807273211,3017780555,2963273944
dimwishlist:item=3946054154&perks=4090651448,1807273211,3017780555,4104185692
dimwishlist:item=3946054154&perks=4090651448,1807273211,3017780555,3007133316
dimwishlist:item=3946054154&perks=4090651448,1807273211,4223976499,4293542123
dimwishlist:item=3946054154&perks=4090651448,1807273211,4223976499,2675184851
dimwishlist:item=3946054154&perks=4090651448,1807273211,4223976499,2890807135
dimwishlist:item=3946054154&perks=4090651448,1807273211,4223976499,3581929919
dimwishlist:item=3946054154&perks=4090651448,1807273211,4223976499,3081867624
dimwishlist:item=3946054154&perks=4090651448,1807273211,4223976499,2963273944
dimwishlist:item=3946054154&perks=4090651448,1807273211,4223976499,4104185692
dimwishlist:item=3946054154&perks=4090651448,1807273211,4223976499,3007133316
dimwishlist:item=3946054154&perks=4090651448,1807273211,243981275,4293542123
dimwishlist:item=3946054154&perks=4090651448,1807273211,243981275,2675184851
dimwishlist:item=3946054154&perks=4090651448,1807273211,243981275,2890807135
dimwishlist:item=3946054154&perks=4090651448,1807273211,243981275,3581929919
dimwishlist:item=3946054154&perks=4090651448,1807273211,243981275,3081867624
dimwishlist:item=3946054154&perks=4090651448,1807273211,243981275,2963273944
dimwishlist:item=3946054154&perks=4090651448,1807273211,243981275,4104185692
dimwishlist:item=3946054154&perks=4090651448,1807273211,243981275,3007133316
dimwishlist:item=3946054154&perks=4090651448,1807273211,984655331,4293542123
dimwishlist:item=3946054154&perks=4090651448,1807273211,984655331,2675184851
dimwishlist:item=3946054154&perks=4090651448,1807273211,984655331,2890807135
dimwishlist:item=3946054154&perks=4090651448,1807273211,984655331,3581929919
dimwishlist:item=3946054154&perks=4090651448,1807273211,984655331,3081867624
dimwishlist:item=3946054154&perks=4090651448,1807273211,984655331,2963273944
dimwishlist:item=3946054154&perks=4090651448,1807273211,984655331,4104185692
dimwishlist:item=3946054154&perks=4090651448,1807273211,984655331,3007133316
dimwishlist:item=3946054154&perks=4090651448,1885400500,3017780555,4293542123
dimwishlist:item=3946054154&perks=4090651448,1885400500,3017780555,2675184851
dimwishlist:item=3946054154&perks=4090651448,1885400500,3017780555,2890807135
dimwishlist:item=3946054154&perks=4090651448,1885400500,3017780555,3581929919
dimwishlist:item=3946054154&perks=4090651448,1885400500,3017780555,3081867624
dimwishlist:item=3946054154&perks=4090651448,1885400500,3017780555,2963273944
dimwishlist:item=3946054154&perks=4090651448,1885400500,3017780555,4104185692
dimwishlist:item=3946054154&perks=4090651448,1885400500,3017780555,3007133316
dimwishlist:item=3946054154&perks=4090651448,1885400500,4223976499,4293542123
dimwishlist:item=3946054154&perks=4090651448,1885400500,4223976499,2675184851
dimwishlist:item=3946054154&perks=4090651448,1885400500,4223976499,2890807135
dimwishlist:item=3946054154&perks=4090651448,1885400500,4223976499,3581929919
dimwishlist:item=3946054154&perks=4090651448,1885400500,4223976499,3081867624
dimwishlist:item=3946054154&perks=4090651448,1885400500,4223976499,2963273944
dimwishlist:item=3946054154&perks=4090651448,1885400500,4223976499,4104185692
dimwishlist:item=3946054154&perks=4090651448,1885400500,4223976499,3007133316
dimwishlist:item=3946054154&perks=4090651448,1885400500,243981275,4293542123
dimwishlist:item=3946054154&perks=4090651448,1885400500,243981275,2675184851
dimwishlist:item=3946054154&perks=4090651448,1885400500,243981275,2890807135
dimwishlist:item=3946054154&perks=4090651448,1885400500,243981275,3581929919
dimwishlist:item=3946054154&perks=4090651448,1885400500,243981275,3081867624
dimwishlist:item=3946054154&perks=4090651448,1885400500,243981275,2963273944
dimwishlist:item=3946054154&perks=4090651448,1885400500,243981275,4104185692
dimwishlist:item=3946054154&perks=4090651448,1885400500,243981275,3007133316
dimwishlist:item=3946054154&perks=4090651448,1885400500,984655331,4293542123
dimwishlist:item=3946054154&perks=4090651448,1885400500,984655331,2675184851
dimwishlist:item=3946054154&perks=4090651448,1885400500,984655331,2890807135
dimwishlist:item=3946054154&perks=4090651448,1885400500,984655331,3581929919
dimwishlist:item=3946054154&perks=4090651448,1885400500,984655331,3081867624
dimwishlist:item=3946054154&perks=4090651448,1885400500,984655331,2963273944
dimwishlist:item=3946054154&perks=4090651448,1885400500,984655331,4104185692
dimwishlist:item=3946054154&perks=4090651448,1885400500,984655331,3007133316
dimwishlist:item=3946054154&perks=4090651448,1968098204,3017780555,4293542123
dimwishlist:item=3946054154&perks=4090651448,1968098204,3017780555,2675184851
dimwishlist:item=3946054154&perks=4090651448,1968098204,3017780555,2890807135
dimwishlist:item=3946054154&perks=4090651448,1968098204,3017780555,3581929919
dimwishlist:item=3946054154&perks=4090651448,1968098204,3017780555,3081867624
dimwishlist:item=3946054154&perks=4090651448,1968098204,3017780555,2963273944
dimwishlist:item=3946054154&perks=4090651448,1968098204,3017780555,4104185692
dimwishlist:item=3946054154&perks=4090651448,1968098204,3017780555,3007133316
dimwishlist:item=3946054154&perks=4090651448,1968098204,4223976499,4293542123
dimwishlist:item=3946054154&perks=4090651448,1968098204,4223976499,2675184851
dimwishlist:item=3946054154&perks=4090651448,1968098204,4223976499,2890807135
dimwishlist:item=3946054154&perks=4090651448,1968098204,4223976499,3581929919
dimwishlist:item=3946054154&perks=4090651448,1968098204,4223976499,3081867624
dimwishlist:item=3946054154&perks=4090651448,1968098204,4223976499,2963273944
dimwishlist:item=3946054154&perks=4090651448,1968098204,4223976499,4104185692
dimwishlist:item=3946054154&perks=4090651448,1968098204,4223976499,3007133316
dimwishlist:item=3946054154&perks=4090651448,1968098204,243981275,4293542123
dimwishlist:item=3946054154&perks=4090651448,1968098204,243981275,2675184851
dimwishlist:item=3946054154&perks=4090651448,1968098204,243981275,2890807135
dimwishlist:item=3946054154&perks=4090651448,1968098204,243981275,3581929919
dimwishlist:item=3946054154&perks=4090651448,1968098204,243981275,3081867624
dimwishlist:item=3946054154&perks=4090651448,1968098204,243981275,2963273944
dimwishlist:item=3946054154&perks=4090651448,1968098204,243981275,4104185692
dimwishlist:item=3946054154&perks=4090651448,1968098204,243981275,3007133316
dimwishlist:item=3946054154&perks=4090651448,1968098204,984655331,4293542123
dimwishlist:item=3946054154&perks=4090651448,1968098204,984655331,2675184851
dimwishlist:item=3946054154&perks=4090651448,1968098204,984655331,2890807135
dimwishlist:item=3946054154&perks=4090651448,1968098204,984655331,3581929919
dimwishlist:item=3946054154&perks=4090651448,1968098204,984655331,3081867624
dimwishlist:item=3946054154&perks=4090651448,1968098204,984655331,2963273944
dimwishlist:item=3946054154&perks=4090651448,1968098204,984655331,4104185692
dimwishlist:item=3946054154&perks=4090651448,1968098204,984655331,3007133316
dimwishlist:item=3946054154&perks=111235976,3230963543,3017780555,4293542123
dimwishlist:item=3946054154&perks=111235976,3230963543,3017780555,2675184851
dimwishlist:item=3946054154&perks=111235976,3230963543,3017780555,2890807135
dimwishlist:item=3946054154&perks=111235976,3230963543,3017780555,3581929919
dimwishlist:item=3946054154&perks=111235976,3230963543,3017780555,3081867624
dimwishlist:item=3946054154&perks=111235976,3230963543,3017780555,2963273944
dimwishlist:item=3946054154&perks=111235976,3230963543,3017780555,4104185692
dimwishlist:item=3946054154&perks=111235976,3230963543,3017780555,3007133316
dimwishlist:item=3946054154&perks=111235976,3230963543,4223976499,4293542123
dimwishlist:item=3946054154&perks=111235976,3230963543,4223976499,2675184851
dimwishlist:item=3946054154&perks=111235976,3230963543,4223976499,2890807135
dimwishlist:item=3946054154&perks=111235976,3230963543,4223976499,3581929919
dimwishlist:item=3946054154&perks=111235976,3230963543,4223976499,3081867624
dimwishlist:item=3946054154&perks=111235976,3230963543,4223976499,2963273944
dimwishlist:item=3946054154&perks=111235976,3230963543,4223976499,4104185692
dimwishlist:item=3946054154&perks=111235976,3230963543,4223976499,3007133316
dimwishlist:item=3946054154&perks=111235976,3230963543,243981275,4293542123
dimwishlist:item=3946054154&perks=111235976,3230963543,243981275,2675184851
dimwishlist:item=3946054154&perks=111235976,3230963543,243981275,2890807135
dimwishlist:item=3946054154&perks=111235976,3230963543,243981275,3581929919
dimwishlist:item=3946054154&perks=111235976,3230963543,243981275,3081867624
dimwishlist:item=3946054154&perks=111235976,3230963543,243981275,2963273944
dimwishlist:item=3946054154&perks=111235976,3230963543,243981275,4104185692
dimwishlist:item=3946054154&perks=111235976,3230963543,243981275,3007133316
dimwishlist:item=3946054154&perks=111235976,3230963543,984655331,4293542123
dimwishlist:item=3946054154&perks=111235976,3230963543,984655331,2675184851
dimwishlist:item=3946054154&perks=111235976,3230963543,984655331,2890807135
dimwishlist:item=3946054154&perks=111235976,3230963543,984655331,3581929919
dimwishlist:item=3946054154&perks=111235976,3230963543,984655331,3081867624
dimwishlist:item=3946054154&perks=111235976,3230963543,984655331,2963273944
dimwishlist:item=3946054154&perks=111235976,3230963543,984655331,4104185692
dimwishlist:item=3946054154&perks=111235976,3230963543,984655331,3007133316
dimwishlist:item=3946054154&perks=111235976,1709045111,3017780555,4293542123
dimwishlist:item=3946054154&perks=111235976,1709045111,3017780555,2675184851
dimwishlist:item=3946054154&perks=111235976,1709045111,3017780555,2890807135
dimwishlist:item=3946054154&perks=111235976,1709045111,3017780555,3581929919
dimwishlist:item=3946054154&perks=111235976,1709045111,3017780555,3081867624
dimwishlist:item=3946054154&perks=111235976,1709045111,3017780555,2963273944
dimwishlist:item=3946054154&perks=111235976,1709045111,3017780555,4104185692
dimwishlist:item=3946054154&perks=111235976,1709045111,3017780555,3007133316
dimwishlist:item=3946054154&perks=111235976,1709045111,4223976499,4293542123
dimwishlist:item=3946054154&perks=111235976,1709045111,4223976499,2675184851
dimwishlist:item=3946054154&perks=111235976,1709045111,4223976499,2890807135
dimwishlist:item=3946054154&perks=111235976,1709045111,4223976499,3581929919
dimwishlist:item=3946054154&perks=111235976,1709045111,4223976499,3081867624
dimwishlist:item=3946054154&perks=111235976,1709045111,4223976499,2963273944
dimwishlist:item=3946054154&perks=111235976,1709045111,4223976499,4104185692
dimwishlist:item=3946054154&perks=111235976,1709045111,4223976499,3007133316
dimwishlist:item=3946054154&perks=111235976,1709045111,243981275,4293542123
dimwishlist:item=3946054154&perks=111235976,1709045111,243981275,2675184851
dimwishlist:item=3946054154&perks=111235976,1709045111,243981275,2890807135
dimwishlist:item=3946054154&perks=111235976,1709045111,243981275,3581929919
dimwishlist:item=3946054154&perks=111235976,1709045111,243981275,3081867624
dimwishlist:item=3946054154&perks=111235976,1709045111,243981275,2963273944
dimwishlist:item=3946054154&perks=111235976,1709045111,243981275,4104185692
dimwishlist:item=3946054154&perks=111235976,1709045111,243981275,3007133316
dimwishlist:item=3946054154&perks=111235976,1709045111,984655331,4293542123
dimwishlist:item=3946054154&perks=111235976,1709045111,984655331,2675184851
dimwishlist:item=3946054154&perks=111235976,1709045111,984655331,2890807135
dimwishlist:item=3946054154&perks=111235976,1709045111,984655331,3581929919
dimwishlist:item=3946054154&perks=111235976,1709045111,984655331,3081867624
dimwishlist:item=3946054154&perks=111235976,1709045111,984655331,2963273944
dimwishlist:item=3946054154&perks=111235976,1709045111,984655331,4104185692
dimwishlist:item=3946054154&perks=111235976,1709045111,984655331,3007133316
dimwishlist:item=3946054154&perks=111235976,679225683,3017780555,4293542123
dimwishlist:item=3946054154&perks=111235976,679225683,3017780555,2675184851
dimwishlist:item=3946054154&perks=111235976,679225683,3017780555,2890807135
dimwishlist:item=3946054154&perks=111235976,679225683,3017780555,3581929919
dimwishlist:item=3946054154&perks=111235976,679225683,3017780555,3081867624
dimwishlist:item=3946054154&perks=111235976,679225683,3017780555,2963273944
dimwishlist:item=3946054154&perks=111235976,679225683,3017780555,4104185692
dimwishlist:item=3946054154&perks=111235976,679225683,3017780555,3007133316
dimwishlist:item=3946054154&perks=111235976,679225683,4223976499,4293542123
dimwishlist:item=3946054154&perks=111235976,679225683,4223976499,2675184851
dimwishlist:item=3946054154&perks=111235976,679225683,4223976499,2890807135
dimwishlist:item=3946054154&perks=111235976,679225683,4223976499,3581929919
dimwishlist:item=3946054154&perks=111235976,679225683,4223976499,3081867624
dimwishlist:item=3946054154&perks=111235976,679225683,4223976499,2963273944
dimwishlist:item=3946054154&perks=111235976,679225683,4223976499,4104185692
dimwishlist:item=3946054154&perks=111235976,679225683,4223976499,3007133316
dimwishlist:item=3946054154&perks=111235976,679225683,243981275,4293542123
dimwishlist:item=3946054154&perks=111235976,679225683,243981275,2675184851
dimwishlist:item=3946054154&perks=111235976,679225683,243981275,2890807135
dimwishlist:item=3946054154&perks=111235976,679225683,243981275,3581929919
dimwishlist:item=3946054154&perks=111235976,679225683,243981275,3081867624
dimwishlist:item=3946054154&perks=111235976,679225683,243981275,2963273944
dimwishlist:item=3946054154&perks=111235976,679225683,243981275,4104185692
dimwishlist:item=3946054154&perks=111235976,679225683,243981275,3007133316
dimwishlist:item=3946054154&perks=111235976,679225683,984655331,4293542123
dimwishlist:item=3946054154&perks=111235976,679225683,984655331,2675184851
dimwishlist:item=3946054154&perks=111235976,679225683,984655331,2890807135
dimwishlist:item=3946054154&perks=111235976,679225683,984655331,3581929919
dimwishlist:item=3946054154&perks=111235976,679225683,984655331,3081867624
dimwishlist:item=3946054154&perks=111235976,679225683,984655331,2963273944
dimwishlist:item=3946054154&perks=111235976,679225683,984655331,4104185692
dimwishlist:item=3946054154&perks=111235976,679225683,984655331,3007133316
dimwishlist:item=3946054154&perks=111235976,1807273211,3017780555,4293542123
dimwishlist:item=3946054154&perks=111235976,1807273211,3017780555,2675184851
dimwishlist:item=3946054154&perks=111235976,1807273211,3017780555,2890807135
dimwishlist:item=3946054154&perks=111235976,1807273211,3017780555,3581929919
dimwishlist:item=3946054154&perks=111235976,1807273211,3017780555,3081867624
dimwishlist:item=3946054154&perks=111235976,1807273211,3017780555,2963273944
dimwishlist:item=3946054154&perks=111235976,1807273211,3017780555,4104185692
dimwishlist:item=3946054154&perks=111235976,1807273211,3017780555,3007133316
dimwishlist:item=3946054154&perks=111235976,1807273211,4223976499,4293542123
dimwishlist:item=3946054154&perks=111235976,1807273211,4223976499,2675184851
dimwishlist:item=3946054154&perks=111235976,1807273211,4223976499,2890807135
dimwishlist:item=3946054154&perks=111235976,1807273211,4223976499,3581929919
dimwishlist:item=3946054154&perks=111235976,1807273211,4223976499,3081867624
dimwishlist:item=3946054154&perks=111235976,1807273211,4223976499,2963273944
dimwishlist:item=3946054154&perks=111235976,1807273211,4223976499,4104185692
dimwishlist:item=3946054154&perks=111235976,1807273211,4223976499,3007133316
dimwishlist:item=3946054154&perks=111235976,1807273211,243981275,4293542123
dimwishlist:item=3946054154&perks=111235976,1807273211,243981275,2675184851
dimwishlist:item=3946054154&perks=111235976,1807273211,243981275,2890807135
dimwishlist:item=3946054154&perks=111235976,1807273211,243981275,3581929919
dimwishlist:item=3946054154&perks=111235976,1807273211,243981275,3081867624
dimwishlist:item=3946054154&perks=111235976,1807273211,243981275,2963273944
dimwishlist:item=3946054154&perks=111235976,1807273211,243981275,4104185692
dimwishlist:item=3946054154&perks=111235976,1807273211,243981275,3007133316
dimwishlist:item=3946054154&perks=111235976,1807273211,984655331,4293542123
dimwishlist:item=3946054154&perks=111235976,1807273211,984655331,2675184851
dimwishlist:item=3946054154&perks=111235976,1807273211,984655331,2890807135
dimwishlist:item=3946054154&perks=111235976,1807273211,984655331,3581929919
dimwishlist:item=3946054154&perks=111235976,1807273211,984655331,3081867624
dimwishlist:item=3946054154&perks=111235976,1807273211,984655331,2963273944
dimwishlist:item=3946054154&perks=111235976,1807273211,984655331,4104185692
dimwishlist:item=3946054154&perks=111235976,1807273211,984655331,3007133316
dimwishlist:item=3946054154&perks=111235976,1885400500,3017780555,4293542123
dimwishlist:item=3946054154&perks=111235976,1885400500,3017780555,2675184851
dimwishlist:item=3946054154&perks=111235976,1885400500,3017780555,2890807135
dimwishlist:item=3946054154&perks=111235976,1885400500,3017780555,3581929919
dimwishlist:item=3946054154&perks=111235976,1885400500,3017780555,3081867624
dimwishlist:item=3946054154&perks=111235976,1885400500,3017780555,2963273944
dimwishlist:item=3946054154&perks=111235976,1885400500,3017780555,4104185692
dimwishlist:item=3946054154&perks=111235976,1885400500,3017780555,3007133316
dimwishlist:item=3946054154&perks=111235976,1885400500,4223976499,4293542123
dimwishlist:item=3946054154&perks=111235976,1885400500,4223976499,2675184851
dimwishlist:item=3946054154&perks=111235976,1885400500,4223976499,2890807135
dimwishlist:item=3946054154&perks=111235976,1885400500,4223976499,3581929919
dimwishlist:item=3946054154&perks=111235976,1885400500,4223976499,3081867624
dimwishlist:item=3946054154&perks=111235976,1885400500,4223976499,2963273944
dimwishlist:item=3946054154&perks=111235976,1885400500,4223976499,4104185692
dimwishlist:item=3946054154&perks=111235976,1885400500,4223976499,3007133316
dimwishlist:item=3946054154&perks=111235976,1885400500,243981275,4293542123
dimwishlist:item=3946054154&perks=111235976,1885400500,243981275,2675184851
dimwishlist:item=3946054154&perks=111235976,1885400500,243981275,2890807135
dimwishlist:item=3946054154&perks=111235976,1885400500,243981275,3581929919
dimwishlist:item=3946054154&perks=111235976,1885400500,243981275,3081867624
dimwishlist:item=3946054154&perks=111235976,1885400500,243981275,2963273944
dimwishlist:item=3946054154&perks=111235976,1885400500,243981275,4104185692
dimwishlist:item=3946054154&perks=111235976,1885400500,243981275,3007133316
dimwishlist:item=3946054154&perks=111235976,1885400500,984655331,4293542123
dimwishlist:item=3946054154&perks=111235976,1885400500,984655331,2675184851
dimwishlist:item=3946054154&perks=111235976,1885400500,984655331,2890807135
dimwishlist:item=3946054154&perks=111235976,1885400500,984655331,3581929919
dimwishlist:item=3946054154&perks=111235976,1885400500,984655331,3081867624
dimwishlist:item=3946054154&perks=111235976,1885400500,984655331,2963273944
dimwishlist:item=3946054154&perks=111235976,1885400500,984655331,4104185692
dimwishlist:item=3946054154&perks=111235976,1885400500,984655331,3007133316
dimwishlist:item=3946054154&perks=111235976,1968098204,3017780555,4293542123
dimwishlist:item=3946054154&perks=111235976,1968098204,3017780555,2675184851
dimwishlist:item=3946054154&perks=111235976,1968098204,3017780555,2890807135
dimwishlist:item=3946054154&perks=111235976,1968098204,3017780555,3581929919
dimwishlist:item=3946054154&perks=111235976,1968098204,3017780555,3081867624
dimwishlist:item=3946054154&perks=111235976,1968098204,3017780555,2963273944
dimwishlist:item=3946054154&perks=111235976,1968098204,3017780555,4104185692
dimwishlist:item=3946054154&perks=111235976,1968098204,3017780555,3007133316
dimwishlist:item=3946054154&perks=111235976,1968098204,4223976499,4293542123
dimwishlist:item=3946054154&perks=111235976,1968098204,4223976499,2675184851
dimwishlist:item=3946054154&perks=111235976,1968098204,4223976499,2890807135
dimwishlist:item=3946054154&perks=111235976,1968098204,4223976499,3581929919
dimwishlist:item=3946054154&perks=111235976,1968098204,4223976499,3081867624
dimwishlist:item=3946054154&perks=111235976,1968098204,4223976499,2963273944
dimwishlist:item=3946054154&perks=111235976,1968098204,4223976499,4104185692
dimwishlist:item=3946054154&perks=111235976,1968098204,4223976499,3007133316
dimwishlist:item=3946054154&perks=111235976,1968098204,243981275,4293542123
dimwishlist:item=3946054154&perks=111235976,1968098204,243981275,2675184851
dimwishlist:item=3946054154&perks=111235976,1968098204,243981275,2890807135
dimwishlist:item=3946054154&perks=111235976,1968098204,243981275,3581929919
dimwishlist:item=3946054154&perks=111235976,1968098204,243981275,3081867624
dimwishlist:item=3946054154&perks=111235976,1968098204,243981275,2963273944
dimwishlist:item=3946054154&perks=111235976,1968098204,243981275,4104185692
dimwishlist:item=3946054154&perks=111235976,1968098204,243981275,3007133316
dimwishlist:item=3946054154&perks=111235976,1968098204,984655331,4293542123
dimwishlist:item=3946054154&perks=111235976,1968098204,984655331,2675184851
dimwishlist:item=3946054154&perks=111235976,1968098204,984655331,2890807135
dimwishlist:item=3946054154&perks=111235976,1968098204,984655331,3581929919
dimwishlist:item=3946054154&perks=111235976,1968098204,984655331,3081867624
dimwishlist:item=3946054154&perks=111235976,1968098204,984655331,2963273944
dimwishlist:item=3946054154&perks=111235976,1968098204,984655331,4104185692
dimwishlist:item=3946054154&perks=111235976,1968098204,984655331,3007133316
dimwishlist:item=3946054154&perks=1467527085,3230963543,3017780555,4293542123
dimwishlist:item=3946054154&perks=1467527085,3230963543,3017780555,2675184851
dimwishlist:item=3946054154&perks=1467527085,3230963543,3017780555,2890807135
dimwishlist:item=3946054154&perks=1467527085,3230963543,3017780555,3581929919
dimwishlist:item=3946054154&perks=1467527085,3230963543,3017780555,3081867624
dimwishlist:item=3946054154&perks=1467527085,3230963543,3017780555,2963273944
dimwishlist:item=3946054154&perks=1467527085,3230963543,3017780555,4104185692
dimwishlist:item=3946054154&perks=1467527085,3230963543,3017780555,3007133316
dimwishlist:item=3946054154&perks=1467527085,3230963543,4223976499,4293542123
dimwishlist:item=3946054154&perks=1467527085,3230963543,4223976499,2675184851
dimwishlist:item=3946054154&perks=1467527085,3230963543,4223976499,2890807135
dimwishlist:item=3946054154&perks=1467527085,3230963543,4223976499,3581929919
dimwishlist:item=3946054154&perks=1467527085,3230963543,4223976499,3081867624
dimwishlist:item=3946054154&perks=1467527085,3230963543,4223976499,2963273944
dimwishlist:item=3946054154&perks=1467527085,3230963543,4223976499,4104185692
dimwishlist:item=3946054154&perks=1467527085,3230963543,4223976499,3007133316
dimwishlist:item=3946054154&perks=1467527085,3230963543,243981275,4293542123
dimwishlist:item=3946054154&perks=1467527085,3230963543,243981275,2675184851
dimwishlist:item=3946054154&perks=1467527085,3230963543,243981275,2890807135
dimwishlist:item=3946054154&perks=1467527085,3230963543,243981275,3581929919
dimwishlist:item=3946054154&perks=1467527085,3230963543,243981275,3081867624
dimwishlist:item=3946054154&perks=1467527085,3230963543,243981275,2963273944
dimwishlist:item=3946054154&perks=1467527085,3230963543,243981275,4104185692
dimwishlist:item=3946054154&perks=1467527085,3230963543,243981275,3007133316
dimwishlist:item=3946054154&perks=1467527085,3230963543,984655331,4293542123
dimwishlist:item=3946054154&perks=1467527085,3230963543,984655331,2675184851
dimwishlist:item=3946054154&perks=1467527085,3230963543,984655331,2890807135
dimwishlist:item=3946054154&perks=1467527085,3230963543,984655331,3581929919
dimwishlist:item=3946054154&perks=1467527085,3230963543,984655331,3081867624
dimwishlist:item=3946054154&perks=1467527085,3230963543,984655331,2963273944
dimwishlist:item=3946054154&perks=1467527085,3230963543,984655331,4104185692
dimwishlist:item=3946054154&perks=1467527085,3230963543,984655331,3007133316
dimwishlist:item=3946054154&perks=1467527085,1709045111,3017780555,4293542123
dimwishlist:item=3946054154&perks=1467527085,1709045111,3017780555,2675184851
dimwishlist:item=3946054154&perks=1467527085,1709045111,3017780555,2890807135
dimwishlist:item=3946054154&perks=1467527085,1709045111,3017780555,3581929919
dimwishlist:item=3946054154&perks=1467527085,1709045111,3017780555,3081867624
dimwishlist:item=3946054154&perks=1467527085,1709045111,3017780555,2963273944
dimwishlist:item=3946054154&perks=1467527085,1709045111,3017780555,4104185692
dimwishlist:item=3946054154&perks=1467527085,1709045111,3017780555,3007133316
dimwishlist:item=3946054154&perks=1467527085,1709045111,4223976499,4293542123
dimwishlist:item=3946054154&perks=1467527085,1709045111,4223976499,2675184851
dimwishlist:item=3946054154&perks=1467527085,1709045111,4223976499,2890807135
dimwishlist:item=3946054154&perks=1467527085,1709045111,4223976499,3581929919
dimwishlist:item=3946054154&perks=1467527085,1709045111,4223976499,3081867624
dimwishlist:item=3946054154&perks=1467527085,1709045111,4223976499,2963273944
dimwishlist:item=3946054154&perks=1467527085,1709045111,4223976499,4104185692
dimwishlist:item=3946054154&perks=1467527085,1709045111,4223976499,3007133316
dimwishlist:item=3946054154&perks=1467527085,1709045111,243981275,4293542123
dimwishlist:item=3946054154&perks=1467527085,1709045111,243981275,2675184851
dimwishlist:item=3946054154&perks=1467527085,1709045111,243981275,2890807135
dimwishlist:item=3946054154&perks=1467527085,1709045111,243981275,3581929919
dimwishlist:item=3946054154&perks=1467527085,1709045111,243981275,3081867624
dimwishlist:item=3946054154&perks=1467527085,1709045111,243981275,2963273944
dimwishlist:item=3946054154&perks=1467527085,1709045111,243981275,4104185692
dimwishlist:item=3946054154&perks=1467527085,1709045111,243981275,3007133316
dimwishlist:item=3946054154&perks=1467527085,1709045111,984655331,4293542123
dimwishlist:item=3946054154&perks=1467527085,1709045111,984655331,2675184851
dimwishlist:item=3946054154&perks=1467527085,1709045111,984655331,2890807135
dimwishlist:item=3946054154&perks=1467527085,1709045111,984655331,3581929919
dimwishlist:item=3946054154&perks=1467527085,1709045111,984655331,3081867624
dimwishlist:item=3946054154&perks=1467527085,1709045111,984655331,2963273944
dimwishlist:item=3946054154&perks=1467527085,1709045111,984655331,4104185692
dimwishlist:item=3946054154&perks=1467527085,1709045111,984655331,3007133316
dimwishlist:item=3946054154&perks=1467527085,679225683,3017780555,4293542123
dimwishlist:item=3946054154&perks=1467527085,679225683,3017780555,2675184851
dimwishlist:item=3946054154&perks=1467527085,679225683,3017780555,2890807135
dimwishlist:item=3946054154&perks=1467527085,679225683,3017780555,3581929919
dimwishlist:item=3946054154&perks=1467527085,679225683,3017780555,3081867624
dimwishlist:item=3946054154&perks=1467527085,679225683,3017780555,2963273944
dimwishlist:item=3946054154&perks=1467527085,679225683,3017780555,4104185692
dimwishlist:item=3946054154&perks=1467527085,679225683,3017780555,3007133316
dimwishlist:item=3946054154&perks=1467527085,679225683,4223976499,4293542123
dimwishlist:item=3946054154&perks=1467527085,679225683,4223976499,2675184851
dimwishlist:item=3946054154&perks=1467527085,679225683,4223976499,2890807135
dimwishlist:item=3946054154&perks=1467527085,679225683,4223976499,3581929919
dimwishlist:item=3946054154&perks=1467527085,679225683,4223976499,3081867624
dimwishlist:item=3946054154&perks=1467527085,679225683,4223976499,2963273944
dimwishlist:item=3946054154&perks=1467527085,679225683,4223976499,4104185692
dimwishlist:item=3946054154&perks=1467527085,679225683,4223976499,3007133316
dimwishlist:item=3946054154&perks=1467527085,679225683,243981275,4293542123
dimwishlist:item=3946054154&perks=1467527085,679225683,243981275,2675184851
dimwishlist:item=3946054154&perks=1467527085,679225683,243981275,2890807135
dimwishlist:item=3946054154&perks=1467527085,679225683,243981275,3581929919
dimwishlist:item=3946054154&perks=1467527085,679225683,243981275,3081867624
dimwishlist:item=3946054154&perks=1467527085,679225683,243981275,2963273944
dimwishlist:item=3946054154&perks=1467527085,679225683,243981275,4104185692
dimwishlist:item=3946054154&perks=1467527085,679225683,243981275,3007133316
dimwishlist:item=3946054154&perks=1467527085,679225683,984655331,4293542123
dimwishlist:item=3946054154&perks=1467527085,679225683,984655331,2675184851
dimwishlist:item=3946054154&perks=1467527085,679225683,984655331,2890807135
dimwishlist:item=3946054154&perks=1467527085,679225683,984655331,3581929919
dimwishlist:item=3946054154&perks=1467527085,679225683,984655331,3081867624
dimwishlist:item=3946054154&perks=1467527085,679225683,984655331,2963273944
dimwishlist:item=3946054154&perks=1467527085,679225683,984655331,4104185692
dimwishlist:item=3946054154&perks=1467527085,679225683,984655331,3007133316
dimwishlist:item=3946054154&perks=1467527085,1807273211,3017780555,4293542123
dimwishlist:item=3946054154&perks=1467527085,1807273211,3017780555,2675184851
dimwishlist:item=3946054154&perks=1467527085,1807273211,3017780555,2890807135
dimwishlist:item=3946054154&perks=1467527085,1807273211,3017780555,3581929919
dimwishlist:item=3946054154&perks=1467527085,1807273211,3017780555,3081867624
dimwishlist:item=3946054154&perks=1467527085,1807273211,3017780555,2963273944
dimwishlist:item=3946054154&perks=1467527085,1807273211,3017780555,4104185692
dimwishlist:item=3946054154&perks=1467527085,1807273211,3017780555,3007133316
dimwishlist:item=3946054154&perks=1467527085,1807273211,4223976499,4293542123
dimwishlist:item=3946054154&perks=1467527085,1807273211,4223976499,2675184851
dimwishlist:item=3946054154&perks=1467527085,1807273211,4223976499,2890807135
dimwishlist:item=3946054154&perks=1467527085,1807273211,4223976499,3581929919
dimwishlist:item=3946054154&perks=1467527085,1807273211,4223976499,3081867624
dimwishlist:item=3946054154&perks=1467527085,1807273211,4223976499,2963273944
dimwishlist:item=3946054154&perks=1467527085,1807273211,4223976499,4104185692
dimwishlist:item=3946054154&perks=1467527085,1807273211,4223976499,3007133316
dimwishlist:item=3946054154&perks=1467527085,1807273211,243981275,4293542123
dimwishlist:item=3946054154&perks=1467527085,1807273211,243981275,2675184851
dimwishlist:item=3946054154&perks=1467527085,1807273211,243981275,2890807135
dimwishlist:item=3946054154&perks=1467527085,1807273211,243981275,3581929919
dimwishlist:item=3946054154&perks=1467527085,1807273211,243981275,3081867624
dimwishlist:item=3946054154&perks=1467527085,1807273211,243981275,2963273944
dimwishlist:item=3946054154&perks=1467527085,1807273211,243981275,4104185692
dimwishlist:item=3946054154&perks=1467527085,1807273211,243981275,3007133316
dimwishlist:item=3946054154&perks=1467527085,1807273211,984655331,4293542123
dimwishlist:item=3946054154&perks=1467527085,1807273211,984655331,2675184851
dimwishlist:item=3946054154&perks=1467527085,1807273211,984655331,2890807135
dimwishlist:item=3946054154&perks=1467527085,1807273211,984655331,3581929919
dimwishlist:item=3946054154&perks=1467527085,1807273211,984655331,3081867624
dimwishlist:item=3946054154&perks=1467527085,1807273211,984655331,2963273944
dimwishlist:item=3946054154&perks=1467527085,1807273211,984655331,4104185692
dimwishlist:item=3946054154&perks=1467527085,1807273211,984655331,3007133316
dimwishlist:item=3946054154&perks=1467527085,1885400500,3017780555,4293542123
dimwishlist:item=3946054154&perks=1467527085,1885400500,3017780555,2675184851
dimwishlist:item=3946054154&perks=1467527085,1885400500,3017780555,2890807135
dimwishlist:item=3946054154&perks=1467527085,1885400500,3017780555,3581929919
dimwishlist:item=3946054154&perks=1467527085,1885400500,3017780555,3081867624
dimwishlist:item=3946054154&perks=1467527085,1885400500,3017780555,2963273944
dimwishlist:item=3946054154&perks=1467527085,1885400500,3017780555,4104185692
dimwishlist:item=3946054154&perks=1467527085,1885400500,3017780555,3007133316
dimwishlist:item=3946054154&perks=1467527085,1885400500,4223976499,4293542123
dimwishlist:item=3946054154&perks=1467527085,1885400500,4223976499,2675184851
dimwishlist:item=3946054154&perks=1467527085,1885400500,4223976499,2890807135
dimwishlist:item=3946054154&perks=1467527085,1885400500,4223976499,3581929919
dimwishlist:item=3946054154&perks=1467527085,1885400500,4223976499,3081867624
dimwishlist:item=3946054154&perks=1467527085,1885400500,4223976499,2963273944
dimwishlist:item=3946054154&perks=1467527085,1885400500,4223976499,4104185692
dimwishlist:item=3946054154&perks=1467527085,1885400500,4223976499,3007133316
dimwishlist:item=3946054154&perks=1467527085,1885400500,243981275,4293542123
dimwishlist:item=3946054154&perks=1467527085,1885400500,243981275,2675184851
dimwishlist:item=3946054154&perks=1467527085,1885400500,243981275,2890807135
dimwishlist:item=3946054154&perks=1467527085,1885400500,243981275,3581929919
dimwishlist:item=3946054154&perks=1467527085,1885400500,243981275,3081867624
dimwishlist:item=3946054154&perks=1467527085,1885400500,243981275,2963273944
dimwishlist:item=3946054154&perks=1467527085,1885400500,243981275,4104185692
dimwishlist:item=3946054154&perks=1467527085,1885400500,243981275,3007133316
dimwishlist:item=3946054154&perks=1467527085,1885400500,984655331,4293542123
dimwishlist:item=3946054154&perks=1467527085,1885400500,984655331,2675184851
dimwishlist:item=3946054154&perks=1467527085,1885400500,984655331,2890807135
dimwishlist:item=3946054154&perks=1467527085,1885400500,984655331,3581929919
dimwishlist:item=3946054154&perks=1467527085,1885400500,984655331,3081867624
dimwishlist:item=3946054154&perks=1467527085,1885400500,984655331,2963273944
dimwishlist:item=3946054154&perks=1467527085,1885400500,984655331,4104185692
dimwishlist:item=3946054154&perks=1467527085,1885400500,984655331,3007133316
dimwishlist:item=3946054154&perks=1467527085,1968098204,3017780555,4293542123
dimwishlist:item=3946054154&perks=1467527085,1968098204,3017780555,2675184851
dimwishlist:item=3946054154&perks=1467527085,1968098204,3017780555,2890807135
dimwishlist:item=3946054154&perks=1467527085,1968098204,3017780555,3581929919
dimwishlist:item=3946054154&perks=1467527085,1968098204,3017780555,3081867624
dimwishlist:item=3946054154&perks=1467527085,1968098204,3017780555,2963273944
dimwishlist:item=3946054154&perks=1467527085,1968098204,3017780555,4104185692
dimwishlist:item=3946054154&perks=1467527085,1968098204,3017780555,3007133316
dimwishlist:item=3946054154&perks=1467527085,1968098204,4223976499,4293542123
dimwishlist:item=3946054154&perks=1467527085,1968098204,4223976499,2675184851
dimwishlist:item=3946054154&perks=1467527085,1968098204,4223976499,2890807135
dimwishlist:item=3946054154&perks=1467527085,1968098204,4223976499,3581929919
dimwishlist:item=3946054154&perks=1467527085,1968098204,4223976499,3081867624
dimwishlist:item=3946054154&perks=1467527085,1968098204,4223976499,2963273944
dimwishlist:item=3946054154&perks=1467527085,1968098204,4223976499,4104185692
dimwishlist:item=3946054154&perks=1467527085,1968098204,4223976499,3007133316
dimwishlist:item=3946054154&perks=1467527085,1968098204,243981275,4293542123
dimwishlist:item=3946054154&perks=1467527085,1968098204,243981275,2675184851
dimwishlist:item=3946054154&perks=1467527085,1968098204,243981275,2890807135
dimwishlist:item=3946054154&perks=1467527085,1968098204,243981275,3581929919
dimwishlist:item=3946054154&perks=1467527085,1968098204,243981275,3081867624
dimwishlist:item=3946054154&perks=1467527085,1968098204,243981275,2963273944
dimwishlist:item=3946054154&perks=1467527085,1968098204,243981275,4104185692
dimwishlist:item=3946054154&perks=1467527085,1968098204,243981275,3007133316
dimwishlist:item=3946054154&perks=1467527085,1968098204,984655331,4293542123
dimwishlist:item=3946054154&perks=1467527085,1968098204,984655331,2675184851
dimwishlist:item=3946054154&perks=1467527085,1968098204,984655331,2890807135
dimwishlist:item=3946054154&perks=1467527085,1968098204,984655331,3581929919
dimwishlist:item=3946054154&perks=1467527085,1968098204,984655331,3081867624
dimwishlist:item=3946054154&perks=1467527085,1968098204,984655331,2963273944
dimwishlist:item=3946054154&perks=1467527085,1968098204,984655331,4104185692
dimwishlist:item=3946054154&perks=1467527085,1968098204,984655331,3007133316
dimwishlist:item=3946054154&perks=1932356121,3230963543,3017780555,4293542123
dimwishlist:item=3946054154&perks=1932356121,3230963543,3017780555,2675184851
dimwishlist:item=3946054154&perks=1932356121,3230963543,3017780555,2890807135
dimwishlist:item=3946054154&perks=1932356121,3230963543,3017780555,3581929919
dimwishlist:item=3946054154&perks=1932356121,3230963543,3017780555,3081867624
dimwishlist:item=3946054154&perks=1932356121,3230963543,3017780555,2963273944
dimwishlist:item=3946054154&perks=1932356121,3230963543,3017780555,4104185692
dimwishlist:item=3946054154&perks=1932356121,3230963543,3017780555,3007133316
dimwishlist:item=3946054154&perks=1932356121,3230963543,4223976499,4293542123
dimwishlist:item=3946054154&perks=1932356121,3230963543,4223976499,2675184851
dimwishlist:item=3946054154&perks=1932356121,3230963543,4223976499,2890807135
dimwishlist:item=3946054154&perks=1932356121,3230963543,4223976499,3581929919
dimwishlist:item=3946054154&perks=1932356121,3230963543,4223976499,3081867624
dimwishlist:item=3946054154&perks=1932356121,3230963543,4223976499,2963273944
dimwishlist:item=3946054154&perks=1932356121,3230963543,4223976499,4104185692
dimwishlist:item=3946054154&perks=1932356121,3230963543,4223976499,3007133316
dimwishlist:item=3946054154&perks=1932356121,3230963543,243981275,4293542123
dimwishlist:item=3946054154&perks=1932356121,3230963543,243981275,2675184851
dimwishlist:item=3946054154&perks=1932356121,3230963543,243981275,2890807135
dimwishlist:item=3946054154&perks=1932356121,3230963543,243981275,3581929919
dimwishlist:item=3946054154&perks=1932356121,3230963543,243981275,3081867624
dimwishlist:item=3946054154&perks=1932356121,3230963543,243981275,2963273944
dimwishlist:item=3946054154&perks=1932356121,3230963543,243981275,4104185692
dimwishlist:item=3946054154&perks=1932356121,3230963543,243981275,3007133316
dimwishlist:item=3946054154&perks=1932356121,3230963543,984655331,4293542123
dimwishlist:item=3946054154&perks=1932356121,3230963543,984655331,2675184851
dimwishlist:item=3946054154&perks=1932356121,3230963543,984655331,2890807135
dimwishlist:item=3946054154&perks=1932356121,3230963543,984655331,3581929919
dimwishlist:item=3946054154&perks=1932356121,3230963543,984655331,3081867624
dimwishlist:item=3946054154&perks=1932356121,3230963543,984655331,2963273944
dimwishlist:item=3946054154&perks=1932356121,3230963543,984655331,4104185692
dimwishlist:item=3946054154&perks=1932356121,3230963543,984655331,3007133316
dimwishlist:item=3946054154&perks=1932356121,1709045111,3017780555,4293542123
dimwishlist:item=3946054154&perks=1932356121,1709045111,3017780555,2675184851
dimwishlist:item=3946054154&perks=1932356121,1709045111,3017780555,2890807135
dimwishlist:item=3946054154&perks=1932356121,1709045111,3017780555,3581929919
dimwishlist:item=3946054154&perks=1932356121,1709045111,3017780555,3081867624
dimwishlist:item=3946054154&perks=1932356121,1709045111,3017780555,2963273944
dimwishlist:item=3946054154&perks=1932356121,1709045111,3017780555,4104185692
dimwishlist:item=3946054154&perks=1932356121,1709045111,3017780555,3007133316
dimwishlist:item=3946054154&perks=1932356121,1709045111,4223976499,4293542123
dimwishlist:item=3946054154&perks=1932356121,1709045111,4223976499,2675184851
dimwishlist:item=3946054154&perks=1932356121,1709045111,4223976499,2890807135
dimwishlist:item=3946054154&perks=1932356121,1709045111,4223976499,3581929919
dimwishlist:item=3946054154&perks=1932356121,1709045111,4223976499,3081867624
dimwishlist:item=3946054154&perks=1932356121,1709045111,4223976499,2963273944
dimwishlist:item=3946054154&perks=1932356121,1709045111,4223976499,4104185692
dimwishlist:item=3946054154&perks=1932356121,1709045111,4223976499,3007133316
dimwishlist:item=3946054154&perks=1932356121,1709045111,243981275,4293542123
dimwishlist:item=3946054154&perks=1932356121,1709045111,243981275,2675184851
dimwishlist:item=3946054154&perks=1932356121,1709045111,243981275,2890807135
dimwishlist:item=3946054154&perks=1932356121,1709045111,243981275,3581929919
dimwishlist:item=3946054154&perks=1932356121,1709045111,243981275,3081867624
dimwishlist:item=3946054154&perks=1932356121,1709045111,243981275,2963273944
dimwishlist:item=3946054154&perks=1932356121,1709045111,243981275,4104185692
dimwishlist:item=3946054154&perks=1932356121,1709045111,243981275,3007133316
dimwishlist:item=3946054154&perks=1932356121,1709045111,984655331,4293542123
dimwishlist:item=3946054154&perks=1932356121,1709045111,984655331,2675184851
dimwishlist:item=3946054154&perks=1932356121,1709045111,984655331,2890807135
dimwishlist:item=3946054154&perks=1932356121,1709045111,984655331,3581929919
dimwishlist:item=3946054154&perks=1932356121,1709045111,984655331,3081867624
dimwishlist:item=3946054154&perks=1932356121,1709045111,984655331,2963273944
dimwishlist:item=3946054154&perks=1932356121,1709045111,984655331,4104185692
dimwishlist:item=3946054154&perks=1932356121,1709045111,984655331,3007133316
dimwishlist:item=3946054154&perks=1932356121,679225683,3017780555,4293542123
dimwishlist:item=3946054154&perks=1932356121,679225683,3017780555,2675184851
dimwishlist:item=3946054154&perks=1932356121,679225683,3017780555,2890807135
dimwishlist:item=3946054154&perks=1932356121,679225683,3017780555,3581929919
dimwishlist:item=3946054154&perks=1932356121,679225683,3017780555,3081867624
dimwishlist:item=3946054154&perks=1932356121,679225683,3017780555,2963273944
dimwishlist:item=3946054154&perks=1932356121,679225683,3017780555,4104185692
dimwishlist:item=3946054154&perks=1932356121,679225683,3017780555,3007133316
dimwishlist:item=3946054154&perks=1932356121,679225683,4223976499,4293542123
dimwishlist:item=3946054154&perks=1932356121,679225683,4223976499,2675184851
dimwishlist:item=3946054154&perks=1932356121,679225683,4223976499,2890807135
dimwishlist:item=3946054154&perks=1932356121,679225683,4223976499,3581929919
dimwishlist:item=3946054154&perks=1932356121,679225683,4223976499,3081867624
dimwishlist:item=3946054154&perks=1932356121,679225683,4223976499,2963273944
dimwishlist:item=3946054154&perks=1932356121,679225683,4223976499,4104185692
dimwishlist:item=3946054154&perks=1932356121,679225683,4223976499,3007133316
dimwishlist:item=3946054154&perks=1932356121,679225683,243981275,4293542123
dimwishlist:item=3946054154&perks=1932356121,679225683,243981275,2675184851
dimwishlist:item=3946054154&perks=1932356121,679225683,243981275,2890807135
dimwishlist:item=3946054154&perks=1932356121,679225683,243981275,3581929919
dimwishlist:item=3946054154&perks=1932356121,679225683,243981275,3081867624
dimwishlist:item=3946054154&perks=1932356121,679225683,243981275,2963273944
dimwishlist:item=3946054154&perks=1932356121,679225683,243981275,4104185692
dimwishlist:item=3946054154&perks=1932356121,679225683,243981275,3007133316
dimwishlist:item=3946054154&perks=1932356121,679225683,984655331,4293542123
dimwishlist:item=3946054154&perks=1932356121,679225683,984655331,2675184851
dimwishlist:item=3946054154&perks=1932356121,679225683,984655331,2890807135
dimwishlist:item=3946054154&perks=1932356121,679225683,984655331,3581929919
dimwishlist:item=3946054154&perks=1932356121,679225683,984655331,3081867624
dimwishlist:item=3946054154&perks=1932356121,679225683,984655331,2963273944
dimwishlist:item=3946054154&perks=1932356121,679225683,984655331,4104185692
dimwishlist:item=3946054154&perks=1932356121,679225683,984655331,3007133316
dimwishlist:item=3946054154&perks=1932356121,1807273211,3017780555,4293542123
dimwishlist:item=3946054154&perks=1932356121,1807273211,3017780555,2675184851
dimwishlist:item=3946054154&perks=1932356121,1807273211,3017780555,2890807135
dimwishlist:item=3946054154&perks=1932356121,1807273211,3017780555,3581929919
dimwishlist:item=3946054154&perks=1932356121,1807273211,3017780555,3081867624
dimwishlist:item=3946054154&perks=1932356121,1807273211,3017780555,2963273944
dimwishlist:item=3946054154&perks=1932356121,1807273211,3017780555,4104185692
dimwishlist:item=3946054154&perks=1932356121,1807273211,3017780555,3007133316
dimwishlist:item=3946054154&perks=1932356121,1807273211,4223976499,4293542123
dimwishlist:item=3946054154&perks=1932356121,1807273211,4223976499,2675184851
dimwishlist:item=3946054154&perks=1932356121,1807273211,4223976499,2890807135
dimwishlist:item=3946054154&perks=1932356121,1807273211,4223976499,3581929919
dimwishlist:item=3946054154&perks=1932356121,1807273211,4223976499,3081867624
dimwishlist:item=3946054154&perks=1932356121,1807273211,4223976499,2963273944
dimwishlist:item=3946054154&perks=1932356121,1807273211,4223976499,4104185692
dimwishlist:item=3946054154&perks=1932356121,1807273211,4223976499,3007133316
dimwishlist:item=3946054154&perks=1932356121,1807273211,243981275,4293542123
dimwishlist:item=3946054154&perks=1932356121,1807273211,243981275,2675184851
dimwishlist:item=3946054154&perks=1932356121,1807273211,243981275,2890807135
dimwishlist:item=3946054154&perks=1932356121,1807273211,243981275,3581929919
dimwishlist:item=3946054154&perks=1932356121,1807273211,243981275,3081867624
dimwishlist:item=3946054154&perks=1932356121,1807273211,243981275,2963273944
dimwishlist:item=3946054154&perks=1932356121,1807273211,243981275,4104185692
dimwishlist:item=3946054154&perks=1932356121,1807273211,243981275,3007133316
dimwishlist:item=3946054154&perks=1932356121,1807273211,984655331,4293542123
dimwishlist:item=3946054154&perks=1932356121,1807273211,984655331,2675184851
dimwishlist:item=3946054154&perks=1932356121,1807273211,984655331,2890807135
dimwishlist:item=3946054154&perks=1932356121,1807273211,984655331,3581929919
dimwishlist:item=3946054154&perks=1932356121,1807273211,984655331,3081867624
dimwishlist:item=3946054154&perks=1932356121,1807273211,984655331,2963273944
dimwishlist:item=3946054154&perks=1932356121,1807273211,984655331,4104185692
dimwishlist:item=3946054154&perks=1932356121,1807273211,984655331,3007133316
dimwishlist:item=3946054154&perks=1932356121,1885400500,3017780555,4293542123
dimwishlist:item=3946054154&perks=1932356121,1885400500,3017780555,2675184851
dimwishlist:item=3946054154&perks=1932356121,1885400500,3017780555,2890807135
dimwishlist:item=3946054154&perks=1932356121,1885400500,3017780555,3581929919
dimwishlist:item=3946054154&perks=1932356121,1885400500,3017780555,3081867624
dimwishlist:item=3946054154&perks=1932356121,1885400500,3017780555,2963273944
dimwishlist:item=3946054154&perks=1932356121,1885400500,3017780555,4104185692
dimwishlist:item=3946054154&perks=1932356121,1885400500,3017780555,3007133316
dimwishlist:item=3946054154&perks=1932356121,1885400500,4223976499,4293542123
dimwishlist:item=3946054154&perks=1932356121,1885400500,4223976499,2675184851
dimwishlist:item=3946054154&perks=1932356121,1885400500,4223976499,2890807135
dimwishlist:item=3946054154&perks=1932356121,1885400500,4223976499,3581929919
dimwishlist:item=3946054154&perks=1932356121,1885400500,4223976499,3081867624
dimwishlist:item=3946054154&perks=1932356121,1885400500,4223976499,2963273944
dimwishlist:item=3946054154&perks=1932356121,1885400500,4223976499,4104185692
dimwishlist:item=3946054154&perks=1932356121,1885400500,4223976499,3007133316
dimwishlist:item=3946054154&perks=1932356121,1885400500,243981275,4293542123
dimwishlist:item=3946054154&perks=1932356121,1885400500,243981275,2675184851
dimwishlist:item=3946054154&perks=1932356121,1885400500,243981275,2890807135
dimwishlist:item=3946054154&perks=1932356121,1885400500,243981275,3581929919
dimwishlist:item=3946054154&perks=1932356121,1885400500,243981275,3081867624
dimwishlist:item=3946054154&perks=1932356121,1885400500,243981275,2963273944
dimwishlist:item=3946054154&perks=1932356121,1885400500,243981275,4104185692
dimwishlist:item=3946054154&perks=1932356121,1885400500,243981275,3007133316
dimwishlist:item=3946054154&perks=1932356121,1885400500,984655331,4293542123
dimwishlist:item=3946054154&perks=1932356121,1885400500,984655331,2675184851
dimwishlist:item=3946054154&perks=1932356121,1885400500,984655331,2890807135
dimwishlist:item=3946054154&perks=1932356121,1885400500,984655331,3581929919
dimwishlist:item=3946054154&perks=1932356121,1885400500,984655331,3081867624
dimwishlist:item=3946054154&perks=1932356121,1885400500,984655331,2963273944
dimwishlist:item=3946054154&perks=1932356121,1885400500,984655331,4104185692
dimwishlist:item=3946054154&perks=1932356121,1885400500,984655331,3007133316
dimwishlist:item=3946054154&perks=1932356121,1968098204,3017780555,4293542123
dimwishlist:item=3946054154&perks=1932356121,1968098204,3017780555,2675184851
dimwishlist:item=3946054154&perks=1932356121,1968098204,3017780555,2890807135
dimwishlist:item=3946054154&perks=1932356121,1968098204,3017780555,3581929919
dimwishlist:item=3946054154&perks=1932356121,1968098204,3017780555,3081867624
dimwishlist:item=3946054154&perks=1932356121,1968098204,3017780555,2963273944
dimwishlist:item=3946054154&perks=1932356121,1968098204,3017780555,4104185692
dimwishlist:item=3946054154&perks=1932356121,1968098204,3017780555,3007133316
dimwishlist:item=3946054154&perks=1932356121,1968098204,4223976499,4293542123
dimwishlist:item=3946054154&perks=1932356121,1968098204,4223976499,2675184851
dimwishlist:item=3946054154&perks=1932356121,1968098204,4223976499,2890807135
dimwishlist:item=3946054154&perks=1932356121,1968098204,4223976499,3581929919
dimwishlist:item=3946054154&perks=1932356121,1968098204,4223976499,3081867624
dimwishlist:item=3946054154&perks=1932356121,1968098204,4223976499,2963273944
dimwishlist:item=3946054154&perks=1932356121,1968098204,4223976499,4104185692
dimwishlist:item=3946054154&perks=1932356121,1968098204,4223976499,3007133316
dimwishlist:item=3946054154&perks=1932356121,1968098204,243981275,4293542123
dimwishlist:item=3946054154&perks=1932356121,1968098204,243981275,2675184851
dimwishlist:item=3946054154&perks=1932356121,1968098204,243981275,2890807135
dimwishlist:item=3946054154&perks=1932356121,1968098204,243981275,3581929919
dimwishlist:item=3946054154&perks=1932356121,1968098204,243981275,3081867624
dimwishlist:item=3946054154&perks=1932356121,1968098204,243981275,2963273944
dimwishlist:item=3946054154&perks=1932356121,1968098204,243981275,4104185692
dimwishlist:item=3946054154&perks=1932356121,1968098204,243981275,3007133316
dimwishlist:item=3946054154&perks=1932356121,1968098204,984655331,4293542123
dimwishlist:item=3946054154&perks=1932356121,1968098204,984655331,2675184851
dimwishlist:item=3946054154&perks=1932356121,1968098204,984655331,2890807135
dimwishlist:item=3946054154&perks=1932356121,1968098204,984655331,3581929919
dimwishlist:item=3946054154&perks=1932356121,1968098204,984655331,3081867624
dimwishlist:item=3946054154&perks=1932356121,1968098204,984655331,2963273944
dimwishlist:item=3946054154&perks=1932356121,1968098204,984655331,4104185692
dimwishlist:item=3946054154&perks=1932356121,1968098204,984655331,3007133316
dimwishlist:item=3946054154&perks=3250034553,3230963543,3017780555,4293542123
dimwishlist:item=3946054154&perks=3250034553,3230963543,3017780555,2675184851
dimwishlist:item=3946054154&perks=3250034553,3230963543,3017780555,2890807135
dimwishlist:item=3946054154&perks=3250034553,3230963543,3017780555,3581929919
dimwishlist:item=3946054154&perks=3250034553,3230963543,3017780555,3081867624
dimwishlist:item=3946054154&perks=3250034553,3230963543,3017780555,2963273944
dimwishlist:item=3946054154&perks=3250034553,3230963543,3017780555,4104185692
dimwishlist:item=3946054154&perks=3250034553,3230963543,3017780555,3007133316
dimwishlist:item=3946054154&perks=3250034553,3230963543,4223976499,4293542123
dimwishlist:item=3946054154&perks=3250034553,3230963543,4223976499,2675184851
dimwishlist:item=3946054154&perks=3250034553,3230963543,4223976499,2890807135
dimwishlist:item=3946054154&perks=3250034553,3230963543,4223976499,3581929919
dimwishlist:item=3946054154&perks=3250034553,3230963543,4223976499,3081867624
dimwishlist:item=3946054154&perks=3250034553,3230963543,4223976499,2963273944
dimwishlist:item=3946054154&perks=3250034553,3230963543,4223976499,4104185692
dimwishlist:item=3946054154&perks=3250034553,3230963543,4223976499,3007133316
dimwishlist:item=3946054154&perks=3250034553,3230963543,243981275,4293542123
dimwishlist:item=3946054154&perks=3250034553,3230963543,243981275,2675184851
dimwishlist:item=3946054154&perks=3250034553,3230963543,243981275,2890807135
dimwishlist:item=3946054154&perks=3250034553,3230963543,243981275,3581929919
dimwishlist:item=3946054154&perks=3250034553,3230963543,243981275,3081867624
dimwishlist:item=3946054154&perks=3250034553,3230963543,243981275,2963273944
dimwishlist:item=3946054154&perks=3250034553,3230963543,243981275,4104185692
dimwishlist:item=3946054154&perks=3250034553,3230963543,243981275,3007133316
dimwishlist:item=3946054154&perks=3250034553,3230963543,984655331,4293542123
dimwishlist:item=3946054154&perks=3250034553,3230963543,984655331,2675184851
dimwishlist:item=3946054154&perks=3250034553,3230963543,984655331,2890807135
dimwishlist:item=3946054154&perks=3250034553,3230963543,984655331,3581929919
dimwishlist:item=3946054154&perks=3250034553,3230963543,984655331,3081867624
dimwishlist:item=3946054154&perks=3250034553,3230963543,984655331,2963273944
dimwishlist:item=3946054154&perks=3250034553,3230963543,984655331,4104185692
dimwishlist:item=3946054154&perks=3250034553,3230963543,984655331,3007133316
dimwishlist:item=3946054154&perks=3250034553,1709045111,3017780555,4293542123
dimwishlist:item=3946054154&perks=3250034553,1709045111,3017780555,2675184851
dimwishlist:item=3946054154&perks=3250034553,1709045111,3017780555,2890807135
dimwishlist:item=3946054154&perks=3250034553,1709045111,3017780555,3581929919
dimwishlist:item=3946054154&perks=3250034553,1709045111,3017780555,3081867624
dimwishlist:item=3946054154&perks=3250034553,1709045111,3017780555,2963273944
dimwishlist:item=3946054154&perks=3250034553,1709045111,3017780555,4104185692
dimwishlist:item=3946054154&perks=3250034553,1709045111,3017780555,3007133316
dimwishlist:item=3946054154&perks=3250034553,1709045111,4223976499,4293542123
dimwishlist:item=3946054154&perks=3250034553,1709045111,4223976499,2675184851
dimwishlist:item=3946054154&perks=3250034553,1709045111,4223976499,2890807135
dimwishlist:item=3946054154&perks=3250034553,1709045111,4223976499,3581929919
dimwishlist:item=3946054154&perks=3250034553,1709045111,4223976499,3081867624
dimwishlist:item=3946054154&perks=3250034553,1709045111,4223976499,2963273944
dimwishlist:item=3946054154&perks=3250034553,1709045111,4223976499,4104185692
dimwishlist:item=3946054154&perks=3250034553,1709045111,4223976499,3007133316
dimwishlist:item=3946054154&perks=3250034553,1709045111,243981275,4293542123
dimwishlist:item=3946054154&perks=3250034553,1709045111,243981275,2675184851
dimwishlist:item=3946054154&perks=3250034553,1709045111,243981275,2890807135
dimwishlist:item=3946054154&perks=3250034553,1709045111,243981275,3581929919
dimwishlist:item=3946054154&perks=3250034553,1709045111,243981275,3081867624
dimwishlist:item=3946054154&perks=3250034553,1709045111,243981275,2963273944
dimwishlist:item=3946054154&perks=3250034553,1709045111,243981275,4104185692
dimwishlist:item=3946054154&perks=3250034553,1709045111,243981275,3007133316
dimwishlist:item=3946054154&perks=3250034553,1709045111,984655331,4293542123
dimwishlist:item=3946054154&perks=3250034553,1709045111,984655331,2675184851
dimwishlist:item=3946054154&perks=3250034553,1709045111,984655331,2890807135
dimwishlist:item=3946054154&perks=3250034553,1709045111,984655331,3581929919
dimwishlist:item=3946054154&perks=3250034553,1709045111,984655331,3081867624
dimwishlist:item=3946054154&perks=3250034553,1709045111,984655331,2963273944
dimwishlist:item=3946054154&perks=3250034553,1709045111,984655331,4104185692
dimwishlist:item=3946054154&perks=3250034553,1709045111,984655331,3007133316
dimwishlist:item=3946054154&perks=3250034553,679225683,3017780555,4293542123
dimwishlist:item=3946054154&perks=3250034553,679225683,3017780555,2675184851
dimwishlist:item=3946054154&perks=3250034553,679225683,3017780555,2890807135
dimwishlist:item=3946054154&perks=3250034553,679225683,3017780555,3581929919
dimwishlist:item=3946054154&perks=3250034553,679225683,3017780555,3081867624
dimwishlist:item=3946054154&perks=3250034553,679225683,3017780555,2963273944
dimwishlist:item=3946054154&perks=3250034553,679225683,3017780555,4104185692
dimwishlist:item=3946054154&perks=3250034553,679225683,3017780555,3007133316
dimwishlist:item=3946054154&perks=3250034553,679225683,4223976499,4293542123
dimwishlist:item=3946054154&perks=3250034553,679225683,4223976499,2675184851
dimwishlist:item=3946054154&perks=3250034553,679225683,4223976499,2890807135
dimwishlist:item=3946054154&perks=3250034553,679225683,4223976499,3581929919
dimwishlist:item=3946054154&perks=3250034553,679225683,4223976499,3081867624
dimwishlist:item=3946054154&perks=3250034553,679225683,4223976499,2963273944
dimwishlist:item=3946054154&perks=3250034553,679225683,4223976499,4104185692
dimwishlist:item=3946054154&perks=3250034553,679225683,4223976499,3007133316
dimwishlist:item=3946054154&perks=3250034553,679225683,243981275,4293542123
dimwishlist:item=3946054154&perks=3250034553,679225683,243981275,2675184851
dimwishlist:item=3946054154&perks=3250034553,679225683,243981275,2890807135
dimwishlist:item=3946054154&perks=3250034553,679225683,243981275,3581929919
dimwishlist:item=3946054154&perks=3250034553,679225683,243981275,3081867624
dimwishlist:item=3946054154&perks=3250034553,679225683,243981275,2963273944
dimwishlist:item=3946054154&perks=3250034553,679225683,243981275,4104185692
dimwishlist:item=3946054154&perks=3250034553,679225683,243981275,3007133316
dimwishlist:item=3946054154&perks=3250034553,679225683,984655331,4293542123
dimwishlist:item=3946054154&perks=3250034553,679225683,984655331,2675184851
dimwishlist:item=3946054154&perks=3250034553,679225683,984655331,2890807135
dimwishlist:item=3946054154&perks=3250034553,679225683,984655331,3581929919
dimwishlist:item=3946054154&perks=3250034553,679225683,984655331,3081867624
dimwishlist:item=3946054154&perks=3250034553,679225683,984655331,2963273944
dimwishlist:item=3946054154&perks=3250034553,679225683,984655331,4104185692
dimwishlist:item=3946054154&perks=3250034553,679225683,984655331,3007133316
dimwishlist:item=3946054154&perks=3250034553,1807273211,3017780555,4293542123
dimwishlist:item=3946054154&perks=3250034553,1807273211,3017780555,2675184851
dimwishlist:item=3946054154&perks=3250034553,1807273211,3017780555,2890807135
dimwishlist:item=3946054154&perks=3250034553,1807273211,3017780555,3581929919
dimwishlist:item=3946054154&perks=3250034553,1807273211,3017780555,3081867624
dimwishlist:item=3946054154&perks=3250034553,1807273211,3017780555,2963273944
dimwishlist:item=3946054154&perks=3250034553,1807273211,3017780555,4104185692
dimwishlist:item=3946054154&perks=3250034553,1807273211,3017780555,3007133316
dimwishlist:item=3946054154&perks=3250034553,1807273211,4223976499,4293542123
dimwishlist:item=3946054154&perks=3250034553,1807273211,4223976499,2675184851
dimwishlist:item=3946054154&perks=3250034553,1807273211,4223976499,2890807135
dimwishlist:item=3946054154&perks=3250034553,1807273211,4223976499,3581929919
dimwishlist:item=3946054154&perks=3250034553,1807273211,4223976499,3081867624
dimwishlist:item=3946054154&perks=3250034553,1807273211,4223976499,2963273944
dimwishlist:item=3946054154&perks=3250034553,1807273211,4223976499,4104185692
dimwishlist:item=3946054154&perks=3250034553,1807273211,4223976499,3007133316
dimwishlist:item=3946054154&perks=3250034553,1807273211,243981275,4293542123
dimwishlist:item=3946054154&perks=3250034553,1807273211,243981275,2675184851
dimwishlist:item=3946054154&perks=3250034553,1807273211,243981275,2890807135
dimwishlist:item=3946054154&perks=3250034553,1807273211,243981275,3581929919
dimwishlist:item=3946054154&perks=3250034553,1807273211,243981275,3081867624
dimwishlist:item=3946054154&perks=3250034553,1807273211,243981275,2963273944
dimwishlist:item=3946054154&perks=3250034553,1807273211,243981275,4104185692
dimwishlist:item=3946054154&perks=3250034553,1807273211,243981275,3007133316
dimwishlist:item=3946054154&perks=3250034553,1807273211,984655331,4293542123
dimwishlist:item=3946054154&perks=3250034553,1807273211,984655331,2675184851
dimwishlist:item=3946054154&perks=3250034553,1807273211,984655331,2890807135
dimwishlist:item=3946054154&perks=3250034553,1807273211,984655331,3581929919
dimwishlist:item=3946054154&perks=3250034553,1807273211,984655331,3081867624
dimwishlist:item=3946054154&perks=3250034553,1807273211,984655331,2963273944
dimwishlist:item=3946054154&perks=3250034553,1807273211,984655331,4104185692
dimwishlist:item=3946054154&perks=3250034553,1807273211,984655331,3007133316
dimwishlist:item=3946054154&perks=3250034553,1885400500,3017780555,4293542123
dimwishlist:item=3946054154&perks=3250034553,1885400500,3017780555,2675184851
dimwishlist:item=3946054154&perks=3250034553,1885400500,3017780555,2890807135
dimwishlist:item=3946054154&perks=3250034553,1885400500,3017780555,3581929919
dimwishlist:item=3946054154&perks=3250034553,1885400500,3017780555,3081867624
dimwishlist:item=3946054154&perks=3250034553,1885400500,3017780555,2963273944
dimwishlist:item=3946054154&perks=3250034553,1885400500,3017780555,4104185692
dimwishlist:item=3946054154&perks=3250034553,1885400500,3017780555,3007133316
dimwishlist:item=3946054154&perks=3250034553,1885400500,4223976499,4293542123
dimwishlist:item=3946054154&perks=3250034553,1885400500,4223976499,2675184851
dimwishlist:item=3946054154&perks=3250034553,1885400500,4223976499,2890807135
dimwishlist:item=3946054154&perks=3250034553,1885400500,4223976499,3581929919
dimwishlist:item=3946054154&perks=3250034553,1885400500,4223976499,3081867624
dimwishlist:item=3946054154&perks=3250034553,1885400500,4223976499,2963273944
dimwishlist:item=3946054154&perks=3250034553,1885400500,4223976499,4104185692
dimwishlist:item=3946054154&perks=3250034553,1885400500,4223976499,3007133316
dimwishlist:item=3946054154&perks=3250034553,1885400500,243981275,4293542123
dimwishlist:item=3946054154&perks=3250034553,1885400500,243981275,2675184851
dimwishlist:item=3946054154&perks=3250034553,1885400500,243981275,2890807135
dimwishlist:item=3946054154&perks=3250034553,1885400500,243981275,3581929919
dimwishlist:item=3946054154&perks=3250034553,1885400500,243981275,3081867624
dimwishlist:item=3946054154&perks=3250034553,1885400500,243981275,2963273944
dimwishlist:item=3946054154&perks=3250034553,1885400500,243981275,4104185692
dimwishlist:item=3946054154&perks=3250034553,1885400500,243981275,3007133316
dimwishlist:item=3946054154&perks=3250034553,1885400500,984655331,4293542123
dimwishlist:item=3946054154&perks=3250034553,1885400500,984655331,2675184851
dimwishlist:item=3946054154&perks=3250034553,1885400500,984655331,2890807135
dimwishlist:item=3946054154&perks=3250034553,1885400500,984655331,3581929919
dimwishlist:item=3946054154&perks=3250034553,1885400500,984655331,3081867624
dimwishlist:item=3946054154&perks=3250034553,1885400500,984655331,2963273944
dimwishlist:item=3946054154&perks=3250034553,1885400500,984655331,4104185692
dimwishlist:item=3946054154&perks=3250034553,1885400500,984655331,3007133316
dimwishlist:item=3946054154&perks=3250034553,1968098204,3017780555,4293542123
dimwishlist:item=3946054154&perks=3250034553,1968098204,3017780555,2675184851
dimwishlist:item=3946054154&perks=3250034553,1968098204,3017780555,2890807135
dimwishlist:item=3946054154&perks=3250034553,1968098204,3017780555,3581929919
dimwishlist:item=3946054154&perks=3250034553,1968098204,3017780555,3081867624
dimwishlist:item=3946054154&perks=3250034553,1968098204,3017780555,2963273944
dimwishlist:item=3946054154&perks=3250034553,1968098204,3017780555,4104185692
dimwishlist:item=3946054154&perks=3250034553,1968098204,3017780555,3007133316
dimwishlist:item=3946054154&perks=3250034553,1968098204,4223976499,4293542123
dimwishlist:item=3946054154&perks=3250034553,1968098204,4223976499,2675184851
dimwishlist:item=3946054154&perks=3250034553,1968098204,4223976499,2890807135
dimwishlist:item=3946054154&perks=3250034553,1968098204,4223976499,3581929919
dimwishlist:item=3946054154&perks=3250034553,1968098204,4223976499,3081867624
dimwishlist:item=3946054154&perks=3250034553,1968098204,4223976499,2963273944
dimwishlist:item=3946054154&perks=3250034553,1968098204,4223976499,4104185692
dimwishlist:item=3946054154&perks=3250034553,1968098204,4223976499,3007133316
dimwishlist:item=3946054154&perks=3250034553,1968098204,243981275,4293542123
dimwishlist:item=3946054154&perks=3250034553,1968098204,243981275,2675184851
dimwishlist:item=3946054154&perks=3250034553,1968098204,243981275,2890807135
dimwishlist:item=3946054154&perks=3250034553,1968098204,243981275,3581929919
dimwishlist:item=3946054154&perks=3250034553,1968098204,243981275,3081867624
dimwishlist:item=3946054154&perks=3250034553,1968098204,243981275,2963273944
dimwishlist:item=3946054154&perks=3250034553,1968098204,243981275,4104185692
dimwishlist:item=3946054154&perks=3250034553,1968098204,243981275,3007133316
dimwishlist:item=3946054154&perks=3250034553,1968098204,984655331,4293542123
dimwishlist:item=3946054154&perks=3250034553,1968098204,984655331,2675184851
dimwishlist:item=3946054154&perks=3250034553,1968098204,984655331,2890807135
dimwishlist:item=3946054154&perks=3250034553,1968098204,984655331,3581929919
dimwishlist:item=3946054154&perks=3250034553,1968098204,984655331,3081867624
dimwishlist:item=3946054154&perks=3250034553,1968098204,984655331,2963273944
dimwishlist:item=3946054154&perks=3250034553,1968098204,984655331,4104185692
dimwishlist:item=3946054154&perks=3250034553,1968098204,984655331,3007133316
dimwishlist:item=3946054154&perks=1147230557,3230963543,3017780555,4293542123
dimwishlist:item=3946054154&perks=1147230557,3230963543,3017780555,2675184851
dimwishlist:item=3946054154&perks=1147230557,3230963543,3017780555,2890807135
dimwishlist:item=3946054154&perks=1147230557,3230963543,3017780555,3581929919
dimwishlist:item=3946054154&perks=1147230557,3230963543,3017780555,3081867624
dimwishlist:item=3946054154&perks=1147230557,3230963543,3017780555,2963273944
dimwishlist:item=3946054154&perks=1147230557,3230963543,3017780555,4104185692
dimwishlist:item=3946054154&perks=1147230557,3230963543,3017780555,3007133316
dimwishlist:item=3946054154&perks=1147230557,3230963543,4223976499,4293542123
dimwishlist:item=3946054154&perks=1147230557,3230963543,4223976499,2675184851
dimwishlist:item=3946054154&perks=1147230557,3230963543,4223976499,2890807135
dimwishlist:item=3946054154&perks=1147230557,3230963543,4223976499,3581929919
dimwishlist:item=3946054154&perks=1147230557,3230963543,4223976499,3081867624
dimwishlist:item=3946054154&perks=1147230557,3230963543,4223976499,2963273944
dimwishlist:item=3946054154&perks=1147230557,3230963543,4223976499,4104185692
dimwishlist:item=3946054154&perks=1147230557,3230963543,4223976499,3007133316
dimwishlist:item=3946054154&perks=1147230557,3230963543,243981275,4293542123
dimwishlist:item=3946054154&perks=1147230557,3230963543,243981275,2675184851
dimwishlist:item=3946054154&perks=1147230557,3230963543,243981275,2890807135
dimwishlist:item=3946054154&perks=1147230557,3230963543,243981275,3581929919
dimwishlist:item=3946054154&perks=1147230557,3230963543,243981275,3081867624
dimwishlist:item=3946054154&perks=1147230557,3230963543,243981275,2963273944
dimwishlist:item=3946054154&perks=1147230557,3230963543,243981275,4104185692
dimwishlist:item=3946054154&perks=1147230557,3230963543,243981275,3007133316
dimwishlist:item=3946054154&perks=1147230557,3230963543,984655331,4293542123
dimwishlist:item=3946054154&perks=1147230557,3230963543,984655331,2675184851
dimwishlist:item=3946054154&perks=1147230557,3230963543,984655331,2890807135
dimwishlist:item=3946054154&perks=1147230557,3230963543,984655331,3581929919
dimwishlist:item=3946054154&perks=1147230557,3230963543,984655331,3081867624
dimwishlist:item=3946054154&perks=1147230557,3230963543,984655331,2963273944
dimwishlist:item=3946054154&perks=1147230557,3230963543,984655331,4104185692
dimwishlist:item=3946054154&perks=1147230557,3230963543,984655331,3007133316
dimwishlist:item=3946054154&perks=1147230557,1709045111,3017780555,4293542123
dimwishlist:item=3946054154&perks=1147230557,1709045111,3017780555,2675184851
dimwishlist:item=3946054154&perks=1147230557,1709045111,3017780555,2890807135
dimwishlist:item=3946054154&perks=1147230557,1709045111,3017780555,3581929919
dimwishlist:item=3946054154&perks=1147230557,1709045111,3017780555,3081867624
dimwishlist:item=3946054154&perks=1147230557,1709045111,3017780555,2963273944
dimwishlist:item=3946054154&perks=1147230557,1709045111,3017780555,4104185692
dimwishlist:item=3946054154&perks=1147230557,1709045111,3017780555,3007133316
dimwishlist:item=3946054154&perks=1147230557,1709045111,4223976499,4293542123
dimwishlist:item=3946054154&perks=1147230557,1709045111,4223976499,2675184851
dimwishlist:item=3946054154&perks=1147230557,1709045111,4223976499,2890807135
dimwishlist:item=3946054154&perks=1147230557,1709045111,4223976499,3581929919
dimwishlist:item=3946054154&perks=1147230557,1709045111,4223976499,3081867624
dimwishlist:item=3946054154&perks=1147230557,1709045111,4223976499,2963273944
dimwishlist:item=3946054154&perks=1147230557,1709045111,4223976499,4104185692
dimwishlist:item=3946054154&perks=1147230557,1709045111,4223976499,3007133316
dimwishlist:item=3946054154&perks=1147230557,1709045111,243981275,4293542123
dimwishlist:item=3946054154&perks=1147230557,1709045111,243981275,2675184851
dimwishlist:item=3946054154&perks=1147230557,1709045111,243981275,2890807135
dimwishlist:item=3946054154&perks=1147230557,1709045111,243981275,3581929919
dimwishlist:item=3946054154&perks=1147230557,1709045111,243981275,3081867624
dimwishlist:item=3946054154&perks=1147230557,1709045111,243981275,2963273944
dimwishlist:item=3946054154&perks=1147230557,1709045111,243981275,4104185692
dimwishlist:item=3946054154&perks=1147230557,1709045111,243981275,3007133316
dimwishlist:item=3946054154&perks=1147230557,1709045111,984655331,4293542123
dimwishlist:item=3946054154&perks=1147230557,1709045111,984655331,2675184851
dimwishlist:item=3946054154&perks=1147230557,1709045111,984655331,2890807135
dimwishlist:item=3946054154&perks=1147230557,1709045111,984655331,3581929919
dimwishlist:item=3946054154&perks=1147230557,1709045111,984655331,3081867624
dimwishlist:item=3946054154&perks=1147230557,1709045111,984655331,2963273944
dimwishlist:item=3946054154&perks=1147230557,1709045111,984655331,4104185692
dimwishlist:item=3946054154&perks=1147230557,1709045111,984655331,3007133316
dimwishlist:item=3946054154&perks=1147230557,679225683,3017780555,4293542123
dimwishlist:item=3946054154&perks=1147230557,679225683,3017780555,2675184851
dimwishlist:item=3946054154&perks=1147230557,679225683,3017780555,2890807135
dimwishlist:item=3946054154&perks=1147230557,679225683,3017780555,3581929919
dimwishlist:item=3946054154&perks=1147230557,679225683,3017780555,3081867624
dimwishlist:item=3946054154&perks=1147230557,679225683,3017780555,2963273944
dimwishlist:item=3946054154&perks=1147230557,679225683,3017780555,4104185692
dimwishlist:item=3946054154&perks=1147230557,679225683,3017780555,3007133316
dimwishlist:item=3946054154&perks=1147230557,679225683,4223976499,4293542123
dimwishlist:item=3946054154&perks=1147230557,679225683,4223976499,2675184851
dimwishlist:item=3946054154&perks=1147230557,679225683,4223976499,2890807135
dimwishlist:item=3946054154&perks=1147230557,679225683,4223976499,3581929919
dimwishlist:item=3946054154&perks=1147230557,679225683,4223976499,3081867624
dimwishlist:item=3946054154&perks=1147230557,679225683,4223976499,2963273944
dimwishlist:item=3946054154&perks=1147230557,679225683,4223976499,4104185692
dimwishlist:item=3946054154&perks=1147230557,679225683,4223976499,3007133316
dimwishlist:item=3946054154&perks=1147230557,679225683,243981275,4293542123
dimwishlist:item=3946054154&perks=1147230557,679225683,243981275,2675184851
dimwishlist:item=3946054154&perks=1147230557,679225683,243981275,2890807135
dimwishlist:item=3946054154&perks=1147230557,679225683,243981275,3581929919
dimwishlist:item=3946054154&perks=1147230557,679225683,243981275,3081867624
dimwishlist:item=3946054154&perks=1147230557,679225683,243981275,2963273944
dimwishlist:item=3946054154&perks=1147230557,679225683,243981275,4104185692
dimwishlist:item=3946054154&perks=1147230557,679225683,243981275,3007133316
dimwishlist:item=3946054154&perks=1147230557,679225683,984655331,4293542123
dimwishlist:item=3946054154&perks=1147230557,679225683,984655331,2675184851
dimwishlist:item=3946054154&perks=1147230557,679225683,984655331,2890807135
dimwishlist:item=3946054154&perks=1147230557,679225683,984655331,3581929919
dimwishlist:item=3946054154&perks=1147230557,679225683,984655331,3081867624
dimwishlist:item=3946054154&perks=1147230557,679225683,984655331,2963273944
dimwishlist:item=3946054154&perks=1147230557,679225683,984655331,4104185692
dimwishlist:item=3946054154&perks=1147230557,679225683,984655331,3007133316
dimwishlist:item=3946054154&perks=1147230557,1807273211,3017780555,4293542123
dimwishlist:item=3946054154&perks=1147230557,1807273211,3017780555,2675184851
dimwishlist:item=3946054154&perks=1147230557,1807273211,3017780555,2890807135
dimwishlist:item=3946054154&perks=1147230557,1807273211,3017780555,3581929919
dimwishlist:item=3946054154&perks=1147230557,1807273211,3017780555,3081867624
dimwishlist:item=3946054154&perks=1147230557,1807273211,3017780555,2963273944
dimwishlist:item=3946054154&perks=1147230557,1807273211,3017780555,4104185692
dimwishlist:item=3946054154&perks=1147230557,1807273211,3017780555,3007133316
dimwishlist:item=3946054154&perks=1147230557,1807273211,4223976499,4293542123
dimwishlist:item=3946054154&perks=1147230557,1807273211,4223976499,2675184851
dimwishlist:item=3946054154&perks=1147230557,1807273211,4223976499,2890807135
dimwishlist:item=3946054154&perks=1147230557,1807273211,4223976499,3581929919
dimwishlist:item=3946054154&perks=1147230557,1807273211,4223976499,3081867624
dimwishlist:item=3946054154&perks=1147230557,1807273211,4223976499,2963273944
dimwishlist:item=3946054154&perks=1147230557,1807273211,4223976499,4104185692
dimwishlist:item=3946054154&perks=1147230557,1807273211,4223976499,3007133316
dimwishlist:item=3946054154&perks=1147230557,1807273211,243981275,4293542123
dimwishlist:item=3946054154&perks=1147230557,1807273211,243981275,2675184851
dimwishlist:item=3946054154&perks=1147230557,1807273211,243981275,2890807135
dimwishlist:item=3946054154&perks=1147230557,1807273211,243981275,3581929919
dimwishlist:item=3946054154&perks=1147230557,1807273211,243981275,3081867624
dimwishlist:item=3946054154&perks=1147230557,1807273211,243981275,2963273944
dimwishlist:item=3946054154&perks=1147230557,1807273211,243981275,4104185692
dimwishlist:item=3946054154&perks=1147230557,1807273211,243981275,3007133316
dimwishlist:item=3946054154&perks=1147230557,1807273211,984655331,4293542123
dimwishlist:item=3946054154&perks=1147230557,1807273211,984655331,2675184851
dimwishlist:item=3946054154&perks=1147230557,1807273211,984655331,2890807135
dimwishlist:item=3946054154&perks=1147230557,1807273211,984655331,3581929919
dimwishlist:item=3946054154&perks=1147230557,1807273211,984655331,3081867624
dimwishlist:item=3946054154&perks=1147230557,1807273211,984655331,2963273944
dimwishlist:item=3946054154&perks=1147230557,1807273211,984655331,4104185692
dimwishlist:item=3946054154&perks=1147230557,1807273211,984655331,3007133316
dimwishlist:item=3946054154&perks=1147230557,1885400500,3017780555,4293542123
dimwishlist:item=3946054154&perks=1147230557,1885400500,3017780555,2675184851
dimwishlist:item=3946054154&perks=1147230557,1885400500,3017780555,2890807135
dimwishlist:item=3946054154&perks=1147230557,1885400500,3017780555,3581929919
dimwishlist:item=3946054154&perks=1147230557,1885400500,3017780555,3081867624
dimwishlist:item=3946054154&perks=1147230557,1885400500,3017780555,2963273944
dimwishlist:item=3946054154&perks=1147230557,1885400500,3017780555,4104185692
dimwishlist:item=3946054154&perks=1147230557,1885400500,3017780555,3007133316
dimwishlist:item=3946054154&perks=1147230557,1885400500,4223976499,4293542123
dimwishlist:item=3946054154&perks=1147230557,1885400500,4223976499,2675184851
dimwishlist:item=3946054154&perks=1147230557,1885400500,4223976499,2890807135
dimwishlist:item=3946054154&perks=1147230557,1885400500,4223976499,3581929919
dimwishlist:item=3946054154&perks=1147230557,1885400500,4223976499,3081867624
dimwishlist:item=3946054154&perks=1147230557,1885400500,4223976499,2963273944
dimwishlist:item=3946054154&perks=1147230557,1885400500,4223976499,4104185692
dimwishlist:item=3946054154&perks=1147230557,1885400500,4223976499,3007133316
dimwishlist:item=3946054154&perks=1147230557,1885400500,243981275,4293542123
dimwishlist:item=3946054154&perks=1147230557,1885400500,243981275,2675184851
dimwishlist:item=3946054154&perks=1147230557,1885400500,243981275,2890807135
dimwishlist:item=3946054154&perks=1147230557,1885400500,243981275,3581929919
dimwishlist:item=3946054154&perks=1147230557,1885400500,243981275,3081867624
dimwishlist:item=3946054154&perks=1147230557,1885400500,243981275,2963273944
dimwishlist:item=3946054154&perks=1147230557,1885400500,243981275,4104185692
dimwishlist:item=3946054154&perks=1147230557,1885400500,243981275,3007133316
dimwishlist:item=3946054154&perks=1147230557,1885400500,984655331,4293542123
dimwishlist:item=3946054154&perks=1147230557,1885400500,984655331,2675184851
dimwishlist:item=3946054154&perks=1147230557,1885400500,984655331,2890807135
dimwishlist:item=3946054154&perks=1147230557,1885400500,984655331,3581929919
dimwishlist:item=3946054154&perks=1147230557,1885400500,984655331,3081867624
dimwishlist:item=3946054154&perks=1147230557,1885400500,984655331,2963273944
dimwishlist:item=3946054154&perks=1147230557,1885400500,984655331,4104185692
dimwishlist:item=3946054154&perks=1147230557,1885400500,984655331,3007133316
dimwishlist:item=3946054154&perks=1147230557,1968098204,3017780555,4293542123
dimwishlist:item=3946054154&perks=1147230557,1968098204,3017780555,2675184851
dimwishlist:item=3946054154&perks=1147230557,1968098204,3017780555,2890807135
dimwishlist:item=3946054154&perks=1147230557,1968098204,3017780555,3581929919
dimwishlist:item=3946054154&perks=1147230557,1968098204,3017780555,3081867624
dimwishlist:item=3946054154&perks=1147230557,1968098204,3017780555,2963273944
dimwishlist:item=3946054154&perks=1147230557,1968098204,3017780555,4104185692
dimwishlist:item=3946054154&perks=1147230557,1968098204,3017780555,3007133316
dimwishlist:item=3946054154&perks=1147230557,1968098204,4223976499,4293542123
dimwishlist:item=3946054154&perks=1147230557,1968098204,4223976499,2675184851
dimwishlist:item=3946054154&perks=1147230557,1968098204,4223976499,2890807135
dimwishlist:item=3946054154&perks=1147230557,1968098204,4223976499,3581929919
dimwishlist:item=3946054154&perks=1147230557,1968098204,4223976499,3081867624
dimwishlist:item=3946054154&perks=1147230557,1968098204,4223976499,2963273944
dimwishlist:item=3946054154&perks=1147230557,1968098204,4223976499,4104185692
dimwishlist:item=3946054154&perks=1147230557,1968098204,4223976499,3007133316
dimwishlist:item=3946054154&perks=1147230557,1968098204,243981275,4293542123
dimwishlist:item=3946054154&perks=1147230557,1968098204,243981275,2675184851
dimwishlist:item=3946054154&perks=1147230557,1968098204,243981275,2890807135
dimwishlist:item=3946054154&perks=1147230557,1968098204,243981275,3581929919
dimwishlist:item=3946054154&perks=1147230557,1968098204,243981275,3081867624
dimwishlist:item=3946054154&perks=1147230557,1968098204,243981275,2963273944
dimwishlist:item=3946054154&perks=1147230557,1968098204,243981275,4104185692
dimwishlist:item=3946054154&perks=1147230557,1968098204,243981275,3007133316
dimwishlist:item=3946054154&perks=1147230557,1968098204,984655331,4293542123
dimwishlist:item=3946054154&perks=1147230557,1968098204,984655331,2675184851
dimwishlist:item=3946054154&perks=1147230557,1968098204,984655331,2890807135
dimwishlist:item=3946054154&perks=1147230557,1968098204,984655331,3581929919
dimwishlist:item=3946054154&perks=1147230557,1968098204,984655331,3081867624
dimwishlist:item=3946054154&perks=1147230557,1968098204,984655331,2963273944
dimwishlist:item=3946054154&perks=1147230557,1968098204,984655331,4104185692
dimwishlist:item=3946054154&perks=1147230557,1968098204,984655331,3007133316
dimwishlist:item=3946054154&perks=1482024992,3230963543,3017780555,4293542123
dimwishlist:item=3946054154&perks=1482024992,3230963543,3017780555,2675184851
dimwishlist:item=3946054154&perks=1482024992,3230963543,3017780555,2890807135
dimwishlist:item=3946054154&perks=1482024992,3230963543,3017780555,3581929919
dimwishlist:item=3946054154&perks=1482024992,3230963543,3017780555,3081867624
dimwishlist:item=3946054154&perks=1482024992,3230963543,3017780555,2963273944
dimwishlist:item=3946054154&perks=1482024992,3230963543,3017780555,4104185692
dimwishlist:item=3946054154&perks=1482024992,3230963543,3017780555,3007133316
dimwishlist:item=3946054154&perks=1482024992,3230963543,4223976499,4293542123
dimwishlist:item=3946054154&perks=1482024992,3230963543,4223976499,2675184851
dimwishlist:item=3946054154&perks=1482024992,3230963543,4223976499,2890807135
dimwishlist:item=3946054154&perks=1482024992,3230963543,4223976499,3581929919
dimwishlist:item=3946054154&perks=1482024992,3230963543,4223976499,3081867624
dimwishlist:item=3946054154&perks=1482024992,3230963543,4223976499,2963273944
dimwishlist:item=3946054154&perks=1482024992,3230963543,4223976499,4104185692
dimwishlist:item=3946054154&perks=1482024992,3230963543,4223976499,3007133316
dimwishlist:item=3946054154&perks=1482024992,3230963543,243981275,4293542123
dimwishlist:item=3946054154&perks=1482024992,3230963543,243981275,2675184851
dimwishlist:item=3946054154&perks=1482024992,3230963543,243981275,2890807135
dimwishlist:item=3946054154&perks=1482024992,3230963543,243981275,3581929919
dimwishlist:item=3946054154&perks=1482024992,3230963543,243981275,3081867624
dimwishlist:item=3946054154&perks=1482024992,3230963543,243981275,2963273944
dimwishlist:item=3946054154&perks=1482024992,3230963543,243981275,4104185692
dimwishlist:item=3946054154&perks=1482024992,3230963543,243981275,3007133316
dimwishlist:item=3946054154&perks=1482024992,3230963543,984655331,4293542123
dimwishlist:item=3946054154&perks=1482024992,3230963543,984655331,2675184851
dimwishlist:item=3946054154&perks=1482024992,3230963543,984655331,2890807135
dimwishlist:item=3946054154&perks=1482024992,3230963543,984655331,3581929919
dimwishlist:item=3946054154&perks=1482024992,3230963543,984655331,3081867624
dimwishlist:item=3946054154&perks=1482024992,3230963543,984655331,2963273944
dimwishlist:item=3946054154&perks=1482024992,3230963543,984655331,4104185692
dimwishlist:item=3946054154&perks=1482024992,3230963543,984655331,3007133316
dimwishlist:item=3946054154&perks=1482024992,1709045111,3017780555,4293542123
dimwishlist:item=3946054154&perks=1482024992,1709045111,3017780555,2675184851
dimwishlist:item=3946054154&perks=1482024992,1709045111,3017780555,2890807135
dimwishlist:item=3946054154&perks=1482024992,1709045111,3017780555,3581929919
dimwishlist:item=3946054154&perks=1482024992,1709045111,3017780555,3081867624
dimwishlist:item=3946054154&perks=1482024992,1709045111,3017780555,2963273944
dimwishlist:item=3946054154&perks=1482024992,1709045111,3017780555,4104185692
dimwishlist:item=3946054154&perks=1482024992,1709045111,3017780555,3007133316
dimwishlist:item=3946054154&perks=1482024992,1709045111,4223976499,4293542123
dimwishlist:item=3946054154&perks=1482024992,1709045111,4223976499,2675184851
dimwishlist:item=3946054154&perks=1482024992,1709045111,4223976499,2890807135
dimwishlist:item=3946054154&perks=1482024992,1709045111,4223976499,3581929919
dimwishlist:item=3946054154&perks=1482024992,1709045111,4223976499,3081867624
dimwishlist:item=3946054154&perks=1482024992,1709045111,4223976499,2963273944
dimwishlist:item=3946054154&perks=1482024992,1709045111,4223976499,4104185692
dimwishlist:item=3946054154&perks=1482024992,1709045111,4223976499,3007133316
dimwishlist:item=3946054154&perks=1482024992,1709045111,243981275,4293542123
dimwishlist:item=3946054154&perks=1482024992,1709045111,243981275,2675184851
dimwishlist:item=3946054154&perks=1482024992,1709045111,243981275,2890807135
dimwishlist:item=3946054154&perks=1482024992,1709045111,243981275,3581929919
dimwishlist:item=3946054154&perks=1482024992,1709045111,243981275,3081867624
dimwishlist:item=3946054154&perks=1482024992,1709045111,243981275,2963273944
dimwishlist:item=3946054154&perks=1482024992,1709045111,243981275,4104185692
dimwishlist:item=3946054154&perks=1482024992,1709045111,243981275,3007133316
dimwishlist:item=3946054154&perks=1482024992,1709045111,984655331,4293542123
dimwishlist:item=3946054154&perks=1482024992,1709045111,984655331,2675184851
dimwishlist:item=3946054154&perks=1482024992,1709045111,984655331,2890807135
dimwishlist:item=3946054154&perks=1482024992,1709045111,984655331,3581929919
dimwishlist:item=3946054154&perks=1482024992,1709045111,984655331,3081867624
dimwishlist:item=3946054154&perks=1482024992,1709045111,984655331,2963273944
dimwishlist:item=3946054154&perks=1482024992,1709045111,984655331,4104185692
dimwishlist:item=3946054154&perks=1482024992,1709045111,984655331,3007133316
dimwishlist:item=3946054154&perks=1482024992,679225683,3017780555,4293542123
dimwishlist:item=3946054154&perks=1482024992,679225683,3017780555,2675184851
dimwishlist:item=3946054154&perks=1482024992,679225683,3017780555,2890807135
dimwishlist:item=3946054154&perks=1482024992,679225683,3017780555,3581929919
dimwishlist:item=3946054154&perks=1482024992,679225683,3017780555,3081867624
dimwishlist:item=3946054154&perks=1482024992,679225683,3017780555,2963273944
dimwishlist:item=3946054154&perks=1482024992,679225683,3017780555,4104185692
dimwishlist:item=3946054154&perks=1482024992,679225683,3017780555,3007133316
dimwishlist:item=3946054154&perks=1482024992,679225683,4223976499,4293542123
dimwishlist:item=3946054154&perks=1482024992,679225683,4223976499,2675184851
dimwishlist:item=3946054154&perks=1482024992,679225683,4223976499,2890807135
dimwishlist:item=3946054154&perks=1482024992,679225683,4223976499,3581929919
dimwishlist:item=3946054154&perks=1482024992,679225683,4223976499,3081867624
dimwishlist:item=3946054154&perks=1482024992,679225683,4223976499,2963273944
dimwishlist:item=3946054154&perks=1482024992,679225683,4223976499,4104185692
dimwishlist:item=3946054154&perks=1482024992,679225683,4223976499,3007133316
dimwishlist:item=3946054154&perks=1482024992,679225683,243981275,4293542123
dimwishlist:item=3946054154&perks=1482024992,679225683,243981275,2675184851
dimwishlist:item=3946054154&perks=1482024992,679225683,243981275,2890807135
dimwishlist:item=3946054154&perks=1482024992,679225683,243981275,3581929919
dimwishlist:item=3946054154&perks=1482024992,679225683,243981275,3081867624
dimwishlist:item=3946054154&perks=1482024992,679225683,243981275,2963273944
dimwishlist:item=3946054154&perks=1482024992,679225683,243981275,4104185692
dimwishlist:item=3946054154&perks=1482024992,679225683,243981275,3007133316
dimwishlist:item=3946054154&perks=1482024992,679225683,984655331,4293542123
dimwishlist:item=3946054154&perks=1482024992,679225683,984655331,2675184851
dimwishlist:item=3946054154&perks=1482024992,679225683,984655331,2890807135
dimwishlist:item=3946054154&perks=1482024992,679225683,984655331,3581929919
dimwishlist:item=3946054154&perks=1482024992,679225683,984655331,3081867624
dimwishlist:item=3946054154&perks=1482024992,679225683,984655331,2963273944
dimwishlist:item=3946054154&perks=1482024992,679225683,984655331,4104185692
dimwishlist:item=3946054154&perks=1482024992,679225683,984655331,3007133316
dimwishlist:item=3946054154&perks=1482024992,1807273211,3017780555,4293542123
dimwishlist:item=3946054154&perks=1482024992,1807273211,3017780555,2675184851
dimwishlist:item=3946054154&perks=1482024992,1807273211,3017780555,2890807135
dimwishlist:item=3946054154&perks=1482024992,1807273211,3017780555,3581929919
dimwishlist:item=3946054154&perks=1482024992,1807273211,3017780555,3081867624
dimwishlist:item=3946054154&perks=1482024992,1807273211,3017780555,2963273944
dimwishlist:item=3946054154&perks=1482024992,1807273211,3017780555,4104185692
dimwishlist:item=3946054154&perks=1482024992,1807273211,3017780555,3007133316
dimwishlist:item=3946054154&perks=1482024992,1807273211,4223976499,4293542123
dimwishlist:item=3946054154&perks=1482024992,1807273211,4223976499,2675184851
dimwishlist:item=3946054154&perks=1482024992,1807273211,4223976499,2890807135
dimwishlist:item=3946054154&perks=1482024992,1807273211,4223976499,3581929919
dimwishlist:item=3946054154&perks=1482024992,1807273211,4223976499,3081867624
dimwishlist:item=3946054154&perks=1482024992,1807273211,4223976499,2963273944
dimwishlist:item=3946054154&perks=1482024992,1807273211,4223976499,4104185692
dimwishlist:item=3946054154&perks=1482024992,1807273211,4223976499,3007133316
dimwishlist:item=3946054154&perks=1482024992,1807273211,243981275,4293542123
dimwishlist:item=3946054154&perks=1482024992,1807273211,243981275,2675184851
dimwishlist:item=3946054154&perks=1482024992,1807273211,243981275,2890807135
dimwishlist:item=3946054154&perks=1482024992,1807273211,243981275,3581929919
dimwishlist:item=3946054154&perks=1482024992,1807273211,243981275,3081867624
dimwishlist:item=3946054154&perks=1482024992,1807273211,243981275,2963273944
dimwishlist:item=3946054154&perks=1482024992,1807273211,243981275,4104185692
dimwishlist:item=3946054154&perks=1482024992,1807273211,243981275,3007133316
dimwishlist:item=3946054154&perks=1482024992,1807273211,984655331,4293542123
dimwishlist:item=3946054154&perks=1482024992,1807273211,984655331,2675184851
dimwishlist:item=3946054154&perks=1482024992,1807273211,984655331,2890807135
dimwishlist:item=3946054154&perks=1482024992,1807273211,984655331,3581929919
dimwishlist:item=3946054154&perks=1482024992,1807273211,984655331,3081867624
dimwishlist:item=3946054154&perks=1482024992,1807273211,984655331,2963273944
dimwishlist:item=3946054154&perks=1482024992,1807273211,984655331,4104185692
dimwishlist:item=3946054154&perks=1482024992,1807273211,984655331,3007133316
dimwishlist:item=3946054154&perks=1482024992,1885400500,3017780555,4293542123
dimwishlist:item=3946054154&perks=1482024992,1885400500,3017780555,2675184851
dimwishlist:item=3946054154&perks=1482024992,1885400500,3017780555,2890807135
dimwishlist:item=3946054154&perks=1482024992,1885400500,3017780555,3581929919
dimwishlist:item=3946054154&perks=1482024992,1885400500,3017780555,3081867624
dimwishlist:item=3946054154&perks=1482024992,1885400500,3017780555,2963273944
dimwishlist:item=3946054154&perks=1482024992,1885400500,3017780555,4104185692
dimwishlist:item=3946054154&perks=1482024992,1885400500,3017780555,3007133316
dimwishlist:item=3946054154&perks=1482024992,1885400500,4223976499,4293542123
dimwishlist:item=3946054154&perks=1482024992,1885400500,4223976499,2675184851
dimwishlist:item=3946054154&perks=1482024992,1885400500,4223976499,2890807135
dimwishlist:item=3946054154&perks=1482024992,1885400500,4223976499,3581929919
dimwishlist:item=3946054154&perks=1482024992,1885400500,4223976499,3081867624
dimwishlist:item=3946054154&perks=1482024992,1885400500,4223976499,2963273944
dimwishlist:item=3946054154&perks=1482024992,1885400500,4223976499,4104185692
dimwishlist:item=3946054154&perks=1482024992,1885400500,4223976499,3007133316
dimwishlist:item=3946054154&perks=1482024992,1885400500,243981275,4293542123
dimwishlist:item=3946054154&perks=1482024992,1885400500,243981275,2675184851
dimwishlist:item=3946054154&perks=1482024992,1885400500,243981275,2890807135
dimwishlist:item=3946054154&perks=1482024992,1885400500,243981275,3581929919
dimwishlist:item=3946054154&perks=1482024992,1885400500,243981275,3081867624
dimwishlist:item=3946054154&perks=1482024992,1885400500,243981275,2963273944
dimwishlist:item=3946054154&perks=1482024992,1885400500,243981275,4104185692
dimwishlist:item=3946054154&perks=1482024992,1885400500,243981275,3007133316
dimwishlist:item=3946054154&perks=1482024992,1885400500,984655331,4293542123
dimwishlist:item=3946054154&perks=1482024992,1885400500,984655331,2675184851
dimwishlist:item=3946054154&perks=1482024992,1885400500,984655331,2890807135
dimwishlist:item=3946054154&perks=1482024992,1885400500,984655331,3581929919
dimwishlist:item=3946054154&perks=1482024992,1885400500,984655331,3081867624
dimwishlist:item=3946054154&perks=1482024992,1885400500,984655331,2963273944
dimwishlist:item=3946054154&perks=1482024992,1885400500,984655331,4104185692
dimwishlist:item=3946054154&perks=1482024992,1885400500,984655331,3007133316
dimwishlist:item=3946054154&perks=1482024992,1968098204,3017780555,4293542123
dimwishlist:item=3946054154&perks=1482024992,1968098204,3017780555,2675184851
dimwishlist:item=3946054154&perks=1482024992,1968098204,3017780555,2890807135
dimwishlist:item=3946054154&perks=1482024992,1968098204,3017780555,3581929919
dimwishlist:item=3946054154&perks=1482024992,1968098204,3017780555,3081867624
dimwishlist:item=3946054154&perks=1482024992,1968098204,3017780555,2963273944
dimwishlist:item=3946054154&perks=1482024992,1968098204,3017780555,4104185692
dimwishlist:item=3946054154&perks=1482024992,1968098204,3017780555,3007133316
dimwishlist:item=3946054154&perks=1482024992,1968098204,4223976499,4293542123
dimwishlist:item=3946054154&perks=1482024992,1968098204,4223976499,2675184851
dimwishlist:item=3946054154&perks=1482024992,1968098204,4223976499,2890807135
dimwishlist:item=3946054154&perks=1482024992,1968098204,4223976499,3581929919
dimwishlist:item=3946054154&perks=1482024992,1968098204,4223976499,3081867624
dimwishlist:item=3946054154&perks=1482024992,1968098204,4223976499,2963273944
dimwishlist:item=3946054154&perks=1482024992,1968098204,4223976499,4104185692
dimwishlist:item=3946054154&perks=1482024992,1968098204,4223976499,3007133316
dimwishlist:item=3946054154&perks=1482024992,1968098204,243981275,4293542123
dimwishlist:item=3946054154&perks=1482024992,1968098204,243981275,2675184851
dimwishlist:item=3946054154&perks=1482024992,1968098204,243981275,2890807135
dimwishlist:item=3946054154&perks=1482024992,1968098204,243981275,3581929919
dimwishlist:item=3946054154&perks=1482024992,1968098204,243981275,3081867624
dimwishlist:item=3946054154&perks=1482024992,1968098204,243981275,2963273944
dimwishlist:item=3946054154&perks=1482024992,1968098204,243981275,4104185692
dimwishlist:item=3946054154&perks=1482024992,1968098204,243981275,3007133316
dimwishlist:item=3946054154&perks=1482024992,1968098204,984655331,4293542123
dimwishlist:item=3946054154&perks=1482024992,1968098204,984655331,2675184851
dimwishlist:item=3946054154&perks=1482024992,1968098204,984655331,2890807135
dimwishlist:item=3946054154&perks=1482024992,1968098204,984655331,3581929919
dimwishlist:item=3946054154&perks=1482024992,1968098204,984655331,3081867624
dimwishlist:item=3946054154&perks=1482024992,1968098204,984655331,2963273944
dimwishlist:item=3946054154&perks=1482024992,1968098204,984655331,4104185692
dimwishlist:item=3946054154&perks=1482024992,1968098204,984655331,3007133316
dimwishlist:item=3946054154&perks=2860123632,3230963543,3017780555,4293542123
dimwishlist:item=3946054154&perks=2860123632,3230963543,3017780555,2675184851
dimwishlist:item=3946054154&perks=2860123632,3230963543,3017780555,2890807135
dimwishlist:item=3946054154&perks=2860123632,3230963543,3017780555,3581929919
dimwishlist:item=3946054154&perks=2860123632,3230963543,3017780555,3081867624
dimwishlist:item=3946054154&perks=2860123632,3230963543,3017780555,2963273944
dimwishlist:item=3946054154&perks=2860123632,3230963543,3017780555,4104185692
dimwishlist:item=3946054154&perks=2860123632,3230963543,3017780555,3007133316
dimwishlist:item=3946054154&perks=2860123632,3230963543,4223976499,4293542123
dimwishlist:item=3946054154&perks=2860123632,3230963543,4223976499,2675184851
dimwishlist:item=3946054154&perks=2860123632,3230963543,4223976499,2890807135
dimwishlist:item=3946054154&perks=2860123632,3230963543,4223976499,3581929919
dimwishlist:item=3946054154&perks=2860123632,3230963543,4223976499,3081867624
dimwishlist:item=3946054154&perks=2860123632,3230963543,4223976499,2963273944
dimwishlist:item=3946054154&perks=2860123632,3230963543,4223976499,4104185692
dimwishlist:item=3946054154&perks=2860123632,3230963543,4223976499,3007133316
dimwishlist:item=3946054154&perks=2860123632,3230963543,243981275,4293542123
dimwishlist:item=3946054154&perks=2860123632,3230963543,243981275,2675184851
dimwishlist:item=3946054154&perks=2860123632,3230963543,243981275,2890807135
dimwishlist:item=3946054154&perks=2860123632,3230963543,243981275,3581929919
dimwishlist:item=3946054154&perks=2860123632,3230963543,243981275,3081867624
dimwishlist:item=3946054154&perks=2860123632,3230963543,243981275,2963273944
dimwishlist:item=3946054154&perks=2860123632,3230963543,243981275,4104185692
dimwishlist:item=3946054154&perks=2860123632,3230963543,243981275,3007133316
dimwishlist:item=3946054154&perks=2860123632,3230963543,984655331,4293542123
dimwishlist:item=3946054154&perks=2860123632,3230963543,984655331,2675184851
dimwishlist:item=3946054154&perks=2860123632,3230963543,984655331,2890807135
dimwishlist:item=3946054154&perks=2860123632,3230963543,984655331,3581929919
dimwishlist:item=3946054154&perks=2860123632,3230963543,984655331,3081867624
dimwishlist:item=3946054154&perks=2860123632,3230963543,984655331,2963273944
dimwishlist:item=3946054154&perks=2860123632,3230963543,984655331,4104185692
dimwishlist:item=3946054154&perks=2860123632,3230963543,984655331,3007133316
dimwishlist:item=3946054154&perks=2860123632,1709045111,3017780555,4293542123
dimwishlist:item=3946054154&perks=2860123632,1709045111,3017780555,2675184851
dimwishlist:item=3946054154&perks=2860123632,1709045111,3017780555,2890807135
dimwishlist:item=3946054154&perks=2860123632,1709045111,3017780555,3581929919
dimwishlist:item=3946054154&perks=2860123632,1709045111,3017780555,3081867624
dimwishlist:item=3946054154&perks=2860123632,1709045111,3017780555,2963273944
dimwishlist:item=3946054154&perks=2860123632,1709045111,3017780555,4104185692
dimwishlist:item=3946054154&perks=2860123632,1709045111,3017780555,3007133316
dimwishlist:item=3946054154&perks=2860123632,1709045111,4223976499,4293542123
dimwishlist:item=3946054154&perks=2860123632,1709045111,4223976499,2675184851
dimwishlist:item=3946054154&perks=2860123632,1709045111,4223976499,2890807135
dimwishlist:item=3946054154&perks=2860123632,1709045111,4223976499,3581929919
dimwishlist:item=3946054154&perks=2860123632,1709045111,4223976499,3081867624
dimwishlist:item=3946054154&perks=2860123632,1709045111,4223976499,2963273944
dimwishlist:item=3946054154&perks=2860123632,1709045111,4223976499,4104185692
dimwishlist:item=3946054154&perks=2860123632,1709045111,4223976499,3007133316
dimwishlist:item=3946054154&perks=2860123632,1709045111,243981275,4293542123
dimwishlist:item=3946054154&perks=2860123632,1709045111,243981275,2675184851
dimwishlist:item=3946054154&perks=2860123632,1709045111,243981275,2890807135
dimwishlist:item=3946054154&perks=2860123632,1709045111,243981275,3581929919
dimwishlist:item=3946054154&perks=2860123632,1709045111,243981275,3081867624
dimwishlist:item=3946054154&perks=2860123632,1709045111,243981275,2963273944
dimwishlist:item=3946054154&perks=2860123632,1709045111,243981275,4104185692
dimwishlist:item=3946054154&perks=2860123632,1709045111,243981275,3007133316
dimwishlist:item=3946054154&perks=2860123632,1709045111,984655331,4293542123
dimwishlist:item=3946054154&perks=2860123632,1709045111,984655331,2675184851
dimwishlist:item=3946054154&perks=2860123632,1709045111,984655331,2890807135
dimwishlist:item=3946054154&perks=2860123632,1709045111,984655331,3581929919
dimwishlist:item=3946054154&perks=2860123632,1709045111,984655331,3081867624
dimwishlist:item=3946054154&perks=2860123632,1709045111,984655331,2963273944
dimwishlist:item=3946054154&perks=2860123632,1709045111,984655331,4104185692
dimwishlist:item=3946054154&perks=2860123632,1709045111,984655331,3007133316
dimwishlist:item=3946054154&perks=2860123632,679225683,3017780555,4293542123
dimwishlist:item=3946054154&perks=2860123632,679225683,3017780555,2675184851
dimwishlist:item=3946054154&perks=2860123632,679225683,3017780555,2890807135
dimwishlist:item=3946054154&perks=2860123632,679225683,3017780555,3581929919
dimwishlist:item=3946054154&perks=2860123632,679225683,3017780555,3081867624
dimwishlist:item=3946054154&perks=2860123632,679225683,3017780555,2963273944
dimwishlist:item=3946054154&perks=2860123632,679225683,3017780555,4104185692
dimwishlist:item=3946054154&perks=2860123632,679225683,3017780555,3007133316
dimwishlist:item=3946054154&perks=2860123632,679225683,4223976499,4293542123
dimwishlist:item=3946054154&perks=2860123632,679225683,4223976499,2675184851
dimwishlist:item=3946054154&perks=2860123632,679225683,4223976499,2890807135
dimwishlist:item=3946054154&perks=2860123632,679225683,4223976499,3581929919
dimwishlist:item=3946054154&perks=2860123632,679225683,4223976499,3081867624
dimwishlist:item=3946054154&perks=2860123632,679225683,4223976499,2963273944
dimwishlist:item=3946054154&perks=2860123632,679225683,4223976499,4104185692
dimwishlist:item=3946054154&perks=2860123632,679225683,4223976499,3007133316
dimwishlist:item=3946054154&perks=2860123632,679225683,243981275,4293542123
dimwishlist:item=3946054154&perks=2860123632,679225683,243981275,2675184851
dimwishlist:item=3946054154&perks=2860123632,679225683,243981275,2890807135
dimwishlist:item=3946054154&perks=2860123632,679225683,243981275,3581929919
dimwishlist:item=3946054154&perks=2860123632,679225683,243981275,3081867624
dimwishlist:item=3946054154&perks=2860123632,679225683,243981275,2963273944
dimwishlist:item=3946054154&perks=2860123632,679225683,243981275,4104185692
dimwishlist:item=3946054154&perks=2860123632,679225683,243981275,3007133316
dimwishlist:item=3946054154&perks=2860123632,679225683,984655331,4293542123
dimwishlist:item=3946054154&perks=2860123632,679225683,984655331,2675184851
dimwishlist:item=3946054154&perks=2860123632,679225683,984655331,2890807135
dimwishlist:item=3946054154&perks=2860123632,679225683,984655331,3581929919
dimwishlist:item=3946054154&perks=2860123632,679225683,984655331,3081867624
dimwishlist:item=3946054154&perks=2860123632,679225683,984655331,2963273944
dimwishlist:item=3946054154&perks=2860123632,679225683,984655331,4104185692
dimwishlist:item=3946054154&perks=2860123632,679225683,984655331,3007133316
dimwishlist:item=3946054154&perks=2860123632,1807273211,3017780555,4293542123
dimwishlist:item=3946054154&perks=2860123632,1807273211,3017780555,2675184851
dimwishlist:item=3946054154&perks=2860123632,1807273211,3017780555,2890807135
dimwishlist:item=3946054154&perks=2860123632,1807273211,3017780555,3581929919
dimwishlist:item=3946054154&perks=2860123632,1807273211,3017780555,3081867624
dimwishlist:item=3946054154&perks=2860123632,1807273211,3017780555,2963273944
dimwishlist:item=3946054154&perks=2860123632,1807273211,3017780555,4104185692
dimwishlist:item=3946054154&perks=2860123632,1807273211,3017780555,3007133316
dimwishlist:item=3946054154&perks=2860123632,1807273211,4223976499,4293542123
dimwishlist:item=3946054154&perks=2860123632,1807273211,4223976499,2675184851
dimwishlist:item=3946054154&perks=2860123632,1807273211,4223976499,2890807135
dimwishlist:item=3946054154&perks=2860123632,1807273211,4223976499,3581929919
dimwishlist:item=3946054154&perks=2860123632,1807273211,4223976499,3081867624
dimwishlist:item=3946054154&perks=2860123632,1807273211,4223976499,2963273944
dimwishlist:item=3946054154&perks=2860123632,1807273211,4223976499,4104185692
dimwishlist:item=3946054154&perks=2860123632,1807273211,4223976499,3007133316
dimwishlist:item=3946054154&perks=2860123632,1807273211,243981275,4293542123
dimwishlist:item=3946054154&perks=2860123632,1807273211,243981275,2675184851
dimwishlist:item=3946054154&perks=2860123632,1807273211,243981275,2890807135
dimwishlist:item=3946054154&perks=2860123632,1807273211,243981275,3581929919
dimwishlist:item=3946054154&perks=2860123632,1807273211,243981275,3081867624
dimwishlist:item=3946054154&perks=2860123632,1807273211,243981275,2963273944
dimwishlist:item=3946054154&perks=2860123632,1807273211,243981275,4104185692
dimwishlist:item=3946054154&perks=2860123632,1807273211,243981275,3007133316
dimwishlist:item=3946054154&perks=2860123632,1807273211,984655331,4293542123
dimwishlist:item=3946054154&perks=2860123632,1807273211,984655331,2675184851
dimwishlist:item=3946054154&perks=2860123632,1807273211,984655331,2890807135
dimwishlist:item=3946054154&perks=2860123632,1807273211,984655331,3581929919
dimwishlist:item=3946054154&perks=2860123632,1807273211,984655331,3081867624
dimwishlist:item=3946054154&perks=2860123632,1807273211,984655331,2963273944
dimwishlist:item=3946054154&perks=2860123632,1807273211,984655331,4104185692
dimwishlist:item=3946054154&perks=2860123632,1807273211,984655331,3007133316
dimwishlist:item=3946054154&perks=2860123632,1885400500,3017780555,4293542123
dimwishlist:item=3946054154&perks=2860123632,1885400500,3017780555,2675184851
dimwishlist:item=3946054154&perks=2860123632,1885400500,3017780555,2890807135
dimwishlist:item=3946054154&perks=2860123632,1885400500,3017780555,3581929919
dimwishlist:item=3946054154&perks=2860123632,1885400500,3017780555,3081867624
dimwishlist:item=3946054154&perks=2860123632,1885400500,3017780555,2963273944
dimwishlist:item=3946054154&perks=2860123632,1885400500,3017780555,4104185692
dimwishlist:item=3946054154&perks=2860123632,1885400500,3017780555,3007133316
dimwishlist:item=3946054154&perks=2860123632,1885400500,4223976499,4293542123
dimwishlist:item=3946054154&perks=2860123632,1885400500,4223976499,2675184851
dimwishlist:item=3946054154&perks=2860123632,1885400500,4223976499,2890807135
dimwishlist:item=3946054154&perks=2860123632,1885400500,4223976499,3581929919
dimwishlist:item=3946054154&perks=2860123632,1885400500,4223976499,3081867624
dimwishlist:item=3946054154&perks=2860123632,1885400500,4223976499,2963273944
dimwishlist:item=3946054154&perks=2860123632,1885400500,4223976499,4104185692
dimwishlist:item=3946054154&perks=2860123632,1885400500,4223976499,3007133316
dimwishlist:item=3946054154&perks=2860123632,1885400500,243981275,4293542123
dimwishlist:item=3946054154&perks=2860123632,1885400500,243981275,2675184851
dimwishlist:item=3946054154&perks=2860123632,1885400500,243981275,2890807135
dimwishlist:item=3946054154&perks=2860123632,1885400500,243981275,3581929919
dimwishlist:item=3946054154&perks=2860123632,1885400500,243981275,3081867624
dimwishlist:item=3946054154&perks=2860123632,1885400500,243981275,2963273944
dimwishlist:item=3946054154&perks=2860123632,1885400500,243981275,4104185692
dimwishlist:item=3946054154&perks=2860123632,1885400500,243981275,3007133316
dimwishlist:item=3946054154&perks=2860123632,1885400500,984655331,4293542123
dimwishlist:item=3946054154&perks=2860123632,1885400500,984655331,2675184851
dimwishlist:item=3946054154&perks=2860123632,1885400500,984655331,2890807135
dimwishlist:item=3946054154&perks=2860123632,1885400500,984655331,3581929919
dimwishlist:item=3946054154&perks=2860123632,1885400500,984655331,3081867624
dimwishlist:item=3946054154&perks=2860123632,1885400500,984655331,2963273944
dimwishlist:item=3946054154&perks=2860123632,1885400500,984655331,4104185692
dimwishlist:item=3946054154&perks=2860123632,1885400500,984655331,3007133316
dimwishlist:item=3946054154&perks=2860123632,1968098204,3017780555,4293542123
dimwishlist:item=3946054154&perks=2860123632,1968098204,3017780555,2675184851
dimwishlist:item=3946054154&perks=2860123632,1968098204,3017780555,2890807135
dimwishlist:item=3946054154&perks=2860123632,1968098204,3017780555,3581929919
dimwishlist:item=3946054154&perks=2860123632,1968098204,3017780555,3081867624
dimwishlist:item=3946054154&perks=2860123632,1968098204,3017780555,2963273944
dimwishlist:item=3946054154&perks=2860123632,1968098204,3017780555,4104185692
dimwishlist:item=3946054154&perks=2860123632,1968098204,3017780555,3007133316
dimwishlist:item=3946054154&perks=2860123632,1968098204,4223976499,4293542123
dimwishlist:item=3946054154&perks=2860123632,1968098204,4223976499,2675184851
dimwishlist:item=3946054154&perks=2860123632,1968098204,4223976499,2890807135
dimwishlist:item=3946054154&perks=2860123632,1968098204,4223976499,3581929919
dimwishlist:item=3946054154&perks=2860123632,1968098204,4223976499,3081867624
dimwishlist:item=3946054154&perks=2860123632,1968098204,4223976499,2963273944
dimwishlist:item=3946054154&perks=2860123632,1968098204,4223976499,4104185692
dimwishlist:item=3946054154&perks=2860123632,1968098204,4223976499,3007133316
dimwishlist:item=3946054154&perks=2860123632,1968098204,243981275,4293542123
dimwishlist:item=3946054154&perks=2860123632,1968098204,243981275,2675184851
dimwishlist:item=3946054154&perks=2860123632,1968098204,243981275,2890807135
dimwishlist:item=3946054154&perks=2860123632,1968098204,243981275,3581929919
dimwishlist:item=3946054154&perks=2860123632,1968098204,243981275,3081867624
dimwishlist:item=3946054154&perks=2860123632,1968098204,243981275,2963273944
dimwishlist:item=3946054154&perks=2860123632,1968098204,243981275,4104185692
dimwishlist:item=3946054154&perks=2860123632,1968098204,243981275,3007133316
dimwishlist:item=3946054154&perks=2860123632,1968098204,984655331,4293542123
dimwishlist:item=3946054154&perks=2860123632,1968098204,984655331,2675184851
dimwishlist:item=3946054154&perks=2860123632,1968098204,984655331,2890807135
dimwishlist:item=3946054154&perks=2860123632,1968098204,984655331,3581929919
dimwishlist:item=3946054154&perks=2860123632,1968098204,984655331,3081867624
dimwishlist:item=3946054154&perks=2860123632,1968098204,984655331,2963273944
dimwishlist:item=3946054154&perks=2860123632,1968098204,984655331,4104185692
dimwishlist:item=3946054154&perks=2860123632,1968098204,984655331,3007133316


// MIDA Mini-Tool - PERKS PVE (god-pve,pve)
//notes: MW=RELOAD>RANGE>STABILITY>HANDLING tags:god-pve,pve
dimwishlist:item=3946054154&perks=3017780555,4293542123
dimwishlist:item=3946054154&perks=3017780555,2675184851
dimwishlist:item=3946054154&perks=3017780555,2890807135
dimwishlist:item=3946054154&perks=3017780555,3581929919
dimwishlist:item=3946054154&perks=3017780555,3081867624
dimwishlist:item=3946054154&perks=3017780555,2963273944
dimwishlist:item=3946054154&perks=3017780555,4104185692
dimwishlist:item=3946054154&perks=3017780555,3007133316
dimwishlist:item=3946054154&perks=4223976499,4293542123
dimwishlist:item=3946054154&perks=4223976499,2675184851
dimwishlist:item=3946054154&perks=4223976499,2890807135
dimwishlist:item=3946054154&perks=4223976499,3581929919
dimwishlist:item=3946054154&perks=4223976499,3081867624
dimwishlist:item=3946054154&perks=4223976499,2963273944
dimwishlist:item=3946054154&perks=4223976499,4104185692
dimwishlist:item=3946054154&perks=4223976499,3007133316
dimwishlist:item=3946054154&perks=243981275,4293542123
dimwishlist:item=3946054154&perks=243981275,2675184851
dimwishlist:item=3946054154&perks=243981275,2890807135
dimwishlist:item=3946054154&perks=243981275,3581929919
dimwishlist:item=3946054154&perks=243981275,3081867624
dimwishlist:item=3946054154&perks=243981275,2963273944
dimwishlist:item=3946054154&perks=243981275,4104185692
dimwishlist:item=3946054154&perks=243981275,3007133316
dimwishlist:item=3946054154&perks=984655331,4293542123
dimwishlist:item=3946054154&perks=984655331,2675184851
dimwishlist:item=3946054154&perks=984655331,2890807135
dimwishlist:item=3946054154&perks=984655331,3581929919
dimwishlist:item=3946054154&perks=984655331,3081867624
dimwishlist:item=3946054154&perks=984655331,2963273944
dimwishlist:item=3946054154&perks=984655331,4104185692
dimwishlist:item=3946054154&perks=984655331,3007133316


// MIDA Mini-Tool - GOD PVP (god-pvp)
//notes: MW=RELOAD>RANGE>STABILITY>HANDLING tags:god-pvp
dimwishlist:item=3946054154&perks=839105230,3230963543,3017780555,3081867624
dimwishlist:item=3946054154&perks=839105230,3230963543,3017780555,2963273944
dimwishlist:item=3946054154&perks=839105230,3230963543,3017780555,4104185692
dimwishlist:item=3946054154&perks=839105230,3230963543,3017780555,3007133316
dimwishlist:item=3946054154&perks=839105230,3230963543,4223976499,3081867624
dimwishlist:item=3946054154&perks=839105230,3230963543,4223976499,2963273944
dimwishlist:item=3946054154&perks=839105230,3230963543,4223976499,4104185692
dimwishlist:item=3946054154&perks=839105230,3230963543,4223976499,3007133316
dimwishlist:item=3946054154&perks=839105230,3230963543,1428297954,3081867624
dimwishlist:item=3946054154&perks=839105230,3230963543,1428297954,2963273944
dimwishlist:item=3946054154&perks=839105230,3230963543,1428297954,4104185692
dimwishlist:item=3946054154&perks=839105230,3230963543,1428297954,3007133316
dimwishlist:item=3946054154&perks=839105230,3230963543,2014892510,3081867624
dimwishlist:item=3946054154&perks=839105230,3230963543,2014892510,2963273944
dimwishlist:item=3946054154&perks=839105230,3230963543,2014892510,4104185692
dimwishlist:item=3946054154&perks=839105230,3230963543,2014892510,3007133316
dimwishlist:item=3946054154&perks=839105230,3230963543,3978468247,3081867624
dimwishlist:item=3946054154&perks=839105230,3230963543,3978468247,2963273944
dimwishlist:item=3946054154&perks=839105230,3230963543,3978468247,4104185692
dimwishlist:item=3946054154&perks=839105230,3230963543,3978468247,3007133316
dimwishlist:item=3946054154&perks=839105230,3230963543,906981559,3081867624
dimwishlist:item=3946054154&perks=839105230,3230963543,906981559,2963273944
dimwishlist:item=3946054154&perks=839105230,3230963543,906981559,4104185692
dimwishlist:item=3946054154&perks=839105230,3230963543,906981559,3007133316
dimwishlist:item=3946054154&perks=839105230,1709045111,3017780555,3081867624
dimwishlist:item=3946054154&perks=839105230,1709045111,3017780555,2963273944
dimwishlist:item=3946054154&perks=839105230,1709045111,3017780555,4104185692
dimwishlist:item=3946054154&perks=839105230,1709045111,3017780555,3007133316
dimwishlist:item=3946054154&perks=839105230,1709045111,4223976499,3081867624
dimwishlist:item=3946054154&perks=839105230,1709045111,4223976499,2963273944
dimwishlist:item=3946054154&perks=839105230,1709045111,4223976499,4104185692
dimwishlist:item=3946054154&perks=839105230,1709045111,4223976499,3007133316
dimwishlist:item=3946054154&perks=839105230,1709045111,1428297954,3081867624
dimwishlist:item=3946054154&perks=839105230,1709045111,1428297954,2963273944
dimwishlist:item=3946054154&perks=839105230,1709045111,1428297954,4104185692
dimwishlist:item=3946054154&perks=839105230,1709045111,1428297954,3007133316
dimwishlist:item=3946054154&perks=839105230,1709045111,2014892510,3081867624
dimwishlist:item=3946054154&perks=839105230,1709045111,2014892510,2963273944
dimwishlist:item=3946054154&perks=839105230,1709045111,2014892510,4104185692
dimwishlist:item=3946054154&perks=839105230,1709045111,2014892510,3007133316
dimwishlist:item=3946054154&perks=839105230,1709045111,3978468247,3081867624
dimwishlist:item=3946054154&perks=839105230,1709045111,3978468247,2963273944
dimwishlist:item=3946054154&perks=839105230,1709045111,3978468247,4104185692
dimwishlist:item=3946054154&perks=839105230,1709045111,3978468247,3007133316
dimwishlist:item=3946054154&perks=839105230,1709045111,906981559,3081867624
dimwishlist:item=3946054154&perks=839105230,1709045111,906981559,2963273944
dimwishlist:item=3946054154&perks=839105230,1709045111,906981559,4104185692
dimwishlist:item=3946054154&perks=839105230,1709045111,906981559,3007133316
dimwishlist:item=3946054154&perks=839105230,679225683,3017780555,3081867624
dimwishlist:item=3946054154&perks=839105230,679225683,3017780555,2963273944
dimwishlist:item=3946054154&perks=839105230,679225683,3017780555,4104185692
dimwishlist:item=3946054154&perks=839105230,679225683,3017780555,3007133316
dimwishlist:item=3946054154&perks=839105230,679225683,4223976499,3081867624
dimwishlist:item=3946054154&perks=839105230,679225683,4223976499,2963273944
dimwishlist:item=3946054154&perks=839105230,679225683,4223976499,4104185692
dimwishlist:item=3946054154&perks=839105230,679225683,4223976499,3007133316
dimwishlist:item=3946054154&perks=839105230,679225683,1428297954,3081867624
dimwishlist:item=3946054154&perks=839105230,679225683,1428297954,2963273944
dimwishlist:item=3946054154&perks=839105230,679225683,1428297954,4104185692
dimwishlist:item=3946054154&perks=839105230,679225683,1428297954,3007133316
dimwishlist:item=3946054154&perks=839105230,679225683,2014892510,3081867624
dimwishlist:item=3946054154&perks=839105230,679225683,2014892510,2963273944
dimwishlist:item=3946054154&perks=839105230,679225683,2014892510,4104185692
dimwishlist:item=3946054154&perks=839105230,679225683,2014892510,3007133316
dimwishlist:item=3946054154&perks=839105230,679225683,3978468247,3081867624
dimwishlist:item=3946054154&perks=839105230,679225683,3978468247,2963273944
dimwishlist:item=3946054154&perks=839105230,679225683,3978468247,4104185692
dimwishlist:item=3946054154&perks=839105230,679225683,3978468247,3007133316
dimwishlist:item=3946054154&perks=839105230,679225683,906981559,3081867624
dimwishlist:item=3946054154&perks=839105230,679225683,906981559,2963273944
dimwishlist:item=3946054154&perks=839105230,679225683,906981559,4104185692
dimwishlist:item=3946054154&perks=839105230,679225683,906981559,3007133316
dimwishlist:item=3946054154&perks=839105230,1807273211,3017780555,3081867624
dimwishlist:item=3946054154&perks=839105230,1807273211,3017780555,2963273944
dimwishlist:item=3946054154&perks=839105230,1807273211,3017780555,4104185692
dimwishlist:item=3946054154&perks=839105230,1807273211,3017780555,3007133316
dimwishlist:item=3946054154&perks=839105230,1807273211,4223976499,3081867624
dimwishlist:item=3946054154&perks=839105230,1807273211,4223976499,2963273944
dimwishlist:item=3946054154&perks=839105230,1807273211,4223976499,4104185692
dimwishlist:item=3946054154&perks=839105230,1807273211,4223976499,3007133316
dimwishlist:item=3946054154&perks=839105230,1807273211,1428297954,3081867624
dimwishlist:item=3946054154&perks=839105230,1807273211,1428297954,2963273944
dimwishlist:item=3946054154&perks=839105230,1807273211,1428297954,4104185692
dimwishlist:item=3946054154&perks=839105230,1807273211,1428297954,3007133316
dimwishlist:item=3946054154&perks=839105230,1807273211,2014892510,3081867624
dimwishlist:item=3946054154&perks=839105230,1807273211,2014892510,2963273944
dimwishlist:item=3946054154&perks=839105230,1807273211,2014892510,4104185692
dimwishlist:item=3946054154&perks=839105230,1807273211,2014892510,3007133316
dimwishlist:item=3946054154&perks=839105230,1807273211,3978468247,3081867624
dimwishlist:item=3946054154&perks=839105230,1807273211,3978468247,2963273944
dimwishlist:item=3946054154&perks=839105230,1807273211,3978468247,4104185692
dimwishlist:item=3946054154&perks=839105230,1807273211,3978468247,3007133316
dimwishlist:item=3946054154&perks=839105230,1807273211,906981559,3081867624
dimwishlist:item=3946054154&perks=839105230,1807273211,906981559,2963273944
dimwishlist:item=3946054154&perks=839105230,1807273211,906981559,4104185692
dimwishlist:item=3946054154&perks=839105230,1807273211,906981559,3007133316
dimwishlist:item=3946054154&perks=839105230,1885400500,3017780555,3081867624
dimwishlist:item=3946054154&perks=839105230,1885400500,3017780555,2963273944
dimwishlist:item=3946054154&perks=839105230,1885400500,3017780555,4104185692
dimwishlist:item=3946054154&perks=839105230,1885400500,3017780555,3007133316
dimwishlist:item=3946054154&perks=839105230,1885400500,4223976499,3081867624
dimwishlist:item=3946054154&perks=839105230,1885400500,4223976499,2963273944
dimwishlist:item=3946054154&perks=839105230,1885400500,4223976499,4104185692
dimwishlist:item=3946054154&perks=839105230,1885400500,4223976499,3007133316
dimwishlist:item=3946054154&perks=839105230,1885400500,1428297954,3081867624
dimwishlist:item=3946054154&perks=839105230,1885400500,1428297954,2963273944
dimwishlist:item=3946054154&perks=839105230,1885400500,1428297954,4104185692
dimwishlist:item=3946054154&perks=839105230,1885400500,1428297954,3007133316
dimwishlist:item=3946054154&perks=839105230,1885400500,2014892510,3081867624
dimwishlist:item=3946054154&perks=839105230,1885400500,2014892510,2963273944
dimwishlist:item=3946054154&perks=839105230,1885400500,2014892510,4104185692
dimwishlist:item=3946054154&perks=839105230,1885400500,2014892510,3007133316
dimwishlist:item=3946054154&perks=839105230,1885400500,3978468247,3081867624
dimwishlist:item=3946054154&perks=839105230,1885400500,3978468247,2963273944
dimwishlist:item=3946054154&perks=839105230,1885400500,3978468247,4104185692
dimwishlist:item=3946054154&perks=839105230,1885400500,3978468247,3007133316
dimwishlist:item=3946054154&perks=839105230,1885400500,906981559,3081867624
dimwishlist:item=3946054154&perks=839105230,1885400500,906981559,2963273944
dimwishlist:item=3946054154&perks=839105230,1885400500,906981559,4104185692
dimwishlist:item=3946054154&perks=839105230,1885400500,906981559,3007133316
dimwishlist:item=3946054154&perks=839105230,1968098204,3017780555,3081867624
dimwishlist:item=3946054154&perks=839105230,1968098204,3017780555,2963273944
dimwishlist:item=3946054154&perks=839105230,1968098204,3017780555,4104185692
dimwishlist:item=3946054154&perks=839105230,1968098204,3017780555,3007133316
dimwishlist:item=3946054154&perks=839105230,1968098204,4223976499,3081867624
dimwishlist:item=3946054154&perks=839105230,1968098204,4223976499,2963273944
dimwishlist:item=3946054154&perks=839105230,1968098204,4223976499,4104185692
dimwishlist:item=3946054154&perks=839105230,1968098204,4223976499,3007133316
dimwishlist:item=3946054154&perks=839105230,1968098204,1428297954,3081867624
dimwishlist:item=3946054154&perks=839105230,1968098204,1428297954,2963273944
dimwishlist:item=3946054154&perks=839105230,1968098204,1428297954,4104185692
dimwishlist:item=3946054154&perks=839105230,1968098204,1428297954,3007133316
dimwishlist:item=3946054154&perks=839105230,1968098204,2014892510,3081867624
dimwishlist:item=3946054154&perks=839105230,1968098204,2014892510,2963273944
dimwishlist:item=3946054154&perks=839105230,1968098204,2014892510,4104185692
dimwishlist:item=3946054154&perks=839105230,1968098204,2014892510,3007133316
dimwishlist:item=3946054154&perks=839105230,1968098204,3978468247,3081867624
dimwishlist:item=3946054154&perks=839105230,1968098204,3978468247,2963273944
dimwishlist:item=3946054154&perks=839105230,1968098204,3978468247,4104185692
dimwishlist:item=3946054154&perks=839105230,1968098204,3978468247,3007133316
dimwishlist:item=3946054154&perks=839105230,1968098204,906981559,3081867624
dimwishlist:item=3946054154&perks=839105230,1968098204,906981559,2963273944
dimwishlist:item=3946054154&perks=839105230,1968098204,906981559,4104185692
dimwishlist:item=3946054154&perks=839105230,1968098204,906981559,3007133316
dimwishlist:item=3946054154&perks=3048246338,3230963543,3017780555,3081867624
dimwishlist:item=3946054154&perks=3048246338,3230963543,3017780555,2963273944
dimwishlist:item=3946054154&perks=3048246338,3230963543,3017780555,4104185692
dimwishlist:item=3946054154&perks=3048246338,3230963543,3017780555,3007133316
dimwishlist:item=3946054154&perks=3048246338,3230963543,4223976499,3081867624
dimwishlist:item=3946054154&perks=3048246338,3230963543,4223976499,2963273944
dimwishlist:item=3946054154&perks=3048246338,3230963543,4223976499,4104185692
dimwishlist:item=3946054154&perks=3048246338,3230963543,4223976499,3007133316
dimwishlist:item=3946054154&perks=3048246338,3230963543,1428297954,3081867624
dimwishlist:item=3946054154&perks=3048246338,3230963543,1428297954,2963273944
dimwishlist:item=3946054154&perks=3048246338,3230963543,1428297954,4104185692
dimwishlist:item=3946054154&perks=3048246338,3230963543,1428297954,3007133316
dimwishlist:item=3946054154&perks=3048246338,3230963543,2014892510,3081867624
dimwishlist:item=3946054154&perks=3048246338,3230963543,2014892510,2963273944
dimwishlist:item=3946054154&perks=3048246338,3230963543,2014892510,4104185692
dimwishlist:item=3946054154&perks=3048246338,3230963543,2014892510,3007133316
dimwishlist:item=3946054154&perks=3048246338,3230963543,3978468247,3081867624
dimwishlist:item=3946054154&perks=3048246338,3230963543,3978468247,2963273944
dimwishlist:item=3946054154&perks=3048246338,3230963543,3978468247,4104185692
dimwishlist:item=3946054154&perks=3048246338,3230963543,3978468247,3007133316
dimwishlist:item=3946054154&perks=3048246338,3230963543,906981559,3081867624
dimwishlist:item=3946054154&perks=3048246338,3230963543,906981559,2963273944
dimwishlist:item=3946054154&perks=3048246338,3230963543,906981559,4104185692
dimwishlist:item=3946054154&perks=3048246338,3230963543,906981559,3007133316
dimwishlist:item=3946054154&perks=3048246338,1709045111,3017780555,3081867624
dimwishlist:item=3946054154&perks=3048246338,1709045111,3017780555,2963273944
dimwishlist:item=3946054154&perks=3048246338,1709045111,3017780555,4104185692
dimwishlist:item=3946054154&perks=3048246338,1709045111,3017780555,3007133316
dimwishlist:item=3946054154&perks=3048246338,1709045111,4223976499,3081867624
dimwishlist:item=3946054154&perks=3048246338,1709045111,4223976499,2963273944
dimwishlist:item=3946054154&perks=3048246338,1709045111,4223976499,4104185692
dimwishlist:item=3946054154&perks=3048246338,1709045111,4223976499,3007133316
dimwishlist:item=3946054154&perks=3048246338,1709045111,1428297954,3081867624
dimwishlist:item=3946054154&perks=3048246338,1709045111,1428297954,2963273944
dimwishlist:item=3946054154&perks=3048246338,1709045111,1428297954,4104185692
dimwishlist:item=3946054154&perks=3048246338,1709045111,1428297954,3007133316
dimwishlist:item=3946054154&perks=3048246338,1709045111,2014892510,3081867624
dimwishlist:item=3946054154&perks=3048246338,1709045111,2014892510,2963273944
dimwishlist:item=3946054154&perks=3048246338,1709045111,2014892510,4104185692
dimwishlist:item=3946054154&perks=3048246338,1709045111,2014892510,3007133316
dimwishlist:item=3946054154&perks=3048246338,1709045111,3978468247,3081867624
dimwishlist:item=3946054154&perks=3048246338,1709045111,3978468247,2963273944
dimwishlist:item=3946054154&perks=3048246338,1709045111,3978468247,4104185692
dimwishlist:item=3946054154&perks=3048246338,1709045111,3978468247,3007133316
dimwishlist:item=3946054154&perks=3048246338,1709045111,906981559,3081867624
dimwishlist:item=3946054154&perks=3048246338,1709045111,906981559,2963273944
dimwishlist:item=3946054154&perks=3048246338,1709045111,906981559,4104185692
dimwishlist:item=3946054154&perks=3048246338,1709045111,906981559,3007133316
dimwishlist:item=3946054154&perks=3048246338,679225683,3017780555,3081867624
dimwishlist:item=3946054154&perks=3048246338,679225683,3017780555,2963273944
dimwishlist:item=3946054154&perks=3048246338,679225683,3017780555,4104185692
dimwishlist:item=3946054154&perks=3048246338,679225683,3017780555,3007133316
dimwishlist:item=3946054154&perks=3048246338,679225683,4223976499,3081867624
dimwishlist:item=3946054154&perks=3048246338,679225683,4223976499,2963273944
dimwishlist:item=3946054154&perks=3048246338,679225683,4223976499,4104185692
dimwishlist:item=3946054154&perks=3048246338,679225683,4223976499,3007133316
dimwishlist:item=3946054154&perks=3048246338,679225683,1428297954,3081867624
dimwishlist:item=3946054154&perks=3048246338,679225683,1428297954,2963273944
dimwishlist:item=3946054154&perks=3048246338,679225683,1428297954,4104185692
dimwishlist:item=3946054154&perks=3048246338,679225683,1428297954,3007133316
dimwishlist:item=3946054154&perks=3048246338,679225683,2014892510,3081867624
dimwishlist:item=3946054154&perks=3048246338,679225683,2014892510,2963273944
dimwishlist:item=3946054154&perks=3048246338,679225683,2014892510,4104185692
dimwishlist:item=3946054154&perks=3048246338,679225683,2014892510,3007133316
dimwishlist:item=3946054154&perks=3048246338,679225683,3978468247,3081867624
dimwishlist:item=3946054154&perks=3048246338,679225683,3978468247,2963273944
dimwishlist:item=3946054154&perks=3048246338,679225683,3978468247,4104185692
dimwishlist:item=3946054154&perks=3048246338,679225683,3978468247,3007133316
dimwishlist:item=3946054154&perks=3048246338,679225683,906981559,3081867624
dimwishlist:item=3946054154&perks=3048246338,679225683,906981559,2963273944
dimwishlist:item=3946054154&perks=3048246338,679225683,906981559,4104185692
dimwishlist:item=3946054154&perks=3048246338,679225683,906981559,3007133316
dimwishlist:item=3946054154&perks=3048246338,1807273211,3017780555,3081867624
dimwishlist:item=3946054154&perks=3048246338,1807273211,3017780555,2963273944
dimwishlist:item=3946054154&perks=3048246338,1807273211,3017780555,4104185692
dimwishlist:item=3946054154&perks=3048246338,1807273211,3017780555,3007133316
dimwishlist:item=3946054154&perks=3048246338,1807273211,4223976499,3081867624
dimwishlist:item=3946054154&perks=3048246338,1807273211,4223976499,2963273944
dimwishlist:item=3946054154&perks=3048246338,1807273211,4223976499,4104185692
dimwishlist:item=3946054154&perks=3048246338,1807273211,4223976499,3007133316
dimwishlist:item=3946054154&perks=3048246338,1807273211,1428297954,3081867624
dimwishlist:item=3946054154&perks=3048246338,1807273211,1428297954,2963273944
dimwishlist:item=3946054154&perks=3048246338,1807273211,1428297954,4104185692
dimwishlist:item=3946054154&perks=3048246338,1807273211,1428297954,3007133316
dimwishlist:item=3946054154&perks=3048246338,1807273211,2014892510,3081867624
dimwishlist:item=3946054154&perks=3048246338,1807273211,2014892510,2963273944
dimwishlist:item=3946054154&perks=3048246338,1807273211,2014892510,4104185692
dimwishlist:item=3946054154&perks=3048246338,1807273211,2014892510,3007133316
dimwishlist:item=3946054154&perks=3048246338,1807273211,3978468247,3081867624
dimwishlist:item=3946054154&perks=3048246338,1807273211,3978468247,2963273944
dimwishlist:item=3946054154&perks=3048246338,1807273211,3978468247,4104185692
dimwishlist:item=3946054154&perks=3048246338,1807273211,3978468247,3007133316
dimwishlist:item=3946054154&perks=3048246338,1807273211,906981559,3081867624
dimwishlist:item=3946054154&perks=3048246338,1807273211,906981559,2963273944
dimwishlist:item=3946054154&perks=3048246338,1807273211,906981559,4104185692
dimwishlist:item=3946054154&perks=3048246338,1807273211,906981559,3007133316
dimwishlist:item=3946054154&perks=3048246338,1885400500,3017780555,3081867624
dimwishlist:item=3946054154&perks=3048246338,1885400500,3017780555,2963273944
dimwishlist:item=3946054154&perks=3048246338,1885400500,3017780555,4104185692
dimwishlist:item=3946054154&perks=3048246338,1885400500,3017780555,3007133316
dimwishlist:item=3946054154&perks=3048246338,1885400500,4223976499,3081867624
dimwishlist:item=3946054154&perks=3048246338,1885400500,4223976499,2963273944
dimwishlist:item=3946054154&perks=3048246338,1885400500,4223976499,4104185692
dimwishlist:item=3946054154&perks=3048246338,1885400500,4223976499,3007133316
dimwishlist:item=3946054154&perks=3048246338,1885400500,1428297954,3081867624
dimwishlist:item=3946054154&perks=3048246338,1885400500,1428297954,2963273944
dimwishlist:item=3946054154&perks=3048246338,1885400500,1428297954,4104185692
dimwishlist:item=3946054154&perks=3048246338,1885400500,1428297954,3007133316
dimwishlist:item=3946054154&perks=3048246338,1885400500,2014892510,3081867624
dimwishlist:item=3946054154&perks=3048246338,1885400500,2014892510,2963273944
dimwishlist:item=3946054154&perks=3048246338,1885400500,2014892510,4104185692
dimwishlist:item=3946054154&perks=3048246338,1885400500,2014892510,3007133316
dimwishlist:item=3946054154&perks=3048246338,1885400500,3978468247,3081867624
dimwishlist:item=3946054154&perks=3048246338,1885400500,3978468247,2963273944
dimwishlist:item=3946054154&perks=3048246338,1885400500,3978468247,4104185692
dimwishlist:item=3946054154&perks=3048246338,1885400500,3978468247,3007133316
dimwishlist:item=3946054154&perks=3048246338,1885400500,906981559,3081867624
dimwishlist:item=3946054154&perks=3048246338,1885400500,906981559,2963273944
dimwishlist:item=3946054154&perks=3048246338,1885400500,906981559,4104185692
dimwishlist:item=3946054154&perks=3048246338,1885400500,906981559,3007133316
dimwishlist:item=3946054154&perks=3048246338,1968098204,3017780555,3081867624
dimwishlist:item=3946054154&perks=3048246338,1968098204,3017780555,2963273944
dimwishlist:item=3946054154&perks=3048246338,1968098204,3017780555,4104185692
dimwishlist:item=3946054154&perks=3048246338,1968098204,3017780555,3007133316
dimwishlist:item=3946054154&perks=3048246338,1968098204,4223976499,3081867624
dimwishlist:item=3946054154&perks=3048246338,1968098204,4223976499,2963273944
dimwishlist:item=3946054154&perks=3048246338,1968098204,4223976499,4104185692
dimwishlist:item=3946054154&perks=3048246338,1968098204,4223976499,3007133316
dimwishlist:item=3946054154&perks=3048246338,1968098204,1428297954,3081867624
dimwishlist:item=3946054154&perks=3048246338,1968098204,1428297954,2963273944
dimwishlist:item=3946054154&perks=3048246338,1968098204,1428297954,4104185692
dimwishlist:item=3946054154&perks=3048246338,1968098204,1428297954,3007133316
dimwishlist:item=3946054154&perks=3048246338,1968098204,2014892510,3081867624
dimwishlist:item=3946054154&perks=3048246338,1968098204,2014892510,2963273944
dimwishlist:item=3946054154&perks=3048246338,1968098204,2014892510,4104185692
dimwishlist:item=3946054154&perks=3048246338,1968098204,2014892510,3007133316
dimwishlist:item=3946054154&perks=3048246338,1968098204,3978468247,3081867624
dimwishlist:item=3946054154&perks=3048246338,1968098204,3978468247,2963273944
dimwishlist:item=3946054154&perks=3048246338,1968098204,3978468247,4104185692
dimwishlist:item=3946054154&perks=3048246338,1968098204,3978468247,3007133316
dimwishlist:item=3946054154&perks=3048246338,1968098204,906981559,3081867624
dimwishlist:item=3946054154&perks=3048246338,1968098204,906981559,2963273944
dimwishlist:item=3946054154&perks=3048246338,1968098204,906981559,4104185692
dimwishlist:item=3946054154&perks=3048246338,1968098204,906981559,3007133316
dimwishlist:item=3946054154&perks=4090651448,3230963543,3017780555,3081867624
dimwishlist:item=3946054154&perks=4090651448,3230963543,3017780555,2963273944
dimwishlist:item=3946054154&perks=4090651448,3230963543,3017780555,4104185692
dimwishlist:item=3946054154&perks=4090651448,3230963543,3017780555,3007133316
dimwishlist:item=3946054154&perks=4090651448,3230963543,4223976499,3081867624
dimwishlist:item=3946054154&perks=4090651448,3230963543,4223976499,2963273944
dimwishlist:item=3946054154&perks=4090651448,3230963543,4223976499,4104185692
dimwishlist:item=3946054154&perks=4090651448,3230963543,4223976499,3007133316
dimwishlist:item=3946054154&perks=4090651448,3230963543,1428297954,3081867624
dimwishlist:item=3946054154&perks=4090651448,3230963543,1428297954,2963273944
dimwishlist:item=3946054154&perks=4090651448,3230963543,1428297954,4104185692
dimwishlist:item=3946054154&perks=4090651448,3230963543,1428297954,3007133316
dimwishlist:item=3946054154&perks=4090651448,3230963543,2014892510,3081867624
dimwishlist:item=3946054154&perks=4090651448,3230963543,2014892510,2963273944
dimwishlist:item=3946054154&perks=4090651448,3230963543,2014892510,4104185692
dimwishlist:item=3946054154&perks=4090651448,3230963543,2014892510,3007133316
dimwishlist:item=3946054154&perks=4090651448,3230963543,3978468247,3081867624
dimwishlist:item=3946054154&perks=4090651448,3230963543,3978468247,2963273944
dimwishlist:item=3946054154&perks=4090651448,3230963543,3978468247,4104185692
dimwishlist:item=3946054154&perks=4090651448,3230963543,3978468247,3007133316
dimwishlist:item=3946054154&perks=4090651448,3230963543,906981559,3081867624
dimwishlist:item=3946054154&perks=4090651448,3230963543,906981559,2963273944
dimwishlist:item=3946054154&perks=4090651448,3230963543,906981559,4104185692
dimwishlist:item=3946054154&perks=4090651448,3230963543,906981559,3007133316
dimwishlist:item=3946054154&perks=4090651448,1709045111,3017780555,3081867624
dimwishlist:item=3946054154&perks=4090651448,1709045111,3017780555,2963273944
dimwishlist:item=3946054154&perks=4090651448,1709045111,3017780555,4104185692
dimwishlist:item=3946054154&perks=4090651448,1709045111,3017780555,3007133316
dimwishlist:item=3946054154&perks=4090651448,1709045111,4223976499,3081867624
dimwishlist:item=3946054154&perks=4090651448,1709045111,4223976499,2963273944
dimwishlist:item=3946054154&perks=4090651448,1709045111,4223976499,4104185692
dimwishlist:item=3946054154&perks=4090651448,1709045111,4223976499,3007133316
dimwishlist:item=3946054154&perks=4090651448,1709045111,1428297954,3081867624
dimwishlist:item=3946054154&perks=4090651448,1709045111,1428297954,2963273944
dimwishlist:item=3946054154&perks=4090651448,1709045111,1428297954,4104185692
dimwishlist:item=3946054154&perks=4090651448,1709045111,1428297954,3007133316
dimwishlist:item=3946054154&perks=4090651448,1709045111,2014892510,3081867624
dimwishlist:item=3946054154&perks=4090651448,1709045111,2014892510,2963273944
dimwishlist:item=3946054154&perks=4090651448,1709045111,2014892510,4104185692
dimwishlist:item=3946054154&perks=4090651448,1709045111,2014892510,3007133316
dimwishlist:item=3946054154&perks=4090651448,1709045111,3978468247,3081867624
dimwishlist:item=3946054154&perks=4090651448,1709045111,3978468247,2963273944
dimwishlist:item=3946054154&perks=4090651448,1709045111,3978468247,4104185692
dimwishlist:item=3946054154&perks=4090651448,1709045111,3978468247,3007133316
dimwishlist:item=3946054154&perks=4090651448,1709045111,906981559,3081867624
dimwishlist:item=3946054154&perks=4090651448,1709045111,906981559,2963273944
dimwishlist:item=3946054154&perks=4090651448,1709045111,906981559,4104185692
dimwishlist:item=3946054154&perks=4090651448,1709045111,906981559,3007133316
dimwishlist:item=3946054154&perks=4090651448,679225683,3017780555,3081867624
dimwishlist:item=3946054154&perks=4090651448,679225683,3017780555,2963273944
dimwishlist:item=3946054154&perks=4090651448,679225683,3017780555,4104185692
dimwishlist:item=3946054154&perks=4090651448,679225683,3017780555,3007133316
dimwishlist:item=3946054154&perks=4090651448,679225683,4223976499,3081867624
dimwishlist:item=3946054154&perks=4090651448,679225683,4223976499,2963273944
dimwishlist:item=3946054154&perks=4090651448,679225683,4223976499,4104185692
dimwishlist:item=3946054154&perks=4090651448,679225683,4223976499,3007133316
dimwishlist:item=3946054154&perks=4090651448,679225683,1428297954,3081867624
dimwishlist:item=3946054154&perks=4090651448,679225683,1428297954,2963273944
dimwishlist:item=3946054154&perks=4090651448,679225683,1428297954,4104185692
dimwishlist:item=3946054154&perks=4090651448,679225683,1428297954,3007133316
dimwishlist:item=3946054154&perks=4090651448,679225683,2014892510,3081867624
dimwishlist:item=3946054154&perks=4090651448,679225683,2014892510,2963273944
dimwishlist:item=3946054154&perks=4090651448,679225683,2014892510,4104185692
dimwishlist:item=3946054154&perks=4090651448,679225683,2014892510,3007133316
dimwishlist:item=3946054154&perks=4090651448,679225683,3978468247,3081867624
dimwishlist:item=3946054154&perks=4090651448,679225683,3978468247,2963273944
dimwishlist:item=3946054154&perks=4090651448,679225683,3978468247,4104185692
dimwishlist:item=3946054154&perks=4090651448,679225683,3978468247,3007133316
dimwishlist:item=3946054154&perks=4090651448,679225683,906981559,3081867624
dimwishlist:item=3946054154&perks=4090651448,679225683,906981559,2963273944
dimwishlist:item=3946054154&perks=4090651448,679225683,906981559,4104185692
dimwishlist:item=3946054154&perks=4090651448,679225683,906981559,3007133316
dimwishlist:item=3946054154&perks=4090651448,1807273211,3017780555,3081867624
dimwishlist:item=3946054154&perks=4090651448,1807273211,3017780555,2963273944
dimwishlist:item=3946054154&perks=4090651448,1807273211,3017780555,4104185692
dimwishlist:item=3946054154&perks=4090651448,1807273211,3017780555,3007133316
dimwishlist:item=3946054154&perks=4090651448,1807273211,4223976499,3081867624
dimwishlist:item=3946054154&perks=4090651448,1807273211,4223976499,2963273944
dimwishlist:item=3946054154&perks=4090651448,1807273211,4223976499,4104185692
dimwishlist:item=3946054154&perks=4090651448,1807273211,4223976499,3007133316
dimwishlist:item=3946054154&perks=4090651448,1807273211,1428297954,3081867624
dimwishlist:item=3946054154&perks=4090651448,1807273211,1428297954,2963273944
dimwishlist:item=3946054154&perks=4090651448,1807273211,1428297954,4104185692
dimwishlist:item=3946054154&perks=4090651448,1807273211,1428297954,3007133316
dimwishlist:item=3946054154&perks=4090651448,1807273211,2014892510,3081867624
dimwishlist:item=3946054154&perks=4090651448,1807273211,2014892510,2963273944
dimwishlist:item=3946054154&perks=4090651448,1807273211,2014892510,4104185692
dimwishlist:item=3946054154&perks=4090651448,1807273211,2014892510,3007133316
dimwishlist:item=3946054154&perks=4090651448,1807273211,3978468247,3081867624
dimwishlist:item=3946054154&perks=4090651448,1807273211,3978468247,2963273944
dimwishlist:item=3946054154&perks=4090651448,1807273211,3978468247,4104185692
dimwishlist:item=3946054154&perks=4090651448,1807273211,3978468247,3007133316
dimwishlist:item=3946054154&perks=4090651448,1807273211,906981559,3081867624
dimwishlist:item=3946054154&perks=4090651448,1807273211,906981559,2963273944
dimwishlist:item=3946054154&perks=4090651448,1807273211,906981559,4104185692
dimwishlist:item=3946054154&perks=4090651448,1807273211,906981559,3007133316
dimwishlist:item=3946054154&perks=4090651448,1885400500,3017780555,3081867624
dimwishlist:item=3946054154&perks=4090651448,1885400500,3017780555,2963273944
dimwishlist:item=3946054154&perks=4090651448,1885400500,3017780555,4104185692
dimwishlist:item=3946054154&perks=4090651448,1885400500,3017780555,3007133316
dimwishlist:item=3946054154&perks=4090651448,1885400500,4223976499,3081867624
dimwishlist:item=3946054154&perks=4090651448,1885400500,4223976499,2963273944
dimwishlist:item=3946054154&perks=4090651448,1885400500,4223976499,4104185692
dimwishlist:item=3946054154&perks=4090651448,1885400500,4223976499,3007133316
dimwishlist:item=3946054154&perks=4090651448,1885400500,1428297954,3081867624
dimwishlist:item=3946054154&perks=4090651448,1885400500,1428297954,2963273944
dimwishlist:item=3946054154&perks=4090651448,1885400500,1428297954,4104185692
dimwishlist:item=3946054154&perks=4090651448,1885400500,1428297954,3007133316
dimwishlist:item=3946054154&perks=4090651448,1885400500,2014892510,3081867624
dimwishlist:item=3946054154&perks=4090651448,1885400500,2014892510,2963273944
dimwishlist:item=3946054154&perks=4090651448,1885400500,2014892510,4104185692
dimwishlist:item=3946054154&perks=4090651448,1885400500,2014892510,3007133316
dimwishlist:item=3946054154&perks=4090651448,1885400500,3978468247,3081867624
dimwishlist:item=3946054154&perks=4090651448,1885400500,3978468247,2963273944
dimwishlist:item=3946054154&perks=4090651448,1885400500,3978468247,4104185692
dimwishlist:item=3946054154&perks=4090651448,1885400500,3978468247,3007133316
dimwishlist:item=3946054154&perks=4090651448,1885400500,906981559,3081867624
dimwishlist:item=3946054154&perks=4090651448,1885400500,906981559,2963273944
dimwishlist:item=3946054154&perks=4090651448,1885400500,906981559,4104185692
dimwishlist:item=3946054154&perks=4090651448,1885400500,906981559,3007133316
dimwishlist:item=3946054154&perks=4090651448,1968098204,3017780555,3081867624
dimwishlist:item=3946054154&perks=4090651448,1968098204,3017780555,2963273944
dimwishlist:item=3946054154&perks=4090651448,1968098204,3017780555,4104185692
dimwishlist:item=3946054154&perks=4090651448,1968098204,3017780555,3007133316
dimwishlist:item=3946054154&perks=4090651448,1968098204,4223976499,3081867624
dimwishlist:item=3946054154&perks=4090651448,1968098204,4223976499,2963273944
dimwishlist:item=3946054154&perks=4090651448,1968098204,4223976499,4104185692
dimwishlist:item=3946054154&perks=4090651448,1968098204,4223976499,3007133316
dimwishlist:item=3946054154&perks=4090651448,1968098204,1428297954,3081867624
dimwishlist:item=3946054154&perks=4090651448,1968098204,1428297954,2963273944
dimwishlist:item=3946054154&perks=4090651448,1968098204,1428297954,4104185692
dimwishlist:item=3946054154&perks=4090651448,1968098204,1428297954,3007133316
dimwishlist:item=3946054154&perks=4090651448,1968098204,2014892510,3081867624
dimwishlist:item=3946054154&perks=4090651448,1968098204,2014892510,2963273944
dimwishlist:item=3946054154&perks=4090651448,1968098204,2014892510,4104185692
dimwishlist:item=3946054154&perks=4090651448,1968098204,2014892510,3007133316
dimwishlist:item=3946054154&perks=4090651448,1968098204,3978468247,3081867624
dimwishlist:item=3946054154&perks=4090651448,1968098204,3978468247,2963273944
dimwishlist:item=3946054154&perks=4090651448,1968098204,3978468247,4104185692
dimwishlist:item=3946054154&perks=4090651448,1968098204,3978468247,3007133316
dimwishlist:item=3946054154&perks=4090651448,1968098204,906981559,3081867624
dimwishlist:item=3946054154&perks=4090651448,1968098204,906981559,2963273944
dimwishlist:item=3946054154&perks=4090651448,1968098204,906981559,4104185692
dimwishlist:item=3946054154&perks=4090651448,1968098204,906981559,3007133316
dimwishlist:item=3946054154&perks=111235976,3230963543,3017780555,3081867624
dimwishlist:item=3946054154&perks=111235976,3230963543,3017780555,2963273944
dimwishlist:item=3946054154&perks=111235976,3230963543,3017780555,4104185692
dimwishlist:item=3946054154&perks=111235976,3230963543,3017780555,3007133316
dimwishlist:item=3946054154&perks=111235976,3230963543,4223976499,3081867624
dimwishlist:item=3946054154&perks=111235976,3230963543,4223976499,2963273944
dimwishlist:item=3946054154&perks=111235976,3230963543,4223976499,4104185692
dimwishlist:item=3946054154&perks=111235976,3230963543,4223976499,3007133316
dimwishlist:item=3946054154&perks=111235976,3230963543,1428297954,3081867624
dimwishlist:item=3946054154&perks=111235976,3230963543,1428297954,2963273944
dimwishlist:item=3946054154&perks=111235976,3230963543,1428297954,4104185692
dimwishlist:item=3946054154&perks=111235976,3230963543,1428297954,3007133316
dimwishlist:item=3946054154&perks=111235976,3230963543,2014892510,3081867624
dimwishlist:item=3946054154&perks=111235976,3230963543,2014892510,2963273944
dimwishlist:item=3946054154&perks=111235976,3230963543,2014892510,4104185692
dimwishlist:item=3946054154&perks=111235976,3230963543,2014892510,3007133316
dimwishlist:item=3946054154&perks=111235976,3230963543,3978468247,3081867624
dimwishlist:item=3946054154&perks=111235976,3230963543,3978468247,2963273944
dimwishlist:item=3946054154&perks=111235976,3230963543,3978468247,4104185692
dimwishlist:item=3946054154&perks=111235976,3230963543,3978468247,3007133316
dimwishlist:item=3946054154&perks=111235976,3230963543,906981559,3081867624
dimwishlist:item=3946054154&perks=111235976,3230963543,906981559,2963273944
dimwishlist:item=3946054154&perks=111235976,3230963543,906981559,4104185692
dimwishlist:item=3946054154&perks=111235976,3230963543,906981559,3007133316
dimwishlist:item=3946054154&perks=111235976,1709045111,3017780555,3081867624
dimwishlist:item=3946054154&perks=111235976,1709045111,3017780555,2963273944
dimwishlist:item=3946054154&perks=111235976,1709045111,3017780555,4104185692
dimwishlist:item=3946054154&perks=111235976,1709045111,3017780555,3007133316
dimwishlist:item=3946054154&perks=111235976,1709045111,4223976499,3081867624
dimwishlist:item=3946054154&perks=111235976,1709045111,4223976499,2963273944
dimwishlist:item=3946054154&perks=111235976,1709045111,4223976499,4104185692
dimwishlist:item=3946054154&perks=111235976,1709045111,4223976499,3007133316
dimwishlist:item=3946054154&perks=111235976,1709045111,1428297954,3081867624
dimwishlist:item=3946054154&perks=111235976,1709045111,1428297954,2963273944
dimwishlist:item=3946054154&perks=111235976,1709045111,1428297954,4104185692
dimwishlist:item=3946054154&perks=111235976,1709045111,1428297954,3007133316
dimwishlist:item=3946054154&perks=111235976,1709045111,2014892510,3081867624
dimwishlist:item=3946054154&perks=111235976,1709045111,2014892510,2963273944
dimwishlist:item=3946054154&perks=111235976,1709045111,2014892510,4104185692
dimwishlist:item=3946054154&perks=111235976,1709045111,2014892510,3007133316
dimwishlist:item=3946054154&perks=111235976,1709045111,3978468247,3081867624
dimwishlist:item=3946054154&perks=111235976,1709045111,3978468247,2963273944
dimwishlist:item=3946054154&perks=111235976,1709045111,3978468247,4104185692
dimwishlist:item=3946054154&perks=111235976,1709045111,3978468247,3007133316
dimwishlist:item=3946054154&perks=111235976,1709045111,906981559,3081867624
dimwishlist:item=3946054154&perks=111235976,1709045111,906981559,2963273944
dimwishlist:item=3946054154&perks=111235976,1709045111,906981559,4104185692
dimwishlist:item=3946054154&perks=111235976,1709045111,906981559,3007133316
dimwishlist:item=3946054154&perks=111235976,679225683,3017780555,3081867624
dimwishlist:item=3946054154&perks=111235976,679225683,3017780555,2963273944
dimwishlist:item=3946054154&perks=111235976,679225683,3017780555,4104185692
dimwishlist:item=3946054154&perks=111235976,679225683,3017780555,3007133316
dimwishlist:item=3946054154&perks=111235976,679225683,4223976499,3081867624
dimwishlist:item=3946054154&perks=111235976,679225683,4223976499,2963273944
dimwishlist:item=3946054154&perks=111235976,679225683,4223976499,4104185692
dimwishlist:item=3946054154&perks=111235976,679225683,4223976499,3007133316
dimwishlist:item=3946054154&perks=111235976,679225683,1428297954,3081867624
dimwishlist:item=3946054154&perks=111235976,679225683,1428297954,2963273944
dimwishlist:item=3946054154&perks=111235976,679225683,1428297954,4104185692
dimwishlist:item=3946054154&perks=111235976,679225683,1428297954,3007133316
dimwishlist:item=3946054154&perks=111235976,679225683,2014892510,3081867624
dimwishlist:item=3946054154&perks=111235976,679225683,2014892510,2963273944
dimwishlist:item=3946054154&perks=111235976,679225683,2014892510,4104185692
dimwishlist:item=3946054154&perks=111235976,679225683,2014892510,3007133316
dimwishlist:item=3946054154&perks=111235976,679225683,3978468247,3081867624
dimwishlist:item=3946054154&perks=111235976,679225683,3978468247,2963273944
dimwishlist:item=3946054154&perks=111235976,679225683,3978468247,4104185692
dimwishlist:item=3946054154&perks=111235976,679225683,3978468247,3007133316
dimwishlist:item=3946054154&perks=111235976,679225683,906981559,3081867624
dimwishlist:item=3946054154&perks=111235976,679225683,906981559,2963273944
dimwishlist:item=3946054154&perks=111235976,679225683,906981559,4104185692
dimwishlist:item=3946054154&perks=111235976,679225683,906981559,3007133316
dimwishlist:item=3946054154&perks=111235976,1807273211,3017780555,3081867624
dimwishlist:item=3946054154&perks=111235976,1807273211,3017780555,2963273944
dimwishlist:item=3946054154&perks=111235976,1807273211,3017780555,4104185692
dimwishlist:item=3946054154&perks=111235976,1807273211,3017780555,3007133316
dimwishlist:item=3946054154&perks=111235976,1807273211,4223976499,3081867624
dimwishlist:item=3946054154&perks=111235976,1807273211,4223976499,2963273944
dimwishlist:item=3946054154&perks=111235976,1807273211,4223976499,4104185692
dimwishlist:item=3946054154&perks=111235976,1807273211,4223976499,3007133316
dimwishlist:item=3946054154&perks=111235976,1807273211,1428297954,3081867624
dimwishlist:item=3946054154&perks=111235976,1807273211,1428297954,2963273944
dimwishlist:item=3946054154&perks=111235976,1807273211,1428297954,4104185692
dimwishlist:item=3946054154&perks=111235976,1807273211,1428297954,3007133316
dimwishlist:item=3946054154&perks=111235976,1807273211,2014892510,3081867624
dimwishlist:item=3946054154&perks=111235976,1807273211,2014892510,2963273944
dimwishlist:item=3946054154&perks=111235976,1807273211,2014892510,4104185692
dimwishlist:item=3946054154&perks=111235976,1807273211,2014892510,3007133316
dimwishlist:item=3946054154&perks=111235976,1807273211,3978468247,3081867624
dimwishlist:item=3946054154&perks=111235976,1807273211,3978468247,2963273944
dimwishlist:item=3946054154&perks=111235976,1807273211,3978468247,4104185692
dimwishlist:item=3946054154&perks=111235976,1807273211,3978468247,3007133316
dimwishlist:item=3946054154&perks=111235976,1807273211,906981559,3081867624
dimwishlist:item=3946054154&perks=111235976,1807273211,906981559,2963273944
dimwishlist:item=3946054154&perks=111235976,1807273211,906981559,4104185692
dimwishlist:item=3946054154&perks=111235976,1807273211,906981559,3007133316
dimwishlist:item=3946054154&perks=111235976,1885400500,3017780555,3081867624
dimwishlist:item=3946054154&perks=111235976,1885400500,3017780555,2963273944
dimwishlist:item=3946054154&perks=111235976,1885400500,3017780555,4104185692
dimwishlist:item=3946054154&perks=111235976,1885400500,3017780555,3007133316
dimwishlist:item=3946054154&perks=111235976,1885400500,4223976499,3081867624
dimwishlist:item=3946054154&perks=111235976,1885400500,4223976499,2963273944
dimwishlist:item=3946054154&perks=111235976,1885400500,4223976499,4104185692
dimwishlist:item=3946054154&perks=111235976,1885400500,4223976499,3007133316
dimwishlist:item=3946054154&perks=111235976,1885400500,1428297954,3081867624
dimwishlist:item=3946054154&perks=111235976,1885400500,1428297954,2963273944
dimwishlist:item=3946054154&perks=111235976,1885400500,1428297954,4104185692
dimwishlist:item=3946054154&perks=111235976,1885400500,1428297954,3007133316
dimwishlist:item=3946054154&perks=111235976,1885400500,2014892510,3081867624
dimwishlist:item=3946054154&perks=111235976,1885400500,2014892510,2963273944
dimwishlist:item=3946054154&perks=111235976,1885400500,2014892510,4104185692
dimwishlist:item=3946054154&perks=111235976,1885400500,2014892510,3007133316
dimwishlist:item=3946054154&perks=111235976,1885400500,3978468247,3081867624
dimwishlist:item=3946054154&perks=111235976,1885400500,3978468247,2963273944
dimwishlist:item=3946054154&perks=111235976,1885400500,3978468247,4104185692
dimwishlist:item=3946054154&perks=111235976,1885400500,3978468247,3007133316
dimwishlist:item=3946054154&perks=111235976,1885400500,906981559,3081867624
dimwishlist:item=3946054154&perks=111235976,1885400500,906981559,2963273944
dimwishlist:item=3946054154&perks=111235976,1885400500,906981559,4104185692
dimwishlist:item=3946054154&perks=111235976,1885400500,906981559,3007133316
dimwishlist:item=3946054154&perks=111235976,1968098204,3017780555,3081867624
dimwishlist:item=3946054154&perks=111235976,1968098204,3017780555,2963273944
dimwishlist:item=3946054154&perks=111235976,1968098204,3017780555,4104185692
dimwishlist:item=3946054154&perks=111235976,1968098204,3017780555,3007133316
dimwishlist:item=3946054154&perks=111235976,1968098204,4223976499,3081867624
dimwishlist:item=3946054154&perks=111235976,1968098204,4223976499,2963273944
dimwishlist:item=3946054154&perks=111235976,1968098204,4223976499,4104185692
dimwishlist:item=3946054154&perks=111235976,1968098204,4223976499,3007133316
dimwishlist:item=3946054154&perks=111235976,1968098204,1428297954,3081867624
dimwishlist:item=3946054154&perks=111235976,1968098204,1428297954,2963273944
dimwishlist:item=3946054154&perks=111235976,1968098204,1428297954,4104185692
dimwishlist:item=3946054154&perks=111235976,1968098204,1428297954,3007133316
dimwishlist:item=3946054154&perks=111235976,1968098204,2014892510,3081867624
dimwishlist:item=3946054154&perks=111235976,1968098204,2014892510,2963273944
dimwishlist:item=3946054154&perks=111235976,1968098204,2014892510,4104185692
dimwishlist:item=3946054154&perks=111235976,1968098204,2014892510,3007133316
dimwishlist:item=3946054154&perks=111235976,1968098204,3978468247,3081867624
dimwishlist:item=3946054154&perks=111235976,1968098204,3978468247,2963273944
dimwishlist:item=3946054154&perks=111235976,1968098204,3978468247,4104185692
dimwishlist:item=3946054154&perks=111235976,1968098204,3978468247,3007133316
dimwishlist:item=3946054154&perks=111235976,1968098204,906981559,3081867624
dimwishlist:item=3946054154&perks=111235976,1968098204,906981559,2963273944
dimwishlist:item=3946054154&perks=111235976,1968098204,906981559,4104185692
dimwishlist:item=3946054154&perks=111235976,1968098204,906981559,3007133316
dimwishlist:item=3946054154&perks=1467527085,3230963543,3017780555,3081867624
dimwishlist:item=3946054154&perks=1467527085,3230963543,3017780555,2963273944
dimwishlist:item=3946054154&perks=1467527085,3230963543,3017780555,4104185692
dimwishlist:item=3946054154&perks=1467527085,3230963543,3017780555,3007133316
dimwishlist:item=3946054154&perks=1467527085,3230963543,4223976499,3081867624
dimwishlist:item=3946054154&perks=1467527085,3230963543,4223976499,2963273944
dimwishlist:item=3946054154&perks=1467527085,3230963543,4223976499,4104185692
dimwishlist:item=3946054154&perks=1467527085,3230963543,4223976499,3007133316
dimwishlist:item=3946054154&perks=1467527085,3230963543,1428297954,3081867624
dimwishlist:item=3946054154&perks=1467527085,3230963543,1428297954,2963273944
dimwishlist:item=3946054154&perks=1467527085,3230963543,1428297954,4104185692
dimwishlist:item=3946054154&perks=1467527085,3230963543,1428297954,3007133316
dimwishlist:item=3946054154&perks=1467527085,3230963543,2014892510,3081867624
dimwishlist:item=3946054154&perks=1467527085,3230963543,2014892510,2963273944
dimwishlist:item=3946054154&perks=1467527085,3230963543,2014892510,4104185692
dimwishlist:item=3946054154&perks=1467527085,3230963543,2014892510,3007133316
dimwishlist:item=3946054154&perks=1467527085,3230963543,3978468247,3081867624
dimwishlist:item=3946054154&perks=1467527085,3230963543,3978468247,2963273944
dimwishlist:item=3946054154&perks=1467527085,3230963543,3978468247,4104185692
dimwishlist:item=3946054154&perks=1467527085,3230963543,3978468247,3007133316
dimwishlist:item=3946054154&perks=1467527085,3230963543,906981559,3081867624
dimwishlist:item=3946054154&perks=1467527085,3230963543,906981559,2963273944
dimwishlist:item=3946054154&perks=1467527085,3230963543,906981559,4104185692
dimwishlist:item=3946054154&perks=1467527085,3230963543,906981559,3007133316
dimwishlist:item=3946054154&perks=1467527085,1709045111,3017780555,3081867624
dimwishlist:item=3946054154&perks=1467527085,1709045111,3017780555,2963273944
dimwishlist:item=3946054154&perks=1467527085,1709045111,3017780555,4104185692
dimwishlist:item=3946054154&perks=1467527085,1709045111,3017780555,3007133316
dimwishlist:item=3946054154&perks=1467527085,1709045111,4223976499,3081867624
dimwishlist:item=3946054154&perks=1467527085,1709045111,4223976499,2963273944
dimwishlist:item=3946054154&perks=1467527085,1709045111,4223976499,4104185692
dimwishlist:item=3946054154&perks=1467527085,1709045111,4223976499,3007133316
dimwishlist:item=3946054154&perks=1467527085,1709045111,1428297954,3081867624
dimwishlist:item=3946054154&perks=1467527085,1709045111,1428297954,2963273944
dimwishlist:item=3946054154&perks=1467527085,1709045111,1428297954,4104185692
dimwishlist:item=3946054154&perks=1467527085,1709045111,1428297954,3007133316
dimwishlist:item=3946054154&perks=1467527085,1709045111,2014892510,3081867624
dimwishlist:item=3946054154&perks=1467527085,1709045111,2014892510,2963273944
dimwishlist:item=3946054154&perks=1467527085,1709045111,2014892510,4104185692
dimwishlist:item=3946054154&perks=1467527085,1709045111,2014892510,3007133316
dimwishlist:item=3946054154&perks=1467527085,1709045111,3978468247,3081867624
dimwishlist:item=3946054154&perks=1467527085,1709045111,3978468247,2963273944
dimwishlist:item=3946054154&perks=1467527085,1709045111,3978468247,4104185692
dimwishlist:item=3946054154&perks=1467527085,1709045111,3978468247,3007133316
dimwishlist:item=3946054154&perks=1467527085,1709045111,906981559,3081867624
dimwishlist:item=3946054154&perks=1467527085,1709045111,906981559,2963273944
dimwishlist:item=3946054154&perks=1467527085,1709045111,906981559,4104185692
dimwishlist:item=3946054154&perks=1467527085,1709045111,906981559,3007133316
dimwishlist:item=3946054154&perks=1467527085,679225683,3017780555,3081867624
dimwishlist:item=3946054154&perks=1467527085,679225683,3017780555,2963273944
dimwishlist:item=3946054154&perks=1467527085,679225683,3017780555,4104185692
dimwishlist:item=3946054154&perks=1467527085,679225683,3017780555,3007133316
dimwishlist:item=3946054154&perks=1467527085,679225683,4223976499,3081867624
dimwishlist:item=3946054154&perks=1467527085,679225683,4223976499,2963273944
dimwishlist:item=3946054154&perks=1467527085,679225683,4223976499,4104185692
dimwishlist:item=3946054154&perks=1467527085,679225683,4223976499,3007133316
dimwishlist:item=3946054154&perks=1467527085,679225683,1428297954,3081867624
dimwishlist:item=3946054154&perks=1467527085,679225683,1428297954,2963273944
dimwishlist:item=3946054154&perks=1467527085,679225683,1428297954,4104185692
dimwishlist:item=3946054154&perks=1467527085,679225683,1428297954,3007133316
dimwishlist:item=3946054154&perks=1467527085,679225683,2014892510,3081867624
dimwishlist:item=3946054154&perks=1467527085,679225683,2014892510,2963273944
dimwishlist:item=3946054154&perks=1467527085,679225683,2014892510,4104185692
dimwishlist:item=3946054154&perks=1467527085,679225683,2014892510,3007133316
dimwishlist:item=3946054154&perks=1467527085,679225683,3978468247,3081867624
dimwishlist:item=3946054154&perks=1467527085,679225683,3978468247,2963273944
dimwishlist:item=3946054154&perks=1467527085,679225683,3978468247,4104185692
dimwishlist:item=3946054154&perks=1467527085,679225683,3978468247,3007133316
dimwishlist:item=3946054154&perks=1467527085,679225683,906981559,3081867624
dimwishlist:item=3946054154&perks=1467527085,679225683,906981559,2963273944
dimwishlist:item=3946054154&perks=1467527085,679225683,906981559,4104185692
dimwishlist:item=3946054154&perks=1467527085,679225683,906981559,3007133316
dimwishlist:item=3946054154&perks=1467527085,1807273211,3017780555,3081867624
dimwishlist:item=3946054154&perks=1467527085,1807273211,3017780555,2963273944
dimwishlist:item=3946054154&perks=1467527085,1807273211,3017780555,4104185692
dimwishlist:item=3946054154&perks=1467527085,1807273211,3017780555,3007133316
dimwishlist:item=3946054154&perks=1467527085,1807273211,4223976499,3081867624
dimwishlist:item=3946054154&perks=1467527085,1807273211,4223976499,2963273944
dimwishlist:item=3946054154&perks=1467527085,1807273211,4223976499,4104185692
dimwishlist:item=3946054154&perks=1467527085,1807273211,4223976499,3007133316
dimwishlist:item=3946054154&perks=1467527085,1807273211,1428297954,3081867624
dimwishlist:item=3946054154&perks=1467527085,1807273211,1428297954,2963273944
dimwishlist:item=3946054154&perks=1467527085,1807273211,1428297954,4104185692
dimwishlist:item=3946054154&perks=1467527085,1807273211,1428297954,3007133316
dimwishlist:item=3946054154&perks=1467527085,1807273211,2014892510,3081867624
dimwishlist:item=3946054154&perks=1467527085,1807273211,2014892510,2963273944
dimwishlist:item=3946054154&perks=1467527085,1807273211,2014892510,4104185692
dimwishlist:item=3946054154&perks=1467527085,1807273211,2014892510,3007133316
dimwishlist:item=3946054154&perks=1467527085,1807273211,3978468247,3081867624
dimwishlist:item=3946054154&perks=1467527085,1807273211,3978468247,2963273944
dimwishlist:item=3946054154&perks=1467527085,1807273211,3978468247,4104185692
dimwishlist:item=3946054154&perks=1467527085,1807273211,3978468247,3007133316
dimwishlist:item=3946054154&perks=1467527085,1807273211,906981559,3081867624
dimwishlist:item=3946054154&perks=1467527085,1807273211,906981559,2963273944
dimwishlist:item=3946054154&perks=1467527085,1807273211,906981559,4104185692
dimwishlist:item=3946054154&perks=1467527085,1807273211,906981559,3007133316
dimwishlist:item=3946054154&perks=1467527085,1885400500,3017780555,3081867624
dimwishlist:item=3946054154&perks=1467527085,1885400500,3017780555,2963273944
dimwishlist:item=3946054154&perks=1467527085,1885400500,3017780555,4104185692
dimwishlist:item=3946054154&perks=1467527085,1885400500,3017780555,3007133316
dimwishlist:item=3946054154&perks=1467527085,1885400500,4223976499,3081867624
dimwishlist:item=3946054154&perks=1467527085,1885400500,4223976499,2963273944
dimwishlist:item=3946054154&perks=1467527085,1885400500,4223976499,4104185692
dimwishlist:item=3946054154&perks=1467527085,1885400500,4223976499,3007133316
dimwishlist:item=3946054154&perks=1467527085,1885400500,1428297954,3081867624
dimwishlist:item=3946054154&perks=1467527085,1885400500,1428297954,2963273944
dimwishlist:item=3946054154&perks=1467527085,1885400500,1428297954,4104185692
dimwishlist:item=3946054154&perks=1467527085,1885400500,1428297954,3007133316
dimwishlist:item=3946054154&perks=1467527085,1885400500,2014892510,3081867624
dimwishlist:item=3946054154&perks=1467527085,1885400500,2014892510,2963273944
dimwishlist:item=3946054154&perks=1467527085,1885400500,2014892510,4104185692
dimwishlist:item=3946054154&perks=1467527085,1885400500,2014892510,3007133316
dimwishlist:item=3946054154&perks=1467527085,1885400500,3978468247,3081867624
dimwishlist:item=3946054154&perks=1467527085,1885400500,3978468247,2963273944
dimwishlist:item=3946054154&perks=1467527085,1885400500,3978468247,4104185692
dimwishlist:item=3946054154&perks=1467527085,1885400500,3978468247,3007133316
dimwishlist:item=3946054154&perks=1467527085,1885400500,906981559,3081867624
dimwishlist:item=3946054154&perks=1467527085,1885400500,906981559,2963273944
dimwishlist:item=3946054154&perks=1467527085,1885400500,906981559,4104185692
dimwishlist:item=3946054154&perks=1467527085,1885400500,906981559,3007133316
dimwishlist:item=3946054154&perks=1467527085,1968098204,3017780555,3081867624
dimwishlist:item=3946054154&perks=1467527085,1968098204,3017780555,2963273944
dimwishlist:item=3946054154&perks=1467527085,1968098204,3017780555,4104185692
dimwishlist:item=3946054154&perks=1467527085,1968098204,3017780555,3007133316
dimwishlist:item=3946054154&perks=1467527085,1968098204,4223976499,3081867624
dimwishlist:item=3946054154&perks=1467527085,1968098204,4223976499,2963273944
dimwishlist:item=3946054154&perks=1467527085,1968098204,4223976499,4104185692
dimwishlist:item=3946054154&perks=1467527085,1968098204,4223976499,3007133316
dimwishlist:item=3946054154&perks=1467527085,1968098204,1428297954,3081867624
dimwishlist:item=3946054154&perks=1467527085,1968098204,1428297954,2963273944
dimwishlist:item=3946054154&perks=1467527085,1968098204,1428297954,4104185692
dimwishlist:item=3946054154&perks=1467527085,1968098204,1428297954,3007133316
dimwishlist:item=3946054154&perks=1467527085,1968098204,2014892510,3081867624
dimwishlist:item=3946054154&perks=1467527085,1968098204,2014892510,2963273944
dimwishlist:item=3946054154&perks=1467527085,1968098204,2014892510,4104185692
dimwishlist:item=3946054154&perks=1467527085,1968098204,2014892510,3007133316
dimwishlist:item=3946054154&perks=1467527085,1968098204,3978468247,3081867624
dimwishlist:item=3946054154&perks=1467527085,1968098204,3978468247,2963273944
dimwishlist:item=3946054154&perks=1467527085,1968098204,3978468247,4104185692
dimwishlist:item=3946054154&perks=1467527085,1968098204,3978468247,3007133316
dimwishlist:item=3946054154&perks=1467527085,1968098204,906981559,3081867624
dimwishlist:item=3946054154&perks=1467527085,1968098204,906981559,2963273944
dimwishlist:item=3946054154&perks=1467527085,1968098204,906981559,4104185692
dimwishlist:item=3946054154&perks=1467527085,1968098204,906981559,3007133316
dimwishlist:item=3946054154&perks=1932356121,3230963543,3017780555,3081867624
dimwishlist:item=3946054154&perks=1932356121,3230963543,3017780555,2963273944
dimwishlist:item=3946054154&perks=1932356121,3230963543,3017780555,4104185692
dimwishlist:item=3946054154&perks=1932356121,3230963543,3017780555,3007133316
dimwishlist:item=3946054154&perks=1932356121,3230963543,4223976499,3081867624
dimwishlist:item=3946054154&perks=1932356121,3230963543,4223976499,2963273944
dimwishlist:item=3946054154&perks=1932356121,3230963543,4223976499,4104185692
dimwishlist:item=3946054154&perks=1932356121,3230963543,4223976499,3007133316
dimwishlist:item=3946054154&perks=1932356121,3230963543,1428297954,3081867624
dimwishlist:item=3946054154&perks=1932356121,3230963543,1428297954,2963273944
dimwishlist:item=3946054154&perks=1932356121,3230963543,1428297954,4104185692
dimwishlist:item=3946054154&perks=1932356121,3230963543,1428297954,3007133316
dimwishlist:item=3946054154&perks=1932356121,3230963543,2014892510,3081867624
dimwishlist:item=3946054154&perks=1932356121,3230963543,2014892510,2963273944
dimwishlist:item=3946054154&perks=1932356121,3230963543,2014892510,4104185692
dimwishlist:item=3946054154&perks=1932356121,3230963543,2014892510,3007133316
dimwishlist:item=3946054154&perks=1932356121,3230963543,3978468247,3081867624
dimwishlist:item=3946054154&perks=1932356121,3230963543,3978468247,2963273944
dimwishlist:item=3946054154&perks=1932356121,3230963543,3978468247,4104185692
dimwishlist:item=3946054154&perks=1932356121,3230963543,3978468247,3007133316
dimwishlist:item=3946054154&perks=1932356121,3230963543,906981559,3081867624
dimwishlist:item=3946054154&perks=1932356121,3230963543,906981559,2963273944
dimwishlist:item=3946054154&perks=1932356121,3230963543,906981559,4104185692
dimwishlist:item=3946054154&perks=1932356121,3230963543,906981559,3007133316
dimwishlist:item=3946054154&perks=1932356121,1709045111,3017780555,3081867624
dimwishlist:item=3946054154&perks=1932356121,1709045111,3017780555,2963273944
dimwishlist:item=3946054154&perks=1932356121,1709045111,3017780555,4104185692
dimwishlist:item=3946054154&perks=1932356121,1709045111,3017780555,3007133316
dimwishlist:item=3946054154&perks=1932356121,1709045111,4223976499,3081867624
dimwishlist:item=3946054154&perks=1932356121,1709045111,4223976499,2963273944
dimwishlist:item=3946054154&perks=1932356121,1709045111,4223976499,4104185692
dimwishlist:item=3946054154&perks=1932356121,1709045111,4223976499,3007133316
dimwishlist:item=3946054154&perks=1932356121,1709045111,1428297954,3081867624
dimwishlist:item=3946054154&perks=1932356121,1709045111,1428297954,2963273944
dimwishlist:item=3946054154&perks=1932356121,1709045111,1428297954,4104185692
dimwishlist:item=3946054154&perks=1932356121,1709045111,1428297954,3007133316
dimwishlist:item=3946054154&perks=1932356121,1709045111,2014892510,3081867624
dimwishlist:item=3946054154&perks=1932356121,1709045111,2014892510,2963273944
dimwishlist:item=3946054154&perks=1932356121,1709045111,2014892510,4104185692
dimwishlist:item=3946054154&perks=1932356121,1709045111,2014892510,3007133316
dimwishlist:item=3946054154&perks=1932356121,1709045111,3978468247,3081867624
dimwishlist:item=3946054154&perks=1932356121,1709045111,3978468247,2963273944
dimwishlist:item=3946054154&perks=1932356121,1709045111,3978468247,4104185692
dimwishlist:item=3946054154&perks=1932356121,1709045111,3978468247,3007133316
dimwishlist:item=3946054154&perks=1932356121,1709045111,906981559,3081867624
dimwishlist:item=3946054154&perks=1932356121,1709045111,906981559,2963273944
dimwishlist:item=3946054154&perks=1932356121,1709045111,906981559,4104185692
dimwishlist:item=3946054154&perks=1932356121,1709045111,906981559,3007133316
dimwishlist:item=3946054154&perks=1932356121,679225683,3017780555,3081867624
dimwishlist:item=3946054154&perks=1932356121,679225683,3017780555,2963273944
dimwishlist:item=3946054154&perks=1932356121,679225683,3017780555,4104185692
dimwishlist:item=3946054154&perks=1932356121,679225683,3017780555,3007133316
dimwishlist:item=3946054154&perks=1932356121,679225683,4223976499,3081867624
dimwishlist:item=3946054154&perks=1932356121,679225683,4223976499,2963273944
dimwishlist:item=3946054154&perks=1932356121,679225683,4223976499,4104185692
dimwishlist:item=3946054154&perks=1932356121,679225683,4223976499,3007133316
dimwishlist:item=3946054154&perks=1932356121,679225683,1428297954,3081867624
dimwishlist:item=3946054154&perks=1932356121,679225683,1428297954,2963273944
dimwishlist:item=3946054154&perks=1932356121,679225683,1428297954,4104185692
dimwishlist:item=3946054154&perks=1932356121,679225683,1428297954,3007133316
dimwishlist:item=3946054154&perks=1932356121,679225683,2014892510,3081867624
dimwishlist:item=3946054154&perks=1932356121,679225683,2014892510,2963273944
dimwishlist:item=3946054154&perks=1932356121,679225683,2014892510,4104185692
dimwishlist:item=3946054154&perks=1932356121,679225683,2014892510,3007133316
dimwishlist:item=3946054154&perks=1932356121,679225683,3978468247,3081867624
dimwishlist:item=3946054154&perks=1932356121,679225683,3978468247,2963273944
dimwishlist:item=3946054154&perks=1932356121,679225683,3978468247,4104185692
dimwishlist:item=3946054154&perks=1932356121,679225683,3978468247,3007133316
dimwishlist:item=3946054154&perks=1932356121,679225683,906981559,3081867624
dimwishlist:item=3946054154&perks=1932356121,679225683,906981559,2963273944
dimwishlist:item=3946054154&perks=1932356121,679225683,906981559,4104185692
dimwishlist:item=3946054154&perks=1932356121,679225683,906981559,3007133316
dimwishlist:item=3946054154&perks=1932356121,1807273211,3017780555,3081867624
dimwishlist:item=3946054154&perks=1932356121,1807273211,3017780555,2963273944
dimwishlist:item=3946054154&perks=1932356121,1807273211,3017780555,4104185692
dimwishlist:item=3946054154&perks=1932356121,1807273211,3017780555,3007133316
dimwishlist:item=3946054154&perks=1932356121,1807273211,4223976499,3081867624
dimwishlist:item=3946054154&perks=1932356121,1807273211,4223976499,2963273944
dimwishlist:item=3946054154&perks=1932356121,1807273211,4223976499,4104185692
dimwishlist:item=3946054154&perks=1932356121,1807273211,4223976499,3007133316
dimwishlist:item=3946054154&perks=1932356121,1807273211,1428297954,3081867624
dimwishlist:item=3946054154&perks=1932356121,1807273211,1428297954,2963273944
dimwishlist:item=3946054154&perks=1932356121,1807273211,1428297954,4104185692
dimwishlist:item=3946054154&perks=1932356121,1807273211,1428297954,3007133316
dimwishlist:item=3946054154&perks=1932356121,1807273211,2014892510,3081867624
dimwishlist:item=3946054154&perks=1932356121,1807273211,2014892510,2963273944
dimwishlist:item=3946054154&perks=1932356121,1807273211,2014892510,4104185692
dimwishlist:item=3946054154&perks=1932356121,1807273211,2014892510,3007133316
dimwishlist:item=3946054154&perks=1932356121,1807273211,3978468247,3081867624
dimwishlist:item=3946054154&perks=1932356121,1807273211,3978468247,2963273944
dimwishlist:item=3946054154&perks=1932356121,1807273211,3978468247,4104185692
dimwishlist:item=3946054154&perks=1932356121,1807273211,3978468247,3007133316
dimwishlist:item=3946054154&perks=1932356121,1807273211,906981559,3081867624
dimwishlist:item=3946054154&perks=1932356121,1807273211,906981559,2963273944
dimwishlist:item=3946054154&perks=1932356121,1807273211,906981559,4104185692
dimwishlist:item=3946054154&perks=1932356121,1807273211,906981559,3007133316
dimwishlist:item=3946054154&perks=1932356121,1885400500,3017780555,3081867624
dimwishlist:item=3946054154&perks=1932356121,1885400500,3017780555,2963273944
dimwishlist:item=3946054154&perks=1932356121,1885400500,3017780555,4104185692
dimwishlist:item=3946054154&perks=1932356121,1885400500,3017780555,3007133316
dimwishlist:item=3946054154&perks=1932356121,1885400500,4223976499,3081867624
dimwishlist:item=3946054154&perks=1932356121,1885400500,4223976499,2963273944
dimwishlist:item=3946054154&perks=1932356121,1885400500,4223976499,4104185692
dimwishlist:item=3946054154&perks=1932356121,1885400500,4223976499,3007133316
dimwishlist:item=3946054154&perks=1932356121,1885400500,1428297954,3081867624
dimwishlist:item=3946054154&perks=1932356121,1885400500,1428297954,2963273944
dimwishlist:item=3946054154&perks=1932356121,1885400500,1428297954,4104185692
dimwishlist:item=3946054154&perks=1932356121,1885400500,1428297954,3007133316
dimwishlist:item=3946054154&perks=1932356121,1885400500,2014892510,3081867624
dimwishlist:item=3946054154&perks=1932356121,1885400500,2014892510,2963273944
dimwishlist:item=3946054154&perks=1932356121,1885400500,2014892510,4104185692
dimwishlist:item=3946054154&perks=1932356121,1885400500,2014892510,3007133316
dimwishlist:item=3946054154&perks=1932356121,1885400500,3978468247,3081867624
dimwishlist:item=3946054154&perks=1932356121,1885400500,3978468247,2963273944
dimwishlist:item=3946054154&perks=1932356121,1885400500,3978468247,4104185692
dimwishlist:item=3946054154&perks=1932356121,1885400500,3978468247,3007133316
dimwishlist:item=3946054154&perks=1932356121,1885400500,906981559,3081867624
dimwishlist:item=3946054154&perks=1932356121,1885400500,906981559,2963273944
dimwishlist:item=3946054154&perks=1932356121,1885400500,906981559,4104185692
dimwishlist:item=3946054154&perks=1932356121,1885400500,906981559,3007133316
dimwishlist:item=3946054154&perks=1932356121,1968098204,3017780555,3081867624
dimwishlist:item=3946054154&perks=1932356121,1968098204,3017780555,2963273944
dimwishlist:item=3946054154&perks=1932356121,1968098204,3017780555,4104185692
dimwishlist:item=3946054154&perks=1932356121,1968098204,3017780555,3007133316
dimwishlist:item=3946054154&perks=1932356121,1968098204,4223976499,3081867624
dimwishlist:item=3946054154&perks=1932356121,1968098204,4223976499,2963273944
dimwishlist:item=3946054154&perks=1932356121,1968098204,4223976499,4104185692
dimwishlist:item=3946054154&perks=1932356121,1968098204,4223976499,3007133316
dimwishlist:item=3946054154&perks=1932356121,1968098204,1428297954,3081867624
dimwishlist:item=3946054154&perks=1932356121,1968098204,1428297954,2963273944
dimwishlist:item=3946054154&perks=1932356121,1968098204,1428297954,4104185692
dimwishlist:item=3946054154&perks=1932356121,1968098204,1428297954,3007133316
dimwishlist:item=3946054154&perks=1932356121,1968098204,2014892510,3081867624
dimwishlist:item=3946054154&perks=1932356121,1968098204,2014892510,2963273944
dimwishlist:item=3946054154&perks=1932356121,1968098204,2014892510,4104185692
dimwishlist:item=3946054154&perks=1932356121,1968098204,2014892510,3007133316
dimwishlist:item=3946054154&perks=1932356121,1968098204,3978468247,3081867624
dimwishlist:item=3946054154&perks=1932356121,1968098204,3978468247,2963273944
dimwishlist:item=3946054154&perks=1932356121,1968098204,3978468247,4104185692
dimwishlist:item=3946054154&perks=1932356121,1968098204,3978468247,3007133316
dimwishlist:item=3946054154&perks=1932356121,1968098204,906981559,3081867624
dimwishlist:item=3946054154&perks=1932356121,1968098204,906981559,2963273944
dimwishlist:item=3946054154&perks=1932356121,1968098204,906981559,4104185692
dimwishlist:item=3946054154&perks=1932356121,1968098204,906981559,3007133316
dimwishlist:item=3946054154&perks=3250034553,3230963543,3017780555,3081867624
dimwishlist:item=3946054154&perks=3250034553,3230963543,3017780555,2963273944
dimwishlist:item=3946054154&perks=3250034553,3230963543,3017780555,4104185692
dimwishlist:item=3946054154&perks=3250034553,3230963543,3017780555,3007133316
dimwishlist:item=3946054154&perks=3250034553,3230963543,4223976499,3081867624
dimwishlist:item=3946054154&perks=3250034553,3230963543,4223976499,2963273944
dimwishlist:item=3946054154&perks=3250034553,3230963543,4223976499,4104185692
dimwishlist:item=3946054154&perks=3250034553,3230963543,4223976499,3007133316
dimwishlist:item=3946054154&perks=3250034553,3230963543,1428297954,3081867624
dimwishlist:item=3946054154&perks=3250034553,3230963543,1428297954,2963273944
dimwishlist:item=3946054154&perks=3250034553,3230963543,1428297954,4104185692
dimwishlist:item=3946054154&perks=3250034553,3230963543,1428297954,3007133316
dimwishlist:item=3946054154&perks=3250034553,3230963543,2014892510,3081867624
dimwishlist:item=3946054154&perks=3250034553,3230963543,2014892510,2963273944
dimwishlist:item=3946054154&perks=3250034553,3230963543,2014892510,4104185692
dimwishlist:item=3946054154&perks=3250034553,3230963543,2014892510,3007133316
dimwishlist:item=3946054154&perks=3250034553,3230963543,3978468247,3081867624
dimwishlist:item=3946054154&perks=3250034553,3230963543,3978468247,2963273944
dimwishlist:item=3946054154&perks=3250034553,3230963543,3978468247,4104185692
dimwishlist:item=3946054154&perks=3250034553,3230963543,3978468247,3007133316
dimwishlist:item=3946054154&perks=3250034553,3230963543,906981559,3081867624
dimwishlist:item=3946054154&perks=3250034553,3230963543,906981559,2963273944
dimwishlist:item=3946054154&perks=3250034553,3230963543,906981559,4104185692
dimwishlist:item=3946054154&perks=3250034553,3230963543,906981559,3007133316
dimwishlist:item=3946054154&perks=3250034553,1709045111,3017780555,3081867624
dimwishlist:item=3946054154&perks=3250034553,1709045111,3017780555,2963273944
dimwishlist:item=3946054154&perks=3250034553,1709045111,3017780555,4104185692
dimwishlist:item=3946054154&perks=3250034553,1709045111,3017780555,3007133316
dimwishlist:item=3946054154&perks=3250034553,1709045111,4223976499,3081867624
dimwishlist:item=3946054154&perks=3250034553,1709045111,4223976499,2963273944
dimwishlist:item=3946054154&perks=3250034553,1709045111,4223976499,4104185692
dimwishlist:item=3946054154&perks=3250034553,1709045111,4223976499,3007133316
dimwishlist:item=3946054154&perks=3250034553,1709045111,1428297954,3081867624
dimwishlist:item=3946054154&perks=3250034553,1709045111,1428297954,2963273944
dimwishlist:item=3946054154&perks=3250034553,1709045111,1428297954,4104185692
dimwishlist:item=3946054154&perks=3250034553,1709045111,1428297954,3007133316
dimwishlist:item=3946054154&perks=3250034553,1709045111,2014892510,3081867624
dimwishlist:item=3946054154&perks=3250034553,1709045111,2014892510,2963273944
dimwishlist:item=3946054154&perks=3250034553,1709045111,2014892510,4104185692
dimwishlist:item=3946054154&perks=3250034553,1709045111,2014892510,3007133316
dimwishlist:item=3946054154&perks=3250034553,1709045111,3978468247,3081867624
dimwishlist:item=3946054154&perks=3250034553,1709045111,3978468247,2963273944
dimwishlist:item=3946054154&perks=3250034553,1709045111,3978468247,4104185692
dimwishlist:item=3946054154&perks=3250034553,1709045111,3978468247,3007133316
dimwishlist:item=3946054154&perks=3250034553,1709045111,906981559,3081867624
dimwishlist:item=3946054154&perks=3250034553,1709045111,906981559,2963273944
dimwishlist:item=3946054154&perks=3250034553,1709045111,906981559,4104185692
dimwishlist:item=3946054154&perks=3250034553,1709045111,906981559,3007133316
dimwishlist:item=3946054154&perks=3250034553,679225683,3017780555,3081867624
dimwishlist:item=3946054154&perks=3250034553,679225683,3017780555,2963273944
dimwishlist:item=3946054154&perks=3250034553,679225683,3017780555,4104185692
dimwishlist:item=3946054154&perks=3250034553,679225683,3017780555,3007133316
dimwishlist:item=3946054154&perks=3250034553,679225683,4223976499,3081867624
dimwishlist:item=3946054154&perks=3250034553,679225683,4223976499,2963273944
dimwishlist:item=3946054154&perks=3250034553,679225683,4223976499,4104185692
dimwishlist:item=3946054154&perks=3250034553,679225683,4223976499,3007133316
dimwishlist:item=3946054154&perks=3250034553,679225683,1428297954,3081867624
dimwishlist:item=3946054154&perks=3250034553,679225683,1428297954,2963273944
dimwishlist:item=3946054154&perks=3250034553,679225683,1428297954,4104185692
dimwishlist:item=3946054154&perks=3250034553,679225683,1428297954,3007133316
dimwishlist:item=3946054154&perks=3250034553,679225683,2014892510,3081867624
dimwishlist:item=3946054154&perks=3250034553,679225683,2014892510,2963273944
dimwishlist:item=3946054154&perks=3250034553,679225683,2014892510,4104185692
dimwishlist:item=3946054154&perks=3250034553,679225683,2014892510,3007133316
dimwishlist:item=3946054154&perks=3250034553,679225683,3978468247,3081867624
dimwishlist:item=3946054154&perks=3250034553,679225683,3978468247,2963273944
dimwishlist:item=3946054154&perks=3250034553,679225683,3978468247,4104185692
dimwishlist:item=3946054154&perks=3250034553,679225683,3978468247,3007133316
dimwishlist:item=3946054154&perks=3250034553,679225683,906981559,3081867624
dimwishlist:item=3946054154&perks=3250034553,679225683,906981559,2963273944
dimwishlist:item=3946054154&perks=3250034553,679225683,906981559,4104185692
dimwishlist:item=3946054154&perks=3250034553,679225683,906981559,3007133316
dimwishlist:item=3946054154&perks=3250034553,1807273211,3017780555,3081867624
dimwishlist:item=3946054154&perks=3250034553,1807273211,3017780555,2963273944
dimwishlist:item=3946054154&perks=3250034553,1807273211,3017780555,4104185692
dimwishlist:item=3946054154&perks=3250034553,1807273211,3017780555,3007133316
dimwishlist:item=3946054154&perks=3250034553,1807273211,4223976499,3081867624
dimwishlist:item=3946054154&perks=3250034553,1807273211,4223976499,2963273944
dimwishlist:item=3946054154&perks=3250034553,1807273211,4223976499,4104185692
dimwishlist:item=3946054154&perks=3250034553,1807273211,4223976499,3007133316
dimwishlist:item=3946054154&perks=3250034553,1807273211,1428297954,3081867624
dimwishlist:item=3946054154&perks=3250034553,1807273211,1428297954,2963273944
dimwishlist:item=3946054154&perks=3250034553,1807273211,1428297954,4104185692
dimwishlist:item=3946054154&perks=3250034553,1807273211,1428297954,3007133316
dimwishlist:item=3946054154&perks=3250034553,1807273211,2014892510,3081867624
dimwishlist:item=3946054154&perks=3250034553,1807273211,2014892510,2963273944
dimwishlist:item=3946054154&perks=3250034553,1807273211,2014892510,4104185692
dimwishlist:item=3946054154&perks=3250034553,1807273211,2014892510,3007133316
dimwishlist:item=3946054154&perks=3250034553,1807273211,3978468247,3081867624
dimwishlist:item=3946054154&perks=3250034553,1807273211,3978468247,2963273944
dimwishlist:item=3946054154&perks=3250034553,1807273211,3978468247,4104185692
dimwishlist:item=3946054154&perks=3250034553,1807273211,3978468247,3007133316
dimwishlist:item=3946054154&perks=3250034553,1807273211,906981559,3081867624
dimwishlist:item=3946054154&perks=3250034553,1807273211,906981559,2963273944
dimwishlist:item=3946054154&perks=3250034553,1807273211,906981559,4104185692
dimwishlist:item=3946054154&perks=3250034553,1807273211,906981559,3007133316
dimwishlist:item=3946054154&perks=3250034553,1885400500,3017780555,3081867624
dimwishlist:item=3946054154&perks=3250034553,1885400500,3017780555,2963273944
dimwishlist:item=3946054154&perks=3250034553,1885400500,3017780555,4104185692
dimwishlist:item=3946054154&perks=3250034553,1885400500,3017780555,3007133316
dimwishlist:item=3946054154&perks=3250034553,1885400500,4223976499,3081867624
dimwishlist:item=3946054154&perks=3250034553,1885400500,4223976499,2963273944
dimwishlist:item=3946054154&perks=3250034553,1885400500,4223976499,4104185692
dimwishlist:item=3946054154&perks=3250034553,1885400500,4223976499,3007133316
dimwishlist:item=3946054154&perks=3250034553,1885400500,1428297954,3081867624
dimwishlist:item=3946054154&perks=3250034553,1885400500,1428297954,2963273944
dimwishlist:item=3946054154&perks=3250034553,1885400500,1428297954,4104185692
dimwishlist:item=3946054154&perks=3250034553,1885400500,1428297954,3007133316
dimwishlist:item=3946054154&perks=3250034553,1885400500,2014892510,3081867624
dimwishlist:item=3946054154&perks=3250034553,1885400500,2014892510,2963273944
dimwishlist:item=3946054154&perks=3250034553,1885400500,2014892510,4104185692
dimwishlist:item=3946054154&perks=3250034553,1885400500,2014892510,3007133316
dimwishlist:item=3946054154&perks=3250034553,1885400500,3978468247,3081867624
dimwishlist:item=3946054154&perks=3250034553,1885400500,3978468247,2963273944
dimwishlist:item=3946054154&perks=3250034553,1885400500,3978468247,4104185692
dimwishlist:item=3946054154&perks=3250034553,1885400500,3978468247,3007133316
dimwishlist:item=3946054154&perks=3250034553,1885400500,906981559,3081867624
dimwishlist:item=3946054154&perks=3250034553,1885400500,906981559,2963273944
dimwishlist:item=3946054154&perks=3250034553,1885400500,906981559,4104185692
dimwishlist:item=3946054154&perks=3250034553,1885400500,906981559,3007133316
dimwishlist:item=3946054154&perks=3250034553,1968098204,3017780555,3081867624
dimwishlist:item=3946054154&perks=3250034553,1968098204,3017780555,2963273944
dimwishlist:item=3946054154&perks=3250034553,1968098204,3017780555,4104185692
dimwishlist:item=3946054154&perks=3250034553,1968098204,3017780555,3007133316
dimwishlist:item=3946054154&perks=3250034553,1968098204,4223976499,3081867624
dimwishlist:item=3946054154&perks=3250034553,1968098204,4223976499,2963273944
dimwishlist:item=3946054154&perks=3250034553,1968098204,4223976499,4104185692
dimwishlist:item=3946054154&perks=3250034553,1968098204,4223976499,3007133316
dimwishlist:item=3946054154&perks=3250034553,1968098204,1428297954,3081867624
dimwishlist:item=3946054154&perks=3250034553,1968098204,1428297954,2963273944
dimwishlist:item=3946054154&perks=3250034553,1968098204,1428297954,4104185692
dimwishlist:item=3946054154&perks=3250034553,1968098204,1428297954,3007133316
dimwishlist:item=3946054154&perks=3250034553,1968098204,2014892510,3081867624
dimwishlist:item=3946054154&perks=3250034553,1968098204,2014892510,2963273944
dimwishlist:item=3946054154&perks=3250034553,1968098204,2014892510,4104185692
dimwishlist:item=3946054154&perks=3250034553,1968098204,2014892510,3007133316
dimwishlist:item=3946054154&perks=3250034553,1968098204,3978468247,3081867624
dimwishlist:item=3946054154&perks=3250034553,1968098204,3978468247,2963273944
dimwishlist:item=3946054154&perks=3250034553,1968098204,3978468247,4104185692
dimwishlist:item=3946054154&perks=3250034553,1968098204,3978468247,3007133316
dimwishlist:item=3946054154&perks=3250034553,1968098204,906981559,3081867624
dimwishlist:item=3946054154&perks=3250034553,1968098204,906981559,2963273944
dimwishlist:item=3946054154&perks=3250034553,1968098204,906981559,4104185692
dimwishlist:item=3946054154&perks=3250034553,1968098204,906981559,3007133316
dimwishlist:item=3946054154&perks=1147230557,3230963543,3017780555,3081867624
dimwishlist:item=3946054154&perks=1147230557,3230963543,3017780555,2963273944
dimwishlist:item=3946054154&perks=1147230557,3230963543,3017780555,4104185692
dimwishlist:item=3946054154&perks=1147230557,3230963543,3017780555,3007133316
dimwishlist:item=3946054154&perks=1147230557,3230963543,4223976499,3081867624
dimwishlist:item=3946054154&perks=1147230557,3230963543,4223976499,2963273944
dimwishlist:item=3946054154&perks=1147230557,3230963543,4223976499,4104185692
dimwishlist:item=3946054154&perks=1147230557,3230963543,4223976499,3007133316
dimwishlist:item=3946054154&perks=1147230557,3230963543,1428297954,3081867624
dimwishlist:item=3946054154&perks=1147230557,3230963543,1428297954,2963273944
dimwishlist:item=3946054154&perks=1147230557,3230963543,1428297954,4104185692
dimwishlist:item=3946054154&perks=1147230557,3230963543,1428297954,3007133316
dimwishlist:item=3946054154&perks=1147230557,3230963543,2014892510,3081867624
dimwishlist:item=3946054154&perks=1147230557,3230963543,2014892510,2963273944
dimwishlist:item=3946054154&perks=1147230557,3230963543,2014892510,4104185692
dimwishlist:item=3946054154&perks=1147230557,3230963543,2014892510,3007133316
dimwishlist:item=3946054154&perks=1147230557,3230963543,3978468247,3081867624
dimwishlist:item=3946054154&perks=1147230557,3230963543,3978468247,2963273944
dimwishlist:item=3946054154&perks=1147230557,3230963543,3978468247,4104185692
dimwishlist:item=3946054154&perks=1147230557,3230963543,3978468247,3007133316
dimwishlist:item=3946054154&perks=1147230557,3230963543,906981559,3081867624
dimwishlist:item=3946054154&perks=1147230557,3230963543,906981559,2963273944
dimwishlist:item=3946054154&perks=1147230557,3230963543,906981559,4104185692
dimwishlist:item=3946054154&perks=1147230557,3230963543,906981559,3007133316
dimwishlist:item=3946054154&perks=1147230557,1709045111,3017780555,3081867624
dimwishlist:item=3946054154&perks=1147230557,1709045111,3017780555,2963273944
dimwishlist:item=3946054154&perks=1147230557,1709045111,3017780555,4104185692
dimwishlist:item=3946054154&perks=1147230557,1709045111,3017780555,3007133316
dimwishlist:item=3946054154&perks=1147230557,1709045111,4223976499,3081867624
dimwishlist:item=3946054154&perks=1147230557,1709045111,4223976499,2963273944
dimwishlist:item=3946054154&perks=1147230557,1709045111,4223976499,4104185692
dimwishlist:item=3946054154&perks=1147230557,1709045111,4223976499,3007133316
dimwishlist:item=3946054154&perks=1147230557,1709045111,1428297954,3081867624
dimwishlist:item=3946054154&perks=1147230557,1709045111,1428297954,2963273944
dimwishlist:item=3946054154&perks=1147230557,1709045111,1428297954,4104185692
dimwishlist:item=3946054154&perks=1147230557,1709045111,1428297954,3007133316
dimwishlist:item=3946054154&perks=1147230557,1709045111,2014892510,3081867624
dimwishlist:item=3946054154&perks=1147230557,1709045111,2014892510,2963273944
dimwishlist:item=3946054154&perks=1147230557,1709045111,2014892510,4104185692
dimwishlist:item=3946054154&perks=1147230557,1709045111,2014892510,3007133316
dimwishlist:item=3946054154&perks=1147230557,1709045111,3978468247,3081867624
dimwishlist:item=3946054154&perks=1147230557,1709045111,3978468247,2963273944
dimwishlist:item=3946054154&perks=1147230557,1709045111,3978468247,4104185692
dimwishlist:item=3946054154&perks=1147230557,1709045111,3978468247,3007133316
dimwishlist:item=3946054154&perks=1147230557,1709045111,906981559,3081867624
dimwishlist:item=3946054154&perks=1147230557,1709045111,906981559,2963273944
dimwishlist:item=3946054154&perks=1147230557,1709045111,906981559,4104185692
dimwishlist:item=3946054154&perks=1147230557,1709045111,906981559,3007133316
dimwishlist:item=3946054154&perks=1147230557,679225683,3017780555,3081867624
dimwishlist:item=3946054154&perks=1147230557,679225683,3017780555,2963273944
dimwishlist:item=3946054154&perks=1147230557,679225683,3017780555,4104185692
dimwishlist:item=3946054154&perks=1147230557,679225683,3017780555,3007133316
dimwishlist:item=3946054154&perks=1147230557,679225683,4223976499,3081867624
dimwishlist:item=3946054154&perks=1147230557,679225683,4223976499,2963273944
dimwishlist:item=3946054154&perks=1147230557,679225683,4223976499,4104185692
dimwishlist:item=3946054154&perks=1147230557,679225683,4223976499,3007133316
dimwishlist:item=3946054154&perks=1147230557,679225683,1428297954,3081867624
dimwishlist:item=3946054154&perks=1147230557,679225683,1428297954,2963273944
dimwishlist:item=3946054154&perks=1147230557,679225683,1428297954,4104185692
dimwishlist:item=3946054154&perks=1147230557,679225683,1428297954,3007133316
dimwishlist:item=3946054154&perks=1147230557,679225683,2014892510,3081867624
dimwishlist:item=3946054154&perks=1147230557,679225683,2014892510,2963273944
dimwishlist:item=3946054154&perks=1147230557,679225683,2014892510,4104185692
dimwishlist:item=3946054154&perks=1147230557,679225683,2014892510,3007133316
dimwishlist:item=3946054154&perks=1147230557,679225683,3978468247,3081867624
dimwishlist:item=3946054154&perks=1147230557,679225683,3978468247,2963273944
dimwishlist:item=3946054154&perks=1147230557,679225683,3978468247,4104185692
dimwishlist:item=3946054154&perks=1147230557,679225683,3978468247,3007133316
dimwishlist:item=3946054154&perks=1147230557,679225683,906981559,3081867624
dimwishlist:item=3946054154&perks=1147230557,679225683,906981559,2963273944
dimwishlist:item=3946054154&perks=1147230557,679225683,906981559,4104185692
dimwishlist:item=3946054154&perks=1147230557,679225683,906981559,3007133316
dimwishlist:item=3946054154&perks=1147230557,1807273211,3017780555,3081867624
dimwishlist:item=3946054154&perks=1147230557,1807273211,3017780555,2963273944
dimwishlist:item=3946054154&perks=1147230557,1807273211,3017780555,4104185692
dimwishlist:item=3946054154&perks=1147230557,1807273211,3017780555,3007133316
dimwishlist:item=3946054154&perks=1147230557,1807273211,4223976499,3081867624
dimwishlist:item=3946054154&perks=1147230557,1807273211,4223976499,2963273944
dimwishlist:item=3946054154&perks=1147230557,1807273211,4223976499,4104185692
dimwishlist:item=3946054154&perks=1147230557,1807273211,4223976499,3007133316
dimwishlist:item=3946054154&perks=1147230557,1807273211,1428297954,3081867624
dimwishlist:item=3946054154&perks=1147230557,1807273211,1428297954,2963273944
dimwishlist:item=3946054154&perks=1147230557,1807273211,1428297954,4104185692
dimwishlist:item=3946054154&perks=1147230557,1807273211,1428297954,3007133316
dimwishlist:item=3946054154&perks=1147230557,1807273211,2014892510,3081867624
dimwishlist:item=3946054154&perks=1147230557,1807273211,2014892510,2963273944
dimwishlist:item=3946054154&perks=1147230557,1807273211,2014892510,4104185692
dimwishlist:item=3946054154&perks=1147230557,1807273211,2014892510,3007133316
dimwishlist:item=3946054154&perks=1147230557,1807273211,3978468247,3081867624
dimwishlist:item=3946054154&perks=1147230557,1807273211,3978468247,2963273944
dimwishlist:item=3946054154&perks=1147230557,1807273211,3978468247,4104185692
dimwishlist:item=3946054154&perks=1147230557,1807273211,3978468247,3007133316
dimwishlist:item=3946054154&perks=1147230557,1807273211,906981559,3081867624
dimwishlist:item=3946054154&perks=1147230557,1807273211,906981559,2963273944
dimwishlist:item=3946054154&perks=1147230557,1807273211,906981559,4104185692
dimwishlist:item=3946054154&perks=1147230557,1807273211,906981559,3007133316
dimwishlist:item=3946054154&perks=1147230557,1885400500,3017780555,3081867624
dimwishlist:item=3946054154&perks=1147230557,1885400500,3017780555,2963273944
dimwishlist:item=3946054154&perks=1147230557,1885400500,3017780555,4104185692
dimwishlist:item=3946054154&perks=1147230557,1885400500,3017780555,3007133316
dimwishlist:item=3946054154&perks=1147230557,1885400500,4223976499,3081867624
dimwishlist:item=3946054154&perks=1147230557,1885400500,4223976499,2963273944
dimwishlist:item=3946054154&perks=1147230557,1885400500,4223976499,4104185692
dimwishlist:item=3946054154&perks=1147230557,1885400500,4223976499,3007133316
dimwishlist:item=3946054154&perks=1147230557,1885400500,1428297954,3081867624
dimwishlist:item=3946054154&perks=1147230557,1885400500,1428297954,2963273944
dimwishlist:item=3946054154&perks=1147230557,1885400500,1428297954,4104185692
dimwishlist:item=3946054154&perks=1147230557,1885400500,1428297954,3007133316
dimwishlist:item=3946054154&perks=1147230557,1885400500,2014892510,3081867624
dimwishlist:item=3946054154&perks=1147230557,1885400500,2014892510,2963273944
dimwishlist:item=3946054154&perks=1147230557,1885400500,2014892510,4104185692
dimwishlist:item=3946054154&perks=1147230557,1885400500,2014892510,3007133316
dimwishlist:item=3946054154&perks=1147230557,1885400500,3978468247,3081867624
dimwishlist:item=3946054154&perks=1147230557,1885400500,3978468247,2963273944
dimwishlist:item=3946054154&perks=1147230557,1885400500,3978468247,4104185692
dimwishlist:item=3946054154&perks=1147230557,1885400500,3978468247,3007133316
dimwishlist:item=3946054154&perks=1147230557,1885400500,906981559,3081867624
dimwishlist:item=3946054154&perks=1147230557,1885400500,906981559,2963273944
dimwishlist:item=3946054154&perks=1147230557,1885400500,906981559,4104185692
dimwishlist:item=3946054154&perks=1147230557,1885400500,906981559,3007133316
dimwishlist:item=3946054154&perks=1147230557,1968098204,3017780555,3081867624
dimwishlist:item=3946054154&perks=1147230557,1968098204,3017780555,2963273944
dimwishlist:item=3946054154&perks=1147230557,1968098204,3017780555,4104185692
dimwishlist:item=3946054154&perks=1147230557,1968098204,3017780555,3007133316
dimwishlist:item=3946054154&perks=1147230557,1968098204,4223976499,3081867624
dimwishlist:item=3946054154&perks=1147230557,1968098204,4223976499,2963273944
dimwishlist:item=3946054154&perks=1147230557,1968098204,4223976499,4104185692
dimwishlist:item=3946054154&perks=1147230557,1968098204,4223976499,3007133316
dimwishlist:item=3946054154&perks=1147230557,1968098204,1428297954,3081867624
dimwishlist:item=3946054154&perks=1147230557,1968098204,1428297954,2963273944
dimwishlist:item=3946054154&perks=1147230557,1968098204,1428297954,4104185692
dimwishlist:item=3946054154&perks=1147230557,1968098204,1428297954,3007133316
dimwishlist:item=3946054154&perks=1147230557,1968098204,2014892510,3081867624
dimwishlist:item=3946054154&perks=1147230557,1968098204,2014892510,2963273944
dimwishlist:item=3946054154&perks=1147230557,1968098204,2014892510,4104185692
dimwishlist:item=3946054154&perks=1147230557,1968098204,2014892510,3007133316
dimwishlist:item=3946054154&perks=1147230557,1968098204,3978468247,3081867624
dimwishlist:item=3946054154&perks=1147230557,1968098204,3978468247,2963273944
dimwishlist:item=3946054154&perks=1147230557,1968098204,3978468247,4104185692
dimwishlist:item=3946054154&perks=1147230557,1968098204,3978468247,3007133316
dimwishlist:item=3946054154&perks=1147230557,1968098204,906981559,3081867624
dimwishlist:item=3946054154&perks=1147230557,1968098204,906981559,2963273944
dimwishlist:item=3946054154&perks=1147230557,1968098204,906981559,4104185692
dimwishlist:item=3946054154&perks=1147230557,1968098204,906981559,3007133316
dimwishlist:item=3946054154&perks=1482024992,3230963543,3017780555,3081867624
dimwishlist:item=3946054154&perks=1482024992,3230963543,3017780555,2963273944
dimwishlist:item=3946054154&perks=1482024992,3230963543,3017780555,4104185692
dimwishlist:item=3946054154&perks=1482024992,3230963543,3017780555,3007133316
dimwishlist:item=3946054154&perks=1482024992,3230963543,4223976499,3081867624
dimwishlist:item=3946054154&perks=1482024992,3230963543,4223976499,2963273944
dimwishlist:item=3946054154&perks=1482024992,3230963543,4223976499,4104185692
dimwishlist:item=3946054154&perks=1482024992,3230963543,4223976499,3007133316
dimwishlist:item=3946054154&perks=1482024992,3230963543,1428297954,3081867624
dimwishlist:item=3946054154&perks=1482024992,3230963543,1428297954,2963273944
dimwishlist:item=3946054154&perks=1482024992,3230963543,1428297954,4104185692
dimwishlist:item=3946054154&perks=1482024992,3230963543,1428297954,3007133316
dimwishlist:item=3946054154&perks=1482024992,3230963543,2014892510,3081867624
dimwishlist:item=3946054154&perks=1482024992,3230963543,2014892510,2963273944
dimwishlist:item=3946054154&perks=1482024992,3230963543,2014892510,4104185692
dimwishlist:item=3946054154&perks=1482024992,3230963543,2014892510,3007133316
dimwishlist:item=3946054154&perks=1482024992,3230963543,3978468247,3081867624
dimwishlist:item=3946054154&perks=1482024992,3230963543,3978468247,2963273944
dimwishlist:item=3946054154&perks=1482024992,3230963543,3978468247,4104185692
dimwishlist:item=3946054154&perks=1482024992,3230963543,3978468247,3007133316
dimwishlist:item=3946054154&perks=1482024992,3230963543,906981559,3081867624
dimwishlist:item=3946054154&perks=1482024992,3230963543,906981559,2963273944
dimwishlist:item=3946054154&perks=1482024992,3230963543,906981559,4104185692
dimwishlist:item=3946054154&perks=1482024992,3230963543,906981559,3007133316
dimwishlist:item=3946054154&perks=1482024992,1709045111,3017780555,3081867624
dimwishlist:item=3946054154&perks=1482024992,1709045111,3017780555,2963273944
dimwishlist:item=3946054154&perks=1482024992,1709045111,3017780555,4104185692
dimwishlist:item=3946054154&perks=1482024992,1709045111,3017780555,3007133316
dimwishlist:item=3946054154&perks=1482024992,1709045111,4223976499,3081867624
dimwishlist:item=3946054154&perks=1482024992,1709045111,4223976499,2963273944
dimwishlist:item=3946054154&perks=1482024992,1709045111,4223976499,4104185692
dimwishlist:item=3946054154&perks=1482024992,1709045111,4223976499,3007133316
dimwishlist:item=3946054154&perks=1482024992,1709045111,1428297954,3081867624
dimwishlist:item=3946054154&perks=1482024992,1709045111,1428297954,2963273944
dimwishlist:item=3946054154&perks=1482024992,1709045111,1428297954,4104185692
dimwishlist:item=3946054154&perks=1482024992,1709045111,1428297954,3007133316
dimwishlist:item=3946054154&perks=1482024992,1709045111,2014892510,3081867624
dimwishlist:item=3946054154&perks=1482024992,1709045111,2014892510,2963273944
dimwishlist:item=3946054154&perks=1482024992,1709045111,2014892510,4104185692
dimwishlist:item=3946054154&perks=1482024992,1709045111,2014892510,3007133316
dimwishlist:item=3946054154&perks=1482024992,1709045111,3978468247,3081867624
dimwishlist:item=3946054154&perks=1482024992,1709045111,3978468247,2963273944
dimwishlist:item=3946054154&perks=1482024992,1709045111,3978468247,4104185692
dimwishlist:item=3946054154&perks=1482024992,1709045111,3978468247,3007133316
dimwishlist:item=3946054154&perks=1482024992,1709045111,906981559,3081867624
dimwishlist:item=3946054154&perks=1482024992,1709045111,906981559,2963273944
dimwishlist:item=3946054154&perks=1482024992,1709045111,906981559,4104185692
dimwishlist:item=3946054154&perks=1482024992,1709045111,906981559,3007133316
dimwishlist:item=3946054154&perks=1482024992,679225683,3017780555,3081867624
dimwishlist:item=3946054154&perks=1482024992,679225683,3017780555,2963273944
dimwishlist:item=3946054154&perks=1482024992,679225683,3017780555,4104185692
dimwishlist:item=3946054154&perks=1482024992,679225683,3017780555,3007133316
dimwishlist:item=3946054154&perks=1482024992,679225683,4223976499,3081867624
dimwishlist:item=3946054154&perks=1482024992,679225683,4223976499,2963273944
dimwishlist:item=3946054154&perks=1482024992,679225683,4223976499,4104185692
dimwishlist:item=3946054154&perks=1482024992,679225683,4223976499,3007133316
dimwishlist:item=3946054154&perks=1482024992,679225683,1428297954,3081867624
dimwishlist:item=3946054154&perks=1482024992,679225683,1428297954,2963273944
dimwishlist:item=3946054154&perks=1482024992,679225683,1428297954,4104185692
dimwishlist:item=3946054154&perks=1482024992,679225683,1428297954,3007133316
dimwishlist:item=3946054154&perks=1482024992,679225683,2014892510,3081867624
dimwishlist:item=3946054154&perks=1482024992,679225683,2014892510,2963273944
dimwishlist:item=3946054154&perks=1482024992,679225683,2014892510,4104185692
dimwishlist:item=3946054154&perks=1482024992,679225683,2014892510,3007133316
dimwishlist:item=3946054154&perks=1482024992,679225683,3978468247,3081867624
dimwishlist:item=3946054154&perks=1482024992,679225683,3978468247,2963273944
dimwishlist:item=3946054154&perks=1482024992,679225683,3978468247,4104185692
dimwishlist:item=3946054154&perks=1482024992,679225683,3978468247,3007133316
dimwishlist:item=3946054154&perks=1482024992,679225683,906981559,3081867624
dimwishlist:item=3946054154&perks=1482024992,679225683,906981559,2963273944
dimwishlist:item=3946054154&perks=1482024992,679225683,906981559,4104185692
dimwishlist:item=3946054154&perks=1482024992,679225683,906981559,3007133316
dimwishlist:item=3946054154&perks=1482024992,1807273211,3017780555,3081867624
dimwishlist:item=3946054154&perks=1482024992,1807273211,3017780555,2963273944
dimwishlist:item=3946054154&perks=1482024992,1807273211,3017780555,4104185692
dimwishlist:item=3946054154&perks=1482024992,1807273211,3017780555,3007133316
dimwishlist:item=3946054154&perks=1482024992,1807273211,4223976499,3081867624
dimwishlist:item=3946054154&perks=1482024992,1807273211,4223976499,2963273944
dimwishlist:item=3946054154&perks=1482024992,1807273211,4223976499,4104185692
dimwishlist:item=3946054154&perks=1482024992,1807273211,4223976499,3007133316
dimwishlist:item=3946054154&perks=1482024992,1807273211,1428297954,3081867624
dimwishlist:item=3946054154&perks=1482024992,1807273211,1428297954,2963273944
dimwishlist:item=3946054154&perks=1482024992,1807273211,1428297954,4104185692
dimwishlist:item=3946054154&perks=1482024992,1807273211,1428297954,3007133316
dimwishlist:item=3946054154&perks=1482024992,1807273211,2014892510,3081867624
dimwishlist:item=3946054154&perks=1482024992,1807273211,2014892510,2963273944
dimwishlist:item=3946054154&perks=1482024992,1807273211,2014892510,4104185692
dimwishlist:item=3946054154&perks=1482024992,1807273211,2014892510,3007133316
dimwishlist:item=3946054154&perks=1482024992,1807273211,3978468247,3081867624
dimwishlist:item=3946054154&perks=1482024992,1807273211,3978468247,2963273944
dimwishlist:item=3946054154&perks=1482024992,1807273211,3978468247,4104185692
dimwishlist:item=3946054154&perks=1482024992,1807273211,3978468247,3007133316
dimwishlist:item=3946054154&perks=1482024992,1807273211,906981559,3081867624
dimwishlist:item=3946054154&perks=1482024992,1807273211,906981559,2963273944
dimwishlist:item=3946054154&perks=1482024992,1807273211,906981559,4104185692
dimwishlist:item=3946054154&perks=1482024992,1807273211,906981559,3007133316
dimwishlist:item=3946054154&perks=1482024992,1885400500,3017780555,3081867624
dimwishlist:item=3946054154&perks=1482024992,1885400500,3017780555,2963273944
dimwishlist:item=3946054154&perks=1482024992,1885400500,3017780555,4104185692
dimwishlist:item=3946054154&perks=1482024992,1885400500,3017780555,3007133316
dimwishlist:item=3946054154&perks=1482024992,1885400500,4223976499,3081867624
dimwishlist:item=3946054154&perks=1482024992,1885400500,4223976499,2963273944
dimwishlist:item=3946054154&perks=1482024992,1885400500,4223976499,4104185692
dimwishlist:item=3946054154&perks=1482024992,1885400500,4223976499,3007133316
dimwishlist:item=3946054154&perks=1482024992,1885400500,1428297954,3081867624
dimwishlist:item=3946054154&perks=1482024992,1885400500,1428297954,2963273944
dimwishlist:item=3946054154&perks=1482024992,1885400500,1428297954,4104185692
dimwishlist:item=3946054154&perks=1482024992,1885400500,1428297954,3007133316
dimwishlist:item=3946054154&perks=1482024992,1885400500,2014892510,3081867624
dimwishlist:item=3946054154&perks=1482024992,1885400500,2014892510,2963273944
dimwishlist:item=3946054154&perks=1482024992,1885400500,2014892510,4104185692
dimwishlist:item=3946054154&perks=1482024992,1885400500,2014892510,3007133316
dimwishlist:item=3946054154&perks=1482024992,1885400500,3978468247,3081867624
dimwishlist:item=3946054154&perks=1482024992,1885400500,3978468247,2963273944
dimwishlist:item=3946054154&perks=1482024992,1885400500,3978468247,4104185692
dimwishlist:item=3946054154&perks=1482024992,1885400500,3978468247,3007133316
dimwishlist:item=3946054154&perks=1482024992,1885400500,906981559,3081867624
dimwishlist:item=3946054154&perks=1482024992,1885400500,906981559,2963273944
dimwishlist:item=3946054154&perks=1482024992,1885400500,906981559,4104185692
dimwishlist:item=3946054154&perks=1482024992,1885400500,906981559,3007133316
dimwishlist:item=3946054154&perks=1482024992,1968098204,3017780555,3081867624
dimwishlist:item=3946054154&perks=1482024992,1968098204,3017780555,2963273944
dimwishlist:item=3946054154&perks=1482024992,1968098204,3017780555,4104185692
dimwishlist:item=3946054154&perks=1482024992,1968098204,3017780555,3007133316
dimwishlist:item=3946054154&perks=1482024992,1968098204,4223976499,3081867624
dimwishlist:item=3946054154&perks=1482024992,1968098204,4223976499,2963273944
dimwishlist:item=3946054154&perks=1482024992,1968098204,4223976499,4104185692
dimwishlist:item=3946054154&perks=1482024992,1968098204,4223976499,3007133316
dimwishlist:item=3946054154&perks=1482024992,1968098204,1428297954,3081867624
dimwishlist:item=3946054154&perks=1482024992,1968098204,1428297954,2963273944
dimwishlist:item=3946054154&perks=1482024992,1968098204,1428297954,4104185692
dimwishlist:item=3946054154&perks=1482024992,1968098204,1428297954,3007133316
dimwishlist:item=3946054154&perks=1482024992,1968098204,2014892510,3081867624
dimwishlist:item=3946054154&perks=1482024992,1968098204,2014892510,2963273944
dimwishlist:item=3946054154&perks=1482024992,1968098204,2014892510,4104185692
dimwishlist:item=3946054154&perks=1482024992,1968098204,2014892510,3007133316
dimwishlist:item=3946054154&perks=1482024992,1968098204,3978468247,3081867624
dimwishlist:item=3946054154&perks=1482024992,1968098204,3978468247,2963273944
dimwishlist:item=3946054154&perks=1482024992,1968098204,3978468247,4104185692
dimwishlist:item=3946054154&perks=1482024992,1968098204,3978468247,3007133316
dimwishlist:item=3946054154&perks=1482024992,1968098204,906981559,3081867624
dimwishlist:item=3946054154&perks=1482024992,1968098204,906981559,2963273944
dimwishlist:item=3946054154&perks=1482024992,1968098204,906981559,4104185692
dimwishlist:item=3946054154&perks=1482024992,1968098204,906981559,3007133316
dimwishlist:item=3946054154&perks=2860123632,3230963543,3017780555,3081867624
dimwishlist:item=3946054154&perks=2860123632,3230963543,3017780555,2963273944
dimwishlist:item=3946054154&perks=2860123632,3230963543,3017780555,4104185692
dimwishlist:item=3946054154&perks=2860123632,3230963543,3017780555,3007133316
dimwishlist:item=3946054154&perks=2860123632,3230963543,4223976499,3081867624
dimwishlist:item=3946054154&perks=2860123632,3230963543,4223976499,2963273944
dimwishlist:item=3946054154&perks=2860123632,3230963543,4223976499,4104185692
dimwishlist:item=3946054154&perks=2860123632,3230963543,4223976499,3007133316
dimwishlist:item=3946054154&perks=2860123632,3230963543,1428297954,3081867624
dimwishlist:item=3946054154&perks=2860123632,3230963543,1428297954,2963273944
dimwishlist:item=3946054154&perks=2860123632,3230963543,1428297954,4104185692
dimwishlist:item=3946054154&perks=2860123632,3230963543,1428297954,3007133316
dimwishlist:item=3946054154&perks=2860123632,3230963543,2014892510,3081867624
dimwishlist:item=3946054154&perks=2860123632,3230963543,2014892510,2963273944
dimwishlist:item=3946054154&perks=2860123632,3230963543,2014892510,4104185692
dimwishlist:item=3946054154&perks=2860123632,3230963543,2014892510,3007133316
dimwishlist:item=3946054154&perks=2860123632,3230963543,3978468247,3081867624
dimwishlist:item=3946054154&perks=2860123632,3230963543,3978468247,2963273944
dimwishlist:item=3946054154&perks=2860123632,3230963543,3978468247,4104185692
dimwishlist:item=3946054154&perks=2860123632,3230963543,3978468247,3007133316
dimwishlist:item=3946054154&perks=2860123632,3230963543,906981559,3081867624
dimwishlist:item=3946054154&perks=2860123632,3230963543,906981559,2963273944
dimwishlist:item=3946054154&perks=2860123632,3230963543,906981559,4104185692
dimwishlist:item=3946054154&perks=2860123632,3230963543,906981559,3007133316
dimwishlist:item=3946054154&perks=2860123632,1709045111,3017780555,3081867624
dimwishlist:item=3946054154&perks=2860123632,1709045111,3017780555,2963273944
dimwishlist:item=3946054154&perks=2860123632,1709045111,3017780555,4104185692
dimwishlist:item=3946054154&perks=2860123632,1709045111,3017780555,3007133316
dimwishlist:item=3946054154&perks=2860123632,1709045111,4223976499,3081867624
dimwishlist:item=3946054154&perks=2860123632,1709045111,4223976499,2963273944
dimwishlist:item=3946054154&perks=2860123632,1709045111,4223976499,4104185692
dimwishlist:item=3946054154&perks=2860123632,1709045111,4223976499,3007133316
dimwishlist:item=3946054154&perks=2860123632,1709045111,1428297954,3081867624
dimwishlist:item=3946054154&perks=2860123632,1709045111,1428297954,2963273944
dimwishlist:item=3946054154&perks=2860123632,1709045111,1428297954,4104185692
dimwishlist:item=3946054154&perks=2860123632,1709045111,1428297954,3007133316
dimwishlist:item=3946054154&perks=2860123632,1709045111,2014892510,3081867624
dimwishlist:item=3946054154&perks=2860123632,1709045111,2014892510,2963273944
dimwishlist:item=3946054154&perks=2860123632,1709045111,2014892510,4104185692
dimwishlist:item=3946054154&perks=2860123632,1709045111,2014892510,3007133316
dimwishlist:item=3946054154&perks=2860123632,1709045111,3978468247,3081867624
dimwishlist:item=3946054154&perks=2860123632,1709045111,3978468247,2963273944
dimwishlist:item=3946054154&perks=2860123632,1709045111,3978468247,4104185692
dimwishlist:item=3946054154&perks=2860123632,1709045111,3978468247,3007133316
dimwishlist:item=3946054154&perks=2860123632,1709045111,906981559,3081867624
dimwishlist:item=3946054154&perks=2860123632,1709045111,906981559,2963273944
dimwishlist:item=3946054154&perks=2860123632,1709045111,906981559,4104185692
dimwishlist:item=3946054154&perks=2860123632,1709045111,906981559,3007133316
dimwishlist:item=3946054154&perks=2860123632,679225683,3017780555,3081867624
dimwishlist:item=3946054154&perks=2860123632,679225683,3017780555,2963273944
dimwishlist:item=3946054154&perks=2860123632,679225683,3017780555,4104185692
dimwishlist:item=3946054154&perks=2860123632,679225683,3017780555,3007133316
dimwishlist:item=3946054154&perks=2860123632,679225683,4223976499,3081867624
dimwishlist:item=3946054154&perks=2860123632,679225683,4223976499,2963273944
dimwishlist:item=3946054154&perks=2860123632,679225683,4223976499,4104185692
dimwishlist:item=3946054154&perks=2860123632,679225683,4223976499,3007133316
dimwishlist:item=3946054154&perks=2860123632,679225683,1428297954,3081867624
dimwishlist:item=3946054154&perks=2860123632,679225683,1428297954,2963273944
dimwishlist:item=3946054154&perks=2860123632,679225683,1428297954,4104185692
dimwishlist:item=3946054154&perks=2860123632,679225683,1428297954,3007133316
dimwishlist:item=3946054154&perks=2860123632,679225683,2014892510,3081867624
dimwishlist:item=3946054154&perks=2860123632,679225683,2014892510,2963273944
dimwishlist:item=3946054154&perks=2860123632,679225683,2014892510,4104185692
dimwishlist:item=3946054154&perks=2860123632,679225683,2014892510,3007133316
dimwishlist:item=3946054154&perks=2860123632,679225683,3978468247,3081867624
dimwishlist:item=3946054154&perks=2860123632,679225683,3978468247,2963273944
dimwishlist:item=3946054154&perks=2860123632,679225683,3978468247,4104185692
dimwishlist:item=3946054154&perks=2860123632,679225683,3978468247,3007133316
dimwishlist:item=3946054154&perks=2860123632,679225683,906981559,3081867624
dimwishlist:item=3946054154&perks=2860123632,679225683,906981559,2963273944
dimwishlist:item=3946054154&perks=2860123632,679225683,906981559,4104185692
dimwishlist:item=3946054154&perks=2860123632,679225683,906981559,3007133316
dimwishlist:item=3946054154&perks=2860123632,1807273211,3017780555,3081867624
dimwishlist:item=3946054154&perks=2860123632,1807273211,3017780555,2963273944
dimwishlist:item=3946054154&perks=2860123632,1807273211,3017780555,4104185692
dimwishlist:item=3946054154&perks=2860123632,1807273211,3017780555,3007133316
dimwishlist:item=3946054154&perks=2860123632,1807273211,4223976499,3081867624
dimwishlist:item=3946054154&perks=2860123632,1807273211,4223976499,2963273944
dimwishlist:item=3946054154&perks=2860123632,1807273211,4223976499,4104185692
dimwishlist:item=3946054154&perks=2860123632,1807273211,4223976499,3007133316
dimwishlist:item=3946054154&perks=2860123632,1807273211,1428297954,3081867624
dimwishlist:item=3946054154&perks=2860123632,1807273211,1428297954,2963273944
dimwishlist:item=3946054154&perks=2860123632,1807273211,1428297954,4104185692
dimwishlist:item=3946054154&perks=2860123632,1807273211,1428297954,3007133316
dimwishlist:item=3946054154&perks=2860123632,1807273211,2014892510,3081867624
dimwishlist:item=3946054154&perks=2860123632,1807273211,2014892510,2963273944
dimwishlist:item=3946054154&perks=2860123632,1807273211,2014892510,4104185692
dimwishlist:item=3946054154&perks=2860123632,1807273211,2014892510,3007133316
dimwishlist:item=3946054154&perks=2860123632,1807273211,3978468247,3081867624
dimwishlist:item=3946054154&perks=2860123632,1807273211,3978468247,2963273944
dimwishlist:item=3946054154&perks=2860123632,1807273211,3978468247,4104185692
dimwishlist:item=3946054154&perks=2860123632,1807273211,3978468247,3007133316
dimwishlist:item=3946054154&perks=2860123632,1807273211,906981559,3081867624
dimwishlist:item=3946054154&perks=2860123632,1807273211,906981559,2963273944
dimwishlist:item=3946054154&perks=2860123632,1807273211,906981559,4104185692
dimwishlist:item=3946054154&perks=2860123632,1807273211,906981559,3007133316
dimwishlist:item=3946054154&perks=2860123632,1885400500,3017780555,3081867624
dimwishlist:item=3946054154&perks=2860123632,1885400500,3017780555,2963273944
dimwishlist:item=3946054154&perks=2860123632,1885400500,3017780555,4104185692
dimwishlist:item=3946054154&perks=2860123632,1885400500,3017780555,3007133316
dimwishlist:item=3946054154&perks=2860123632,1885400500,4223976499,3081867624
dimwishlist:item=3946054154&perks=2860123632,1885400500,4223976499,2963273944
dimwishlist:item=3946054154&perks=2860123632,1885400500,4223976499,4104185692
dimwishlist:item=3946054154&perks=2860123632,1885400500,4223976499,3007133316
dimwishlist:item=3946054154&perks=2860123632,1885400500,1428297954,3081867624
dimwishlist:item=3946054154&perks=2860123632,1885400500,1428297954,2963273944
dimwishlist:item=3946054154&perks=2860123632,1885400500,1428297954,4104185692
dimwishlist:item=3946054154&perks=2860123632,1885400500,1428297954,3007133316
dimwishlist:item=3946054154&perks=2860123632,1885400500,2014892510,3081867624
dimwishlist:item=3946054154&perks=2860123632,1885400500,2014892510,2963273944
dimwishlist:item=3946054154&perks=2860123632,1885400500,2014892510,4104185692
dimwishlist:item=3946054154&perks=2860123632,1885400500,2014892510,3007133316
dimwishlist:item=3946054154&perks=2860123632,1885400500,3978468247,3081867624
dimwishlist:item=3946054154&perks=2860123632,1885400500,3978468247,2963273944
dimwishlist:item=3946054154&perks=2860123632,1885400500,3978468247,4104185692
dimwishlist:item=3946054154&perks=2860123632,1885400500,3978468247,3007133316
dimwishlist:item=3946054154&perks=2860123632,1885400500,906981559,3081867624
dimwishlist:item=3946054154&perks=2860123632,1885400500,906981559,2963273944
dimwishlist:item=3946054154&perks=2860123632,1885400500,906981559,4104185692
dimwishlist:item=3946054154&perks=2860123632,1885400500,906981559,3007133316
dimwishlist:item=3946054154&perks=2860123632,1968098204,3017780555,3081867624
dimwishlist:item=3946054154&perks=2860123632,1968098204,3017780555,2963273944
dimwishlist:item=3946054154&perks=2860123632,1968098204,3017780555,4104185692
dimwishlist:item=3946054154&perks=2860123632,1968098204,3017780555,3007133316
dimwishlist:item=3946054154&perks=2860123632,1968098204,4223976499,3081867624
dimwishlist:item=3946054154&perks=2860123632,1968098204,4223976499,2963273944
dimwishlist:item=3946054154&perks=2860123632,1968098204,4223976499,4104185692
dimwishlist:item=3946054154&perks=2860123632,1968098204,4223976499,3007133316
dimwishlist:item=3946054154&perks=2860123632,1968098204,1428297954,3081867624
dimwishlist:item=3946054154&perks=2860123632,1968098204,1428297954,2963273944
dimwishlist:item=3946054154&perks=2860123632,1968098204,1428297954,4104185692
dimwishlist:item=3946054154&perks=2860123632,1968098204,1428297954,3007133316
dimwishlist:item=3946054154&perks=2860123632,1968098204,2014892510,3081867624
dimwishlist:item=3946054154&perks=2860123632,1968098204,2014892510,2963273944
dimwishlist:item=3946054154&perks=2860123632,1968098204,2014892510,4104185692
dimwishlist:item=3946054154&perks=2860123632,1968098204,2014892510,3007133316
dimwishlist:item=3946054154&perks=2860123632,1968098204,3978468247,3081867624
dimwishlist:item=3946054154&perks=2860123632,1968098204,3978468247,2963273944
dimwishlist:item=3946054154&perks=2860123632,1968098204,3978468247,4104185692
dimwishlist:item=3946054154&perks=2860123632,1968098204,3978468247,3007133316
dimwishlist:item=3946054154&perks=2860123632,1968098204,906981559,3081867624
dimwishlist:item=3946054154&perks=2860123632,1968098204,906981559,2963273944
dimwishlist:item=3946054154&perks=2860123632,1968098204,906981559,4104185692
dimwishlist:item=3946054154&perks=2860123632,1968098204,906981559,3007133316


// MIDA Mini-Tool - PERKS PVP (god-pvp,pvp)
//notes: MW=RELOAD>RANGE>STABILITY>HANDLING tags:god-pvp,pvp
dimwishlist:item=3946054154&perks=3017780555,3081867624
dimwishlist:item=3946054154&perks=3017780555,2963273944
dimwishlist:item=3946054154&perks=3017780555,4104185692
dimwishlist:item=3946054154&perks=3017780555,3007133316
dimwishlist:item=3946054154&perks=4223976499,3081867624
dimwishlist:item=3946054154&perks=4223976499,2963273944
dimwishlist:item=3946054154&perks=4223976499,4104185692
dimwishlist:item=3946054154&perks=4223976499,3007133316
dimwishlist:item=3946054154&perks=1428297954,3081867624
dimwishlist:item=3946054154&perks=1428297954,2963273944
dimwishlist:item=3946054154&perks=1428297954,4104185692
dimwishlist:item=3946054154&perks=1428297954,3007133316
dimwishlist:item=3946054154&perks=2014892510,3081867624
dimwishlist:item=3946054154&perks=2014892510,2963273944
dimwishlist:item=3946054154&perks=2014892510,4104185692
dimwishlist:item=3946054154&perks=2014892510,3007133316
dimwishlist:item=3946054154&perks=3978468247,3081867624
dimwishlist:item=3946054154&perks=3978468247,2963273944
dimwishlist:item=3946054154&perks=3978468247,4104185692
dimwishlist:item=3946054154&perks=3978468247,3007133316
dimwishlist:item=3946054154&perks=906981559,3081867624
dimwishlist:item=3946054154&perks=906981559,2963273944
dimwishlist:item=3946054154&perks=906981559,4104185692
dimwishlist:item=3946054154&perks=906981559,3007133316


